Industry,Job Status,AI Impact Level,Median Salary (USD),Required Education,Experience Required (Years),Job Openings (2024),Projected Openings (2030),Remote Work Ratio (%),Gender Diversity (%),Growth_Rate,Salary_Experience_Ratio,Remote_Impact,Risk_Level
3,2,1,90066,0,3,2324,3838,14,50,1514,22516.5,700,1
4,1,0,50456,2,1,5006,4055,25,10,-951,25228.0,250,0
9,0,2,75335,0,3,2786,3740,62,32,954,18833.75,1984,1
3,2,1,63175,0,3,12635,17291,45,46,4656,15793.75,2070,1
9,0,0,94806,0,3,10174,7916,59,50,-2258,23701.5,2950,2
9,0,0,115466,4,2,988,1327,67,23,339,38488.666666666664,1541,1
9,0,2,97381,0,1,4311,5492,73,26,1181,48690.5,1898,1
3,2,1,145800,1,9,934,1253,25,13,319,14580.0,325,1
9,0,2,98694,0,3,12231,9519,80,61,-2712,24673.5,4880,1
8,1,2,43623,0,1,4111,3211,23,62,-900,21811.5,1426,0
3,2,1,169649,1,7,5057,6370,56,60,1313,21206.125,3360,1
4,2,2,93202,0,2,13702,19364,33,72,5662,31067.333333333332,2376,2
4,1,0,44806,2,4,7424,7525,27,19,101,8961.2,513,0
2,0,2,78756,0,4,3047,2816,35,35,-231,15751.2,1225,0
4,2,2,81268,0,3,6014,9801,44,49,3787,20317.0,2156,2
9,0,0,114151,0,5,6724,11937,73,39,5213,19025.166666666668,2847,1
7,1,2,28588,2,0,14385,16541,0,37,2156,28588.0,0,0
3,2,1,173754,1,8,4833,6194,32,48,1361,19306.0,1536,1
4,1,0,46390,2,1,8027,10254,34,25,2227,23195.0,850,0
9,0,0,96897,0,3,6701,8732,62,50,2031,24224.25,3100,1
1,2,1,54770,4,3,5303,7893,48,31,2590,13692.5,1488,1
6,0,1,152988,1,5,14618,21324,59,84,6706,25498.0,4956,1
3,2,1,158604,1,7,3650,2822,65,45,-828,19825.5,2925,1
9,0,0,119516,4,4,11334,10502,47,72,-832,23903.2,3384,1
4,2,2,81540,0,3,5241,8515,28,63,3274,20385.0,1764,2
0,0,2,90369,3,7,4314,4010,80,59,-304,11296.125,4720,1
8,1,2,34062,0,0,5054,6106,46,49,1052,34062.0,2254,0
3,2,1,93643,0,4,14166,22658,13,56,8492,18728.6,728,1
9,0,0,119210,4,6,6565,7906,83,52,1341,17030.0,4316,1
9,0,2,105722,0,2,11480,12468,72,30,988,35240.666666666664,2160,1
4,1,0,44583,2,2,11699,14450,56,94,2751,14861.0,5264,0
3,2,1,182025,1,5,10903,21810,34,53,10907,30337.5,1802,1
1,2,1,53525,4,6,12446,8866,32,36,-3580,7646.428571428572,1152,1
9,0,0,147588,4,6,8073,9616,63,22,1543,21084.0,1386,1
2,0,2,71454,0,3,10985,13325,39,64,2340,17863.5,2496,2
9,0,2,95585,0,5,11716,16843,89,28,5127,15930.833333333334,2492,1
0,0,2,90253,3,5,13088,19942,35,70,6854,15042.166666666666,2450,1
9,0,2,95083,0,5,13964,21442,87,58,7478,15847.166666666666,5046,1
4,2,2,81653,0,3,5668,7245,34,12,1577,20413.25,408,1
2,0,2,73001,0,2,1584,1162,36,64,-422,24333.666666666668,2304,0
6,0,1,141079,1,5,9792,15902,44,88,6110,23513.166666666668,3872,1
9,0,2,116014,0,6,11238,19381,84,48,8143,16573.428571428572,4032,1
8,1,2,36823,0,3,14994,15103,21,38,109,9205.75,798,0
9,0,0,129850,4,5,4839,8747,40,61,3908,21641.666666666668,2440,1
9,0,2,119192,0,5,12705,14491,56,40,1786,19865.333333333332,2240,1
1,2,1,67355,4,4,4804,5182,18,22,378,13471.0,396,1
8,1,2,47835,0,0,10060,11514,32,46,1454,47835.0,1472,0
7,1,2,38452,2,1,4093,3231,51,34,-862,19226.0,1734,0
1,2,1,55460,4,4,8585,12467,0,33,3882,11092.0,0,1
4,2,2,112802,0,5,1271,1380,36,33,109,18800.333333333332,1188,2
9,0,0,131628,4,4,10780,21663,58,62,10883,26325.6,3596,1
4,2,2,105687,0,4,11649,17514,45,34,5865,21137.4,1530,1
3,2,1,196141,1,8,1540,3823,2,32,2283,21793.444444444445,64,1
8,1,2,45577,0,4,10263,12604,27,45,2341,9115.4,1215,0
1,2,1,59500,4,4,4619,4671,30,79,52,11900.0,2370,1
0,0,2,95865,3,2,688,696,26,59,8,31955.0,1534,2
3,2,1,91366,0,4,14996,12275,22,7,-2721,18273.2,154,1
4,2,2,109120,0,3,4871,3979,49,34,-892,27280.0,1666,2
9,0,0,99146,0,3,5308,4251,62,55,-1057,24786.5,3410,1
9,0,0,149135,4,6,7933,17200,61,41,9267,21305.0,2501,1
4,1,0,46678,2,4,14849,14173,29,32,-676,9335.6,928,0
1,2,1,54681,4,6,12983,15147,48,52,2164,7811.571428571428,2496,1
1,2,1,59554,4,4,2243,1971,36,53,-272,11910.8,1908,1
0,0,2,85554,3,8,10968,14927,42,31,3959,9506.0,1302,2
3,2,1,198842,1,8,3758,2938,33,18,-820,22093.555555555555,594,1
7,1,2,32822,2,0,12992,11619,10,47,-1373,32822.0,470,0
1,2,1,57255,4,7,13257,12562,45,58,-695,7156.875,2610,1
6,0,1,164807,1,8,509,885,32,36,376,18311.88888888889,1152,1
7,1,2,25000,2,3,8505,10490,39,5,1985,6250.0,195,0
9,0,0,98102,0,2,6447,11202,69,45,4755,32700.666666666668,3105,1
9,0,2,89869,0,4,1449,1699,45,64,250,17973.8,2880,1
6,0,1,165895,1,5,9795,14750,29,47,4955,27649.166666666668,1363,1
9,0,0,125566,0,3,12491,17016,88,26,4525,31391.5,2288,1
0,0,2,82255,3,7,1633,1473,50,13,-160,10281.875,650,2
4,2,2,77220,0,0,2560,4106,38,36,1546,77220.0,1368,1
3,2,1,98611,0,5,8287,16030,40,44,7743,16435.166666666668,1760,1
9,0,0,141221,4,4,4842,7086,90,42,2244,28244.2,3780,1
0,0,2,84231,3,3,10438,10734,43,62,296,21057.75,2666,1
9,0,2,83762,0,4,9335,8419,55,19,-916,16752.4,1045,1
4,1,0,43965,2,2,5607,6247,0,48,640,14655.0,0,0
3,2,1,83854,0,3,11147,19485,21,35,8338,20963.5,735,1
5,0,2,55421,0,6,8979,9266,29,40,287,7917.285714285715,1160,2
9,0,0,117610,0,3,4561,5993,52,72,1432,29402.5,3744,1
9,0,0,77570,0,1,6039,6961,53,25,922,38785.0,1325,1
3,2,1,216442,1,9,9575,20303,19,87,10728,21644.2,1653,1
3,2,1,201913,1,7,4108,3818,63,20,-290,25239.125,1260,1
9,0,0,122225,0,5,12097,13637,70,38,1540,20370.833333333332,2660,1
9,0,2,92281,0,3,1604,1393,58,29,-211,23070.25,1682,1
0,0,2,85494,3,3,5913,6444,42,49,531,21373.5,2058,1
1,2,1,56805,4,3,4399,5432,25,58,1033,14201.25,1450,1
3,2,1,67972,0,4,8453,14372,24,50,5919,13594.4,1200,1
1,2,1,36909,4,4,2667,3169,29,15,502,7381.8,435,1
3,2,1,178572,1,6,8244,13674,32,34,5430,25510.285714285714,1088,1
4,2,2,98210,0,5,8249,10687,48,30,2438,16368.333333333334,1440,1
9,0,2,101578,0,3,2045,3215,73,53,1170,25394.5,3869,1
3,2,1,101117,0,3,7562,13111,37,37,5549,25279.25,1369,1
8,1,2,41893,0,1,7235,8433,0,40,1198,20946.5,0,0
0,0,2,94665,3,4,12445,13168,58,38,723,18933.0,2204,1
3,2,1,85187,0,6,11206,11227,30,61,21,12169.57142857143,1830,1
9,0,0,126434,4,2,7096,13636,75,65,6540,42144.666666666664,4875,1
4,2,2,93655,0,3,14617,19295,52,36,4678,23413.75,1872,2
9,0,2,99603,0,2,3639,5389,55,36,1750,33201.0,1980,1
1,2,1,58161,4,5,7850,7643,58,37,-207,9693.5,2146,1
8,1,2,37347,0,3,3506,4027,52,78,521,9336.75,4056,0
5,0,2,58964,0,1,4592,3964,38,28,-628,29482.0,1064,2
5,0,2,46867,0,3,13738,17176,82,58,3438,11716.75,4756,1
9,0,0,116349,0,3,1328,2056,74,20,728,29087.25,1480,1
0,0,2,104245,3,5,741,1170,36,42,429,17374.166666666668,1512,1
6,0,1,140936,1,8,12846,18106,24,64,5260,15659.555555555555,1536,1
9,0,0,125558,4,6,7158,15216,28,21,8058,17936.85714285714,588,1
5,0,2,62380,0,5,4002,3610,14,44,-392,10396.666666666666,616,1
6,0,1,117838,1,8,1460,1656,32,65,196,13093.111111111111,2080,1
8,1,2,38709,0,0,535,406,35,32,-129,38709.0,1120,0
2,0,2,71254,0,1,13346,20129,47,35,6783,35627.0,1645,0
2,0,2,69724,0,2,7430,8978,59,7,1548,23241.333333333332,413,2
3,2,1,72345,0,2,12270,11490,38,30,-780,24115.0,1140,1
9,0,0,117008,4,7,3611,2669,78,43,-942,14626.0,3354,1
9,0,2,95341,0,2,1458,2049,56,53,591,31780.333333333332,2968,1
4,1,0,38400,2,3,9383,7127,49,49,-2256,9600.0,2401,0
4,1,0,46364,2,4,5638,4640,16,39,-998,9272.8,624,0
9,0,0,129891,4,2,10071,12567,47,68,2496,43297.0,3196,1
1,2,1,43429,4,6,14470,14868,9,75,398,6204.142857142857,675,1
9,0,0,138418,4,4,1431,2695,87,38,1264,27683.6,3306,1
9,0,0,127767,0,6,14448,14584,82,41,136,18252.428571428572,3362,1
9,0,0,110243,0,3,10249,9285,40,81,-964,27560.75,3240,1
3,2,1,92319,0,3,14620,10442,44,62,-4178,23079.75,2728,1
8,1,2,47994,0,3,2464,2027,32,51,-437,11998.5,1632,0
9,0,2,67985,0,3,9985,13313,73,19,3328,16996.25,1387,1
9,0,0,111151,4,1,10647,17405,80,82,6758,55575.5,6560,1
8,1,2,38538,0,2,11270,9584,38,47,-1686,12846.0,1786,0
3,2,1,235297,1,7,9065,11799,28,48,2734,29412.125,1344,1
6,0,1,134374,1,9,4772,5830,34,34,1058,13437.4,1156,1
3,2,1,91450,0,5,12234,12892,3,21,658,15241.666666666666,63,1
9,0,2,92420,0,5,4851,7125,72,64,2274,15403.333333333334,4608,1
9,0,0,148509,4,5,11504,12504,42,59,1000,24751.5,2478,1
5,0,2,66044,0,3,5680,8940,31,57,3260,16511.0,1767,1
9,0,0,125424,4,4,8008,8927,44,26,919,25084.8,1144,1
3,2,1,207603,1,7,2138,2709,37,48,571,25950.375,1776,1
1,2,1,61810,4,2,3992,5623,10,57,1631,20603.333333333332,570,1
2,0,2,70394,0,4,2670,2834,22,38,164,14078.8,836,0
6,0,1,132515,1,9,1627,1961,19,39,334,13251.5,741,1
7,1,2,27102,2,0,5169,4282,16,49,-887,27102.0,784,0
5,0,2,77093,0,1,14160,12693,32,86,-1467,38546.5,2752,1
4,1,0,41414,2,3,5456,5497,64,35,41,10353.5,2240,0
4,2,2,83270,0,3,11214,16592,26,38,5378,20817.5,988,1
9,0,0,107396,4,5,11442,10298,88,56,-1144,17899.333333333332,4928,1
2,0,2,71704,0,0,11368,14024,19,38,2656,71704.0,722,0
6,0,1,149807,1,7,2700,3674,54,30,974,18725.875,1620,1
9,0,0,91792,0,1,2253,3532,54,57,1279,45896.0,3078,1
9,0,0,117814,4,0,4962,8029,54,63,3067,117814.0,3402,1
3,2,1,194728,1,10,3950,4663,39,61,713,17702.545454545456,2379,1
9,0,2,99807,0,4,11763,18572,82,66,6809,19961.4,5412,1
1,2,1,64122,4,5,8504,7031,28,32,-1473,10687.0,896,1
6,0,1,148315,1,7,14362,18799,42,45,4437,18539.375,1890,1
9,0,0,92049,0,4,10892,15911,96,49,5019,18409.8,4704,1
0,0,2,80905,3,5,5033,5157,35,48,124,13484.166666666666,1680,1
9,0,0,118303,4,4,5964,6508,63,12,544,23660.6,756,1
3,2,1,94843,0,3,4791,8781,37,51,3990,23710.75,1887,1
4,1,0,53453,2,1,7739,8590,4,22,851,26726.5,88,0
4,1,0,44040,2,2,7507,6249,52,34,-1258,14680.0,1768,0
9,0,0,105795,4,5,2332,4515,65,42,2183,17632.5,2730,1
6,0,1,150638,1,5,11821,12164,64,49,343,25106.333333333332,3136,1
1,2,1,53407,4,5,1090,948,36,62,-142,8901.166666666666,2232,1
3,2,1,172591,1,8,9552,9876,34,53,324,19176.777777777777,1802,1
8,1,2,42734,0,2,2588,3190,18,67,602,14244.666666666666,1206,0
2,0,2,74127,0,1,6474,5261,34,77,-1213,37063.5,2618,2
6,0,1,139325,1,4,6362,4943,6,33,-1419,27865.0,198,1
3,2,1,95156,0,3,4588,3643,34,5,-945,23789.0,170,1
7,1,2,25000,2,2,13281,14373,41,44,1092,8333.333333333334,1804,0
6,0,1,130407,1,6,14831,27941,27,24,13110,18629.571428571428,648,1
3,2,1,212473,1,9,12779,21818,19,40,9039,21247.3,760,1
6,0,1,138552,1,6,4378,3761,21,56,-617,19793.14285714286,1176,1
4,2,2,83831,0,4,13783,11956,39,77,-1827,16766.2,3003,1
6,0,1,146013,1,7,7255,12058,47,35,4803,18251.625,1645,1
9,0,0,156341,4,5,12567,17607,77,38,5040,26056.833333333332,2926,1
4,2,2,92209,0,2,7245,10792,25,83,3547,30736.333333333332,2075,1
2,0,2,84511,0,3,3108,2814,14,35,-294,21127.75,490,0
8,1,2,41015,0,3,14789,17880,33,73,3091,10253.75,2409,0
0,0,2,72497,3,2,8211,13451,6,43,5240,24165.666666666668,258,2
9,0,2,115301,0,1,13878,18346,59,69,4468,57650.5,4071,2
7,1,2,27747,2,1,5500,6015,40,15,515,13873.5,600,0
9,0,2,94425,0,3,887,1100,89,13,213,23606.25,1157,1
8,1,2,38260,0,0,5878,8103,49,64,2225,38260.0,3136,0
0,0,2,77777,3,2,1637,1260,30,21,-377,25925.666666666668,630,1
7,1,2,33586,2,0,11010,10316,46,29,-694,33586.0,1334,0
8,1,2,42499,0,3,11633,12008,57,52,375,10624.75,2964,0
7,1,2,33709,2,1,952,774,29,45,-178,16854.5,1305,0
6,0,1,128449,1,6,4779,8700,16,9,3921,18349.85714285714,144,1
3,2,1,199792,1,8,4849,7363,0,29,2514,22199.11111111111,0,1
9,0,0,115324,0,1,10274,15494,81,79,5220,57662.0,6399,1
7,1,2,29313,2,1,12436,13442,34,62,1006,14656.5,2108,0
8,1,2,41476,0,1,10432,14100,36,66,3668,20738.0,2376,0
9,0,0,118431,0,1,6811,7986,56,63,1175,59215.5,3528,1
9,0,2,92122,0,4,4673,6894,95,62,2221,18424.4,5890,1
4,1,0,51423,2,0,7644,9055,47,68,1411,51423.0,3196,0
1,2,1,53274,4,5,13713,9662,16,19,-4051,8879.0,304,1
3,2,1,101263,0,2,12287,14807,7,21,2520,33754.333333333336,147,1
7,1,2,27836,2,1,7566,8076,22,85,510,13918.0,1870,0
3,2,1,95014,0,3,5909,8123,26,24,2214,23753.5,624,1
7,1,2,25000,2,3,11368,11293,2,55,-75,6250.0,110,0
4,1,0,48211,2,3,5420,6901,30,41,1481,12052.75,1230,0
2,0,2,74645,0,2,11426,10638,17,25,-788,24881.666666666668,425,2
7,1,2,30647,2,3,7092,6178,62,34,-914,7661.75,2108,0
1,2,1,44527,4,4,2585,3218,32,20,633,8905.4,640,1
8,1,2,37113,0,2,11394,12500,60,34,1106,12371.0,2040,0
3,2,1,85649,0,4,12757,18907,37,45,6150,17129.8,1665,1
3,2,1,164836,1,7,9824,17680,55,40,7856,20604.5,2200,1
8,1,2,43606,0,3,9477,8456,22,67,-1021,10901.5,1474,0
2,0,2,64342,0,3,5200,6559,75,54,1359,16085.5,4050,2
8,1,2,36472,0,1,13373,10257,43,42,-3116,18236.0,1806,0
3,2,1,200819,1,11,11226,12545,61,50,1319,16734.916666666668,3050,1
5,0,2,64983,0,3,7738,8232,21,35,494,16245.75,735,2
3,2,1,90803,0,6,4001,4226,15,34,225,12971.857142857143,510,1
5,0,2,63459,0,1,13504,19180,35,16,5676,31729.5,560,1
3,2,1,88374,0,5,1889,2631,13,57,742,14729.0,741,1
1,2,1,67847,4,4,11376,8510,66,46,-2866,13569.4,3036,1
7,1,2,31939,2,0,2030,1645,18,73,-385,31939.0,1314,0
3,2,1,81870,0,5,5585,9684,13,39,4099,13645.0,507,1
4,2,2,103101,0,4,3762,4593,21,35,831,20620.2,735,2
9,0,0,130425,4,4,1257,2038,80,21,781,26085.0,1680,1
5,0,2,50677,0,3,10515,11117,73,60,602,12669.25,4380,1
5,0,2,65243,0,3,7290,10689,34,43,3399,16310.75,1462,1
9,0,2,105477,0,3,12269,19770,80,35,7501,26369.25,2800,1
5,0,2,63156,0,1,7047,9340,28,44,2293,31578.0,1232,1
9,0,0,152591,4,5,11248,10184,100,33,-1064,25431.833333333332,3300,1
6,0,1,148898,1,3,12803,11210,36,41,-1593,37224.5,1476,1
4,2,2,90611,0,4,7465,12435,2,5,4970,18122.2,10,1
9,0,0,139750,4,5,13674,14150,55,66,476,23291.666666666668,3630,1
5,0,2,63335,0,5,1322,994,24,38,-328,10555.833333333334,912,1
9,0,2,86942,0,4,14399,11021,58,45,-3378,17388.4,2610,1
5,0,2,68408,0,4,2684,2618,43,26,-66,13681.6,1118,2
3,2,1,82868,0,3,9202,8769,52,12,-433,20717.0,624,1
3,2,1,191695,1,9,5698,11878,34,37,6180,19169.5,1258,1
3,2,1,179671,1,9,13853,13115,20,48,-738,17967.1,960,1
8,1,2,39926,0,2,14108,10959,0,23,-3149,13308.666666666666,0,0
5,0,2,64687,0,4,3107,3505,19,15,398,12937.4,285,1
5,0,2,76475,0,2,4746,7132,55,16,2386,25491.666666666668,880,1
0,0,2,80851,3,4,10947,14289,51,50,3342,16170.2,2550,1
4,2,2,104058,0,6,13241,10151,13,46,-3090,14865.42857142857,598,2
5,0,2,78432,0,2,10768,8359,36,48,-2409,26144.0,1728,1
2,0,2,58684,0,1,7706,7819,47,36,113,29342.0,1692,0
4,1,0,42645,2,2,5181,6002,22,31,821,14215.0,682,0
2,0,2,58056,0,5,6002,5312,40,56,-690,9676.0,2240,2
6,0,1,160573,1,6,9349,17409,35,61,8060,22939.0,2135,1
9,0,0,135923,4,5,2971,4761,83,29,1790,22653.833333333332,2407,1
8,1,2,41724,0,2,11869,10174,31,9,-1695,13908.0,279,0
4,1,0,56103,2,0,4005,5069,26,48,1064,56103.0,1248,0
8,1,2,39210,0,0,7178,9124,51,50,1946,39210.0,2550,0
1,2,1,53358,4,7,8133,11171,50,26,3038,6669.75,1300,1
9,0,0,132543,4,4,3888,7459,70,33,3571,26508.6,2310,1
8,1,2,37462,0,2,13112,13821,43,86,709,12487.333333333334,3698,0
4,1,0,50807,2,0,820,851,36,51,31,50807.0,1836,0
8,1,2,46190,0,3,8314,6751,30,59,-1563,11547.5,1770,0
7,1,2,26663,2,2,5392,4379,27,52,-1013,8887.666666666666,1404,0
0,0,2,72801,3,5,14192,14725,40,18,533,12133.5,720,2
1,2,1,47698,4,4,12747,17862,20,37,5115,9539.6,740,1
4,2,2,92426,0,5,10383,11333,65,65,950,15404.333333333334,4225,1
5,0,2,60530,0,3,4095,4639,19,48,544,15132.5,912,1
8,1,2,47402,0,5,8456,9237,64,33,781,7900.333333333333,2112,0
8,1,2,43973,0,1,6007,4528,58,36,-1479,21986.5,2088,0
4,1,0,48760,2,3,3204,3758,0,37,554,12190.0,0,0
6,0,1,125114,1,5,2591,2499,32,56,-92,20852.333333333332,1792,1
1,2,1,48240,4,7,941,1137,28,65,196,6030.0,1820,1
3,2,1,173428,1,9,9746,17133,0,24,7387,17342.8,0,1
9,0,0,111859,0,0,11030,11674,88,38,644,111859.0,3344,1
9,0,0,141508,4,4,14702,21297,95,76,6595,28301.6,7220,1
9,0,0,161912,4,4,1323,2495,76,52,1172,32382.4,3952,1
8,1,2,37247,0,2,5863,4387,37,41,-1476,12415.666666666666,1517,0
5,0,2,58151,0,1,5855,8874,19,39,3019,29075.5,741,1
4,2,2,106935,0,3,14912,11372,34,60,-3540,26733.75,2040,1
2,0,2,76189,0,2,12820,9225,39,57,-3595,25396.333333333332,2223,0
2,0,2,70812,0,2,14179,13245,24,22,-934,23604.0,528,0
5,0,2,67289,0,0,817,913,36,30,96,67289.0,1080,1
9,0,0,120271,4,3,6233,6396,60,65,163,30067.75,3900,1
3,2,1,74638,0,4,1624,2952,29,51,1328,14927.6,1479,1
4,2,2,109564,0,3,1008,1194,20,61,186,27391.0,1220,2
9,0,2,68062,0,2,14249,19713,57,70,5464,22687.333333333332,3990,1
3,2,1,181231,1,7,2996,6337,33,30,3341,22653.875,990,1
9,0,0,127179,4,3,8258,15466,43,38,7208,31794.75,1634,1
3,2,1,191046,1,8,4071,8506,34,43,4435,21227.333333333332,1462,1
4,1,0,44025,2,6,4698,3585,53,68,-1113,6289.285714285715,3604,0
9,0,0,125796,4,2,10426,20110,73,64,9684,41932.0,4672,1
4,1,0,42584,2,3,12269,15324,13,62,3055,10646.0,806,0
4,2,2,97088,0,5,13923,22362,27,37,8439,16181.333333333334,999,1
2,0,2,61976,0,3,2271,2489,21,48,218,15494.0,1008,0
9,0,0,128618,4,4,5611,6974,70,52,1363,25723.6,3640,1
3,2,1,83091,0,5,6649,6056,35,77,-593,13848.5,2695,1
4,1,0,46209,2,0,3749,4554,45,68,805,46209.0,3060,0
3,2,1,158258,1,9,11815,18290,32,43,6475,15825.8,1376,1
9,0,0,80431,0,2,11922,10831,87,54,-1091,26810.333333333332,4698,2
0,0,2,82562,3,4,11710,9776,23,58,-1934,16512.4,1334,1
4,2,2,103576,0,1,2483,3827,57,44,1344,51788.0,2508,2
4,2,2,80240,0,4,1172,1612,56,37,440,16048.0,2072,1
1,2,1,58460,4,4,7518,9129,48,79,1611,11692.0,3792,1
9,0,0,96795,0,1,8789,6502,88,58,-2287,48397.5,5104,1
9,0,0,135011,4,2,14419,27098,85,79,12679,45003.666666666664,6715,1
0,0,2,83647,3,3,8531,9702,37,49,1171,20911.75,1813,2
8,1,2,39695,0,1,6434,4693,18,48,-1741,19847.5,864,0
4,1,0,48831,2,1,3006,2631,38,60,-375,24415.5,2280,0
9,0,0,126466,4,5,12522,10950,63,78,-1572,21077.666666666668,4914,1
3,2,1,82720,0,3,4925,3526,1,16,-1399,20680.0,16,1
4,2,2,98415,0,5,9317,6970,19,75,-2347,16402.5,1425,2
5,0,2,64185,0,2,7636,10805,36,31,3169,21395.0,1116,1
2,0,2,70302,0,3,5780,4643,55,54,-1137,17575.5,2970,0
0,0,2,86933,3,6,1919,2286,2,71,367,12419.0,142,1
6,0,1,134086,1,8,7885,9714,39,68,1829,14898.444444444445,2652,1
4,2,2,107711,0,5,8113,7605,17,40,-508,17951.833333333332,680,2
3,2,1,128100,1,8,11447,20389,37,75,8942,14233.333333333334,2775,1
7,1,2,27758,2,1,970,814,27,41,-156,13879.0,1107,0
0,0,2,63907,3,5,5825,5630,12,18,-195,10651.166666666666,216,1
5,0,2,62588,0,1,3975,5653,43,51,1678,31294.0,2193,2
4,2,2,88050,0,2,4732,6232,31,30,1500,29350.0,930,1
2,0,2,79038,0,3,14923,17074,27,20,2151,19759.5,540,2
4,1,0,34966,2,3,14919,16834,31,61,1915,8741.5,1891,0
1,2,1,51811,4,5,666,603,37,32,-63,8635.166666666666,1184,1
9,0,2,98908,0,2,1902,2068,30,27,166,32969.333333333336,810,1
4,1,0,44291,2,2,7158,5354,44,67,-1804,14763.666666666666,2948,0
1,2,1,62636,4,6,12921,9149,3,49,-3772,8948.0,147,1
4,1,0,50146,2,2,8300,9415,36,14,1115,16715.333333333332,504,0
5,0,2,59964,0,7,13491,9974,26,26,-3517,7495.5,676,1
9,0,0,126707,0,1,5320,7888,78,78,2568,63353.5,6084,2
8,1,2,36421,0,0,11834,14819,15,40,2985,36421.0,600,0
2,0,2,72425,0,3,11378,17351,2,11,5973,18106.25,22,2
7,1,2,34216,2,3,8253,8901,49,37,648,8554.0,1813,0
1,2,1,47702,4,4,6132,8658,17,45,2526,9540.4,765,1
4,1,0,44128,2,0,9517,7071,56,30,-2446,44128.0,1680,0
7,1,2,33473,2,3,12015,10819,69,44,-1196,8368.25,3036,0
2,0,2,60368,0,3,5523,8657,26,43,3134,15092.0,1118,0
9,0,2,93992,0,3,2476,2149,37,43,-327,23498.0,1591,1
7,1,2,30824,2,1,2458,2838,51,53,380,15412.0,2703,0
4,2,2,73034,0,2,11807,14657,38,73,2850,24344.666666666668,2774,1
9,0,2,97855,0,3,4045,4115,92,33,70,24463.75,3036,1
2,0,2,68587,0,2,12371,11668,36,62,-703,22862.333333333332,2232,0
4,2,2,70292,0,3,9095,12062,15,39,2967,17573.0,585,1
2,0,2,79248,0,5,2147,2702,26,44,555,13208.0,1144,2
2,0,2,65231,0,0,4227,6626,39,53,2399,65231.0,2067,0
9,0,0,152589,4,5,5452,4920,63,33,-532,25431.5,2079,1
4,1,0,49715,2,1,9251,11920,13,44,2669,24857.5,572,0
2,0,2,55106,0,4,1245,1191,46,49,-54,11021.2,2254,2
1,2,1,39029,4,9,5286,7360,30,50,2074,3902.9,1500,1
3,2,1,90315,0,4,14728,21290,55,42,6562,18063.0,2310,1
9,0,0,123247,0,6,14798,26808,73,38,12010,17606.714285714286,2774,1
3,2,1,204280,1,9,5158,10040,27,65,4882,20428.0,1755,1
5,0,2,60853,0,1,7716,12050,22,54,4334,30426.5,1188,2
9,0,0,146746,4,5,1341,2477,77,57,1136,24457.666666666668,4389,1
0,0,2,97061,3,5,8327,10682,43,29,2355,16176.833333333334,1247,1
0,0,2,83336,3,3,1570,1706,31,46,136,20834.0,1426,1
5,0,2,63948,0,3,1713,1660,45,30,-53,15987.0,1350,1
3,2,1,91724,0,5,11746,8989,32,27,-2757,15287.333333333334,864,1
9,0,0,122632,4,6,2944,6301,58,41,3357,17518.85714285714,2378,1
2,0,2,67778,0,0,1895,1711,36,15,-184,67778.0,540,0
9,0,0,125881,0,1,9643,17033,76,48,7390,62940.5,3648,1
3,2,1,218891,1,9,10266,8512,15,60,-1754,21889.1,900,1
9,0,2,101377,0,4,13208,16459,94,35,3251,20275.4,3290,1
8,1,2,39877,0,0,7881,7084,41,33,-797,39877.0,1353,0
2,0,2,70129,0,4,14592,11037,16,29,-3555,14025.8,464,0
8,1,2,36841,0,1,5503,5239,48,63,-264,18420.5,3024,0
3,2,1,165663,1,7,1486,3474,52,43,1988,20707.875,2236,1
4,1,0,46432,2,1,2125,2117,63,54,-8,23216.0,3402,0
3,2,1,76672,0,4,3957,6684,36,48,2727,15334.4,1728,1
3,2,1,78699,0,3,1830,3140,27,52,1310,19674.75,1404,1
9,0,2,93575,0,0,3347,3951,70,23,604,93575.0,1610,1
9,0,0,103292,0,2,3064,4966,92,37,1902,34430.666666666664,3404,1
8,1,2,42316,0,1,7881,10372,72,25,2491,21158.0,1800,0
5,0,2,52880,0,4,5271,4337,57,64,-934,10576.0,3648,2
9,0,2,79396,0,6,5220,4745,56,55,-475,11342.285714285714,3080,1
4,1,0,42061,2,1,14583,11183,3,17,-3400,21030.5,51,0
9,0,0,95033,0,2,11762,13939,22,59,2177,31677.666666666668,1298,2
6,0,1,139676,1,6,4834,8972,71,63,4138,19953.714285714286,4473,1
3,2,1,77620,0,4,13671,26915,62,55,13244,15524.0,3410,1
8,1,2,38300,0,1,2380,1695,52,6,-685,19150.0,312,0
9,0,2,97913,0,5,11110,19141,45,49,8031,16318.833333333334,2205,1
6,0,1,136250,1,9,4852,5713,27,31,861,13625.0,837,1
9,0,0,99479,0,5,1477,1873,68,49,396,16579.833333333332,3332,1
4,2,2,76390,0,3,5539,4962,41,52,-577,19097.5,2132,1
4,1,0,52630,2,2,14004,15146,28,26,1142,17543.333333333332,728,0
6,0,1,126377,1,5,5228,9415,30,50,4187,21062.833333333332,1500,1
9,0,0,118183,0,1,8179,15127,67,48,6948,59091.5,3216,1
4,1,0,55927,2,2,7094,5290,50,84,-1804,18642.333333333332,4200,0
1,2,1,42496,4,4,9347,7782,33,40,-1565,8499.2,1320,1
5,0,2,61651,0,3,1817,2842,35,37,1025,15412.75,1295,1
9,0,0,100739,4,2,7578,11435,72,45,3857,33579.666666666664,3240,1
3,2,1,166143,1,8,4602,7171,17,70,2569,18460.333333333332,1190,1
9,0,0,125513,0,3,4250,6910,48,44,2660,31378.25,2112,1
3,2,1,152991,1,8,839,1073,43,42,234,16999.0,1806,1
3,2,1,161144,1,7,1159,2193,26,33,1034,20143.0,858,1
5,0,2,70804,0,2,9002,14348,10,49,5346,23601.333333333332,490,1
6,0,1,142526,1,7,5057,5707,45,59,650,17815.75,2655,1
3,2,1,137445,1,9,7641,14379,22,17,6738,13744.5,374,1
9,0,0,110429,0,3,8200,8519,66,55,319,27607.25,3630,1
8,1,2,49486,0,0,5960,6327,20,59,367,49486.0,1180,0
3,2,1,82036,0,6,2213,2919,27,44,706,11719.42857142857,1188,1
7,1,2,25491,2,1,7244,6391,28,45,-853,12745.5,1260,0
2,0,2,75960,0,4,11355,16490,28,25,5135,15192.0,700,0
0,0,2,91938,3,6,12960,10938,36,34,-2022,13134.0,1224,2
9,0,0,100000,4,5,7951,6130,23,25,-1821,16666.666666666668,575,1
7,1,2,32445,2,0,4635,5135,30,25,500,32445.0,750,0
9,0,0,94182,0,4,13157,12077,80,40,-1080,18836.4,3200,2
0,0,2,78905,3,7,8931,11262,24,77,2331,9863.125,1848,1
3,2,1,88907,0,4,14743,21508,24,17,6765,17781.4,408,1
5,0,2,73205,0,1,7270,10055,35,5,2785,36602.5,175,1
9,0,2,96790,0,5,8994,10656,87,53,1662,16131.666666666666,4611,1
3,2,1,194383,1,8,12893,15385,25,21,2492,21598.11111111111,525,1
3,2,1,72533,0,5,7742,11076,51,57,3334,12088.833333333334,2907,1
9,0,2,82554,0,3,4875,7436,57,43,2561,20638.5,2451,2
9,0,0,142367,4,6,5219,10263,51,45,5044,20338.14285714286,2295,1
6,0,1,140118,1,6,11940,18652,30,49,6712,20016.85714285714,1470,1
9,0,0,128305,0,1,972,1689,64,29,717,64152.5,1856,1
4,2,2,97489,0,3,4420,6067,23,65,1647,24372.25,1495,2
2,0,2,86251,0,3,9524,9132,23,20,-392,21562.75,460,2
1,2,1,44952,4,6,7184,9239,22,32,2055,6421.714285714285,704,1
9,0,2,105624,0,6,14285,14986,58,35,701,15089.142857142857,2030,1
5,0,2,66248,0,3,2424,3161,13,72,737,16562.0,936,1
5,0,2,61140,0,2,12240,11611,25,44,-629,20380.0,1100,1
1,2,1,55216,4,3,12057,10169,62,33,-1888,13804.0,2046,1
8,1,2,48167,0,0,14176,12545,5,18,-1631,48167.0,90,0
5,0,2,57809,0,1,4493,5800,36,43,1307,28904.5,1548,1
1,2,1,56225,4,5,2869,3439,20,59,570,9370.833333333334,1180,1
9,0,2,104249,0,2,10320,14881,41,56,4561,34749.666666666664,2296,1
4,1,0,36702,2,1,14906,15689,39,66,783,18351.0,2574,0
0,0,2,82660,3,4,1643,2059,29,43,416,16532.0,1247,1
4,2,2,95372,0,3,13443,18449,42,41,5006,23843.0,1722,1
7,1,2,30811,2,0,13405,16126,6,75,2721,30811.0,450,0
2,0,2,65863,0,3,13943,17456,33,57,3513,16465.75,1881,2
2,0,2,65775,0,3,12395,10899,41,32,-1496,16443.75,1312,0
0,0,2,76120,3,7,10116,12912,29,49,2796,9515.0,1421,1
3,2,1,90096,0,4,8522,16298,9,70,7776,18019.2,630,1
5,0,2,70314,0,3,9324,7101,65,41,-2223,17578.5,2665,2
7,1,2,33862,2,4,5946,5041,49,64,-905,6772.4,3136,0
4,2,2,96924,0,7,9403,8917,21,75,-486,12115.5,1575,1
5,0,2,80541,0,1,5772,8904,26,32,3132,40270.5,832,1
4,1,0,45022,2,3,4412,3367,34,70,-1045,11255.5,2380,0
8,1,2,33968,0,3,4326,3511,44,47,-815,8492.0,2068,0
9,0,0,127473,4,2,5713,6146,75,30,433,42491.0,2250,1
4,1,0,60925,2,3,13794,12609,53,32,-1185,15231.25,1696,0
8,1,2,44826,0,0,11373,11986,10,29,613,44826.0,290,0
5,0,2,66366,0,7,1106,967,42,48,-139,8295.75,2016,2
1,2,1,56086,4,4,10169,12085,63,28,1916,11217.2,1764,1
0,0,2,90666,3,3,2144,1968,37,39,-176,22666.5,1443,2
9,0,0,115609,0,1,9117,8814,64,52,-303,57804.5,3328,2
9,0,0,104335,4,3,12336,12156,72,7,-180,26083.75,504,1
8,1,2,46781,0,4,14769,17538,0,54,2769,9356.2,0,0
9,0,0,75208,0,3,8192,14292,79,49,6100,18802.0,3871,2
7,1,2,26699,2,0,10711,8339,20,56,-2372,26699.0,1120,0
3,2,1,93756,0,3,1815,1752,0,44,-63,23439.0,0,1
0,0,2,77197,3,8,11548,15638,52,76,4090,8577.444444444445,3952,1
8,1,2,41786,0,2,5688,7339,0,40,1651,13928.666666666666,0,0
0,0,2,99587,3,5,9364,14405,29,43,5041,16597.833333333332,1247,1
3,2,1,206728,1,7,1621,3765,30,53,2144,25841.0,1590,1
3,2,1,85451,0,4,11713,9327,24,36,-2386,17090.2,864,1
9,0,2,73607,0,4,12735,11857,47,41,-878,14721.4,1927,1
8,1,2,37035,0,4,2112,2449,29,24,337,7407.0,696,0
5,0,2,63428,0,2,3225,4592,39,70,1367,21142.666666666668,2730,2
6,0,1,146966,1,8,974,1287,46,29,313,16329.555555555555,1334,1
7,1,2,35052,2,2,13544,10746,37,51,-2798,11684.0,1887,0
2,0,2,71831,0,3,6373,8213,60,61,1840,17957.75,3660,0
8,1,2,35043,0,2,2885,2976,17,33,91,11681.0,561,0
1,2,1,48346,4,3,7251,7540,22,61,289,12086.5,1342,1
3,2,1,75740,0,6,13484,23844,54,61,10360,10820.0,3294,1
9,0,0,117203,4,5,3368,5679,69,28,2311,19533.833333333332,1932,1
3,2,1,192900,1,6,14767,16150,7,63,1383,27557.14285714286,441,1
3,2,1,191603,1,9,11692,12135,48,35,443,19160.3,1680,1
5,0,2,57133,0,0,10054,7319,29,35,-2735,57133.0,1015,1
9,0,2,95762,0,2,8055,13232,90,58,5177,31920.666666666668,5220,1
5,0,2,67613,0,3,4683,4327,22,65,-356,16903.25,1430,1
6,0,1,126370,1,7,13683,25958,40,40,12275,15796.25,1600,1
6,0,1,139339,1,6,5212,8550,2,23,3338,19905.571428571428,46,1
9,0,0,146208,4,7,1710,1300,81,64,-410,18276.0,5184,1
7,1,2,37244,2,2,10126,11902,64,76,1776,12414.666666666666,4864,0
3,2,1,79980,0,1,7451,10996,25,7,3545,39990.0,175,1
5,0,2,69878,0,4,14349,17704,33,66,3355,13975.6,2178,1
9,0,2,108350,0,4,6802,5956,67,45,-846,21670.0,3015,2
9,0,0,123351,0,5,4386,4519,77,23,133,20558.5,1771,1
3,2,1,188067,1,7,6381,12136,67,51,5755,23508.375,3417,1
2,0,2,83054,0,4,11956,17388,17,25,5432,16610.8,425,0
9,0,0,120311,4,1,14099,26755,79,73,12656,60155.5,5767,1
2,0,2,66087,0,2,632,460,20,61,-172,22029.0,1220,0
0,0,2,87664,3,5,11736,10570,49,30,-1166,14610.666666666666,1470,1
6,0,1,155041,1,6,10435,19791,40,66,9356,22148.714285714286,2640,1
0,0,2,83774,3,4,5189,3962,26,31,-1227,16754.8,806,1
3,2,1,176181,1,5,13638,16139,4,33,2501,29363.5,132,1
9,0,2,106991,0,2,10930,9139,56,21,-1791,35663.666666666664,1176,1
3,2,1,170147,1,8,4606,4969,28,60,363,18905.222222222223,1680,1
3,2,1,81121,0,1,2091,2995,32,50,904,40560.5,1600,1
2,0,2,71544,0,7,13420,11134,9,29,-2286,8943.0,261,0
9,0,0,124630,4,1,9995,17682,62,33,7687,62315.0,2046,1
4,1,0,54389,2,1,2653,2771,55,37,118,27194.5,2035,0
6,0,1,153538,1,8,5335,10068,37,60,4733,17059.777777777777,2220,1
4,1,0,44735,2,0,7307,8366,0,37,1059,44735.0,0,0
9,0,2,106808,0,3,2665,2783,88,40,118,26702.0,3520,2
6,0,1,135911,1,6,6494,11960,39,38,5466,19415.85714285714,1482,1
1,2,1,72718,4,3,4965,5670,46,23,705,18179.5,1058,1
2,0,2,71820,0,1,14011,12143,18,52,-1868,35910.0,936,2
4,2,2,85351,0,4,5335,8909,31,48,3574,17070.2,1488,1
4,2,2,103153,0,3,2386,2546,37,52,160,25788.25,1924,1
9,0,0,116181,0,3,2806,2706,52,39,-100,29045.25,2028,1
0,0,2,76446,3,3,11580,8113,40,69,-3467,19111.5,2760,1
0,0,2,92026,3,4,13682,14142,13,28,460,18405.2,364,1
7,1,2,26628,2,0,1979,1644,33,73,-335,26628.0,2409,0
9,0,0,121913,4,3,4832,6083,48,69,1251,30478.25,3312,1
9,0,0,104917,0,3,7951,5856,59,88,-2095,26229.25,5192,1
3,2,1,87259,0,4,12771,17262,50,76,4491,17451.8,3800,1
3,2,1,173791,1,8,6742,5022,7,49,-1720,19310.11111111111,343,1
9,0,0,98205,0,1,11556,13355,60,67,1799,49102.5,4020,1
5,0,2,60824,0,3,910,1269,48,58,359,15206.0,2784,1
6,0,1,141913,1,6,9698,7011,32,68,-2687,20273.285714285714,2176,1
6,0,1,127923,1,8,10495,11692,44,57,1197,14213.666666666666,2508,1
3,2,1,70085,0,2,1535,2766,55,62,1231,23361.666666666668,3410,1
6,0,1,154717,1,9,11986,22631,15,43,10645,15471.7,645,1
3,2,1,76846,0,2,7189,12831,12,41,5642,25615.333333333332,492,1
9,0,0,140249,4,3,1242,1159,69,15,-83,35062.25,1035,1
2,0,2,70082,0,6,8571,11794,28,72,3223,10011.714285714286,2016,0
9,0,0,97474,0,5,4346,5140,65,25,794,16245.666666666666,1625,1
9,0,0,149968,4,4,6867,8448,61,40,1581,29993.6,2440,1
7,1,2,31269,2,0,11485,11396,33,59,-89,31269.0,1947,0
8,1,2,32200,0,0,10122,7911,30,46,-2211,32200.0,1380,0
6,0,1,161230,1,5,7297,10875,69,41,3578,26871.666666666668,2829,1
0,0,2,93765,3,5,8517,6807,44,88,-1710,15627.5,3872,1
8,1,2,47278,0,2,5083,3673,42,13,-1410,15759.333333333334,546,0
4,1,0,48144,2,1,6570,5968,43,78,-602,24072.0,3354,0
5,0,2,69341,0,0,7785,7221,1,52,-564,69341.0,52,2
0,0,2,89420,3,1,6442,6728,29,63,286,44710.0,1827,1
3,2,1,69502,0,0,6518,11687,24,53,5169,69502.0,1272,1
6,0,1,147755,1,5,11064,11771,0,53,707,24625.833333333332,0,1
9,0,0,117352,4,4,7023,9258,49,47,2235,23470.4,2303,1
9,0,2,95607,0,6,2501,1930,78,41,-571,13658.142857142857,3198,1
9,0,0,118054,0,3,11358,16970,66,5,5612,29513.5,330,1
3,2,1,96667,0,4,10977,16414,42,32,5437,19333.4,1344,1
9,0,0,120671,4,2,1328,1642,90,42,314,40223.666666666664,3780,1
9,0,2,87255,0,3,2563,4020,63,35,1457,21813.75,2205,1
9,0,2,77735,0,4,1624,1993,76,69,369,15547.0,5244,1
9,0,2,111295,0,6,10107,12713,59,77,2606,15899.285714285714,4543,1
0,0,2,92906,3,5,14749,12376,37,40,-2373,15484.333333333334,1480,2
7,1,2,34192,2,2,13187,11052,31,66,-2135,11397.333333333334,2046,0
4,2,2,68928,0,4,10264,13066,30,72,2802,13785.6,2160,1
2,0,2,64185,0,4,14564,20752,13,55,6188,12837.0,715,0
9,0,0,123548,4,6,9350,20897,71,68,11547,17649.714285714286,4828,1
4,2,2,101747,0,4,3358,3098,14,11,-260,20349.4,154,2
3,2,1,73149,0,3,14695,13551,61,29,-1144,18287.25,1769,1
9,0,0,131359,4,3,743,789,76,38,46,32839.75,2888,1
4,2,2,88494,0,5,13417,10071,36,38,-3346,14749.0,1368,1
3,2,1,178239,1,7,5804,12288,35,44,6484,22279.875,1540,1
9,0,0,106954,4,7,4847,10708,38,26,5861,13369.25,988,1
9,0,0,150137,4,4,12652,19639,84,34,6987,30027.4,2856,1
1,2,1,57852,4,5,2362,2077,46,9,-285,9642.0,414,1
5,0,2,60241,0,4,7844,5852,21,38,-1992,12048.2,798,1
1,2,1,48145,4,2,10226,11493,39,55,1267,16048.333333333334,2145,1
5,0,2,70571,0,2,8754,8240,31,13,-514,23523.666666666668,403,1
3,2,1,171577,1,8,1210,922,63,54,-288,19064.11111111111,3402,1
2,0,2,60442,0,3,8004,12054,29,31,4050,15110.5,899,2
9,0,0,102998,4,3,8347,13139,79,38,4792,25749.5,3002,1
8,1,2,45675,0,2,11741,11181,22,61,-560,15225.0,1342,0
5,0,2,71965,0,5,12171,18006,29,21,5835,11994.166666666666,609,1
9,0,0,133319,0,0,1823,2510,55,52,687,133319.0,2860,1
3,2,1,183999,1,8,2930,6392,61,56,3462,20444.333333333332,3416,1
9,0,0,123267,4,5,5005,4301,62,53,-704,20544.5,3286,1
3,2,1,97071,0,2,10090,14857,64,14,4767,32357.0,896,1
4,1,0,54869,2,3,5827,4869,21,58,-958,13717.25,1218,0
3,2,1,209603,1,9,9192,10053,54,39,861,20960.3,2106,1
5,0,2,48504,0,2,8782,9825,44,79,1043,16168.0,3476,1
8,1,2,33853,0,2,2124,1926,38,74,-198,11284.333333333334,2812,0
0,0,2,104901,3,3,11226,8816,35,64,-2410,26225.25,2240,1
4,1,0,44066,2,3,14680,11538,17,79,-3142,11016.5,1343,0
8,1,2,41175,0,2,7898,9267,37,47,1369,13725.0,1739,0
8,1,2,35770,0,0,6053,7041,56,65,988,35770.0,3640,0
8,1,2,34021,0,0,7315,5809,47,56,-1506,34021.0,2632,0
7,1,2,29223,2,0,7492,8248,28,21,756,29223.0,588,0
3,2,1,77269,0,4,4676,8447,29,54,3771,15453.8,1566,1
9,0,0,121040,4,5,11752,18224,95,19,6472,20173.333333333332,1805,1
9,0,0,102144,0,2,1994,1627,58,5,-367,34048.0,290,2
9,0,0,126855,0,3,7575,8274,55,66,699,31713.75,3630,1
4,1,0,51166,2,0,12604,13605,27,26,1001,51166.0,702,0
4,2,2,101888,0,5,2631,3824,34,58,1193,16981.333333333332,1972,2
9,0,0,146591,4,3,10108,15184,38,52,5076,36647.75,1976,1
1,2,1,54644,4,3,5900,6893,19,66,993,13661.0,1254,1
8,1,2,50936,0,2,6293,8017,12,34,1724,16978.666666666668,408,0
0,0,2,73859,3,6,12313,12219,50,51,-94,10551.285714285714,2550,1
2,0,2,80806,0,1,10337,13198,59,42,2861,40403.0,2478,2
7,1,2,31810,2,3,2197,1971,28,58,-226,7952.5,1624,0
1,2,1,61668,4,6,3985,4051,13,73,66,8809.714285714286,949,1
3,2,1,91925,0,3,8400,8619,38,43,219,22981.25,1634,1
0,0,2,88450,3,4,2273,2683,26,27,410,17690.0,702,1
0,0,2,73236,3,2,9613,7780,31,73,-1833,24412.0,2263,1
9,0,0,95245,0,5,12994,10053,55,47,-2941,15874.166666666666,2585,1
3,2,1,178327,1,6,4205,7498,2,29,3293,25475.285714285714,58,1
0,0,2,81311,3,3,9690,13543,28,66,3853,20327.75,1848,2
3,2,1,184591,1,9,11558,15278,38,47,3720,18459.1,1786,1
9,0,0,113124,4,3,10477,11369,84,43,892,28281.0,3612,1
9,0,0,154588,4,1,3455,2780,91,44,-675,77294.0,4004,1
4,1,0,40511,2,3,12991,15200,42,43,2209,10127.75,1806,0
6,0,1,147324,1,3,6067,8474,38,69,2407,36831.0,2622,1
9,0,0,123749,4,3,3472,3027,85,30,-445,30937.25,2550,1
3,2,1,168117,1,7,11269,20047,30,39,8778,21014.625,1170,1
9,0,0,90867,0,3,2824,3173,91,69,349,22716.75,6279,1
9,0,0,115863,0,4,12724,20883,42,45,8159,23172.6,1890,2
9,0,2,101575,0,1,6663,9041,79,50,2378,50787.5,3950,1
5,0,2,66135,0,2,6085,8441,7,34,2356,22045.0,238,1
7,1,2,30845,2,0,5605,4492,31,22,-1113,30845.0,682,0
4,2,2,88621,0,3,9799,11873,0,41,2074,22155.25,0,1
9,0,0,112496,0,1,14972,11758,70,79,-3214,56248.0,5530,2
9,0,0,137538,4,6,3079,6735,100,36,3656,19648.285714285714,3600,1
9,0,0,137314,4,1,11542,13453,72,7,1911,68657.0,504,1
2,0,2,79690,0,5,7759,8299,0,46,540,13281.666666666666,0,0
5,0,2,68957,0,1,10446,11008,55,41,562,34478.5,2255,1
8,1,2,42381,0,1,4975,5842,9,28,867,21190.5,252,0
4,2,2,75828,0,4,8894,13613,28,20,4719,15165.6,560,1
7,1,2,31162,2,0,7543,6030,24,35,-1513,31162.0,840,0
2,0,2,83432,0,4,11611,16531,40,52,4920,16686.4,2080,2
5,0,2,74980,0,0,9133,9703,37,52,570,74980.0,1924,1
9,0,0,112574,4,2,4112,3726,64,23,-386,37524.666666666664,1472,1
3,2,1,175724,1,11,1397,2029,55,23,632,14643.666666666666,1265,1
9,0,2,98004,0,7,5438,7062,45,30,1624,12250.5,1350,1
4,2,2,89470,0,3,2748,4067,5,56,1319,22367.5,280,2
2,0,2,84940,0,3,5875,7338,49,44,1463,21235.0,2156,2
9,0,0,117028,4,1,8649,12792,36,44,4143,58514.0,1584,1
9,0,0,131308,4,6,2616,1928,53,47,-688,18758.285714285714,2491,1
1,2,1,54253,4,3,12028,9299,50,55,-2729,13563.25,2750,2
1,2,1,38428,4,4,9654,6932,35,64,-2722,7685.6,2240,1
9,0,0,112961,0,4,7005,11713,98,47,4708,22592.2,4606,1
8,1,2,43967,0,1,807,677,20,25,-130,21983.5,500,0
6,0,1,175696,1,8,1775,2150,21,18,375,19521.777777777777,378,1
3,2,1,182033,1,6,7533,16281,6,55,8748,26004.714285714286,330,1
8,1,2,51057,0,0,12124,14113,43,56,1989,51057.0,2408,0
2,0,2,66943,0,2,2387,2144,43,45,-243,22314.333333333332,1935,0
9,0,0,136731,4,2,5821,9825,55,55,4004,45577.0,3025,1
4,2,2,92025,0,5,10627,15577,22,39,4950,15337.5,858,1
0,0,2,97186,3,6,11798,14703,35,32,2905,13883.714285714286,1120,1
9,0,0,86511,0,4,7655,7491,83,33,-164,17302.2,2739,1
9,0,2,101799,0,3,7638,12638,94,17,5000,25449.75,1598,1
8,1,2,34446,0,1,9084,7051,21,24,-2033,17223.0,504,0
8,1,2,41241,0,2,14762,13458,24,50,-1304,13747.0,1200,0
4,1,0,45765,2,0,6062,6064,57,84,2,45765.0,4788,0
7,1,2,28703,2,0,13265,15139,32,66,1874,28703.0,2112,0
9,0,0,120235,0,4,8863,7604,62,60,-1259,24047.0,3720,2
1,2,1,47456,4,6,8855,12383,31,38,3528,6779.428571428572,1178,1
6,0,1,157639,1,7,13217,17957,28,29,4740,19704.875,812,1
7,1,2,38946,2,1,12417,11839,41,34,-578,19473.0,1394,0
9,0,2,98587,0,4,2184,3127,86,39,943,19717.4,3354,1
2,0,2,65197,0,3,3732,3982,36,20,250,16299.25,720,0
3,2,1,197134,1,9,3004,4228,21,45,1224,19713.4,945,1
9,0,0,111738,4,3,13162,16233,20,45,3071,27934.5,900,1
5,0,2,73173,0,1,12860,20376,35,43,7516,36586.5,1505,1
4,2,2,100752,0,6,9994,11144,60,54,1150,14393.142857142857,3240,1
3,2,1,80055,0,2,14951,19368,67,30,4417,26685.0,2010,1
3,2,1,64411,0,4,10908,16087,34,40,5179,12882.2,1360,1
7,1,2,32231,2,0,14659,10263,27,54,-4396,32231.0,1458,0
9,0,0,140211,4,5,7705,10535,70,22,2830,23368.5,1540,1
5,0,2,53380,0,5,7745,6192,49,36,-1553,8896.666666666666,1764,2
4,2,2,82523,0,1,5000,6877,55,41,1877,41261.5,2255,2
9,0,0,147563,4,3,6266,12425,75,59,6159,36890.75,4425,1
9,0,0,112980,0,3,5585,9656,75,19,4071,28245.0,1425,1
5,0,2,60966,0,2,1116,1612,53,31,496,20322.0,1643,1
7,1,2,25000,2,1,14126,13131,51,44,-995,12500.0,2244,0
9,0,0,122091,0,1,11062,20399,64,39,9337,61045.5,2496,1
3,2,1,157480,1,6,10233,10189,28,28,-44,22497.14285714286,784,1
8,1,2,41534,0,2,8081,8737,26,37,656,13844.666666666666,962,0
1,2,1,56697,4,4,13473,9573,63,33,-3900,11339.4,2079,1
5,0,2,58051,0,1,13768,14511,8,47,743,29025.5,376,1
3,2,1,75893,0,4,3584,3954,61,59,370,15178.6,3599,1
3,2,1,208091,1,8,8292,7109,13,12,-1183,23121.222222222223,156,1
9,0,0,128798,4,4,1513,1479,80,52,-34,25759.6,4160,1
9,0,0,102748,0,4,13786,15317,59,53,1531,20549.6,3127,1
4,1,0,51382,2,2,1881,1394,12,19,-487,17127.333333333332,228,0
3,2,1,98465,0,4,3327,5851,15,39,2524,19693.0,585,1
9,0,2,87996,0,2,12093,12273,91,27,180,29332.0,2457,2
5,0,2,75958,0,2,9086,10195,44,53,1109,25319.333333333332,2332,1
3,2,1,207994,1,6,3100,2311,15,47,-789,29713.428571428572,705,1
7,1,2,27920,2,0,5134,3821,10,30,-1313,27920.0,300,0
8,1,2,39966,0,1,13188,10369,43,56,-2819,19983.0,2408,0
3,2,1,76767,0,5,10295,14620,37,47,4325,12794.5,1739,1
4,2,2,78148,0,1,10836,15818,41,56,4982,39074.0,2296,1
9,0,0,129924,0,2,5901,5737,39,48,-164,43308.0,1872,1
1,2,1,42830,4,3,11614,17063,24,57,5449,10707.5,1368,1
2,0,2,67875,0,5,4628,6620,42,10,1992,11312.5,420,2
0,0,2,80990,3,6,2963,4308,37,59,1345,11570.0,2183,1
9,0,0,118204,0,2,10047,7650,89,28,-2397,39401.333333333336,2492,2
6,0,1,167128,1,6,6231,7030,14,50,799,23875.428571428572,700,1
3,2,1,101536,0,3,11943,19982,18,43,8039,25384.0,774,1
9,0,0,133583,4,5,10249,14721,71,26,4472,22263.833333333332,1846,1
2,0,2,77122,0,1,9657,8550,32,53,-1107,38561.0,1696,0
3,2,1,72970,0,4,13470,22179,62,11,8709,14594.0,682,1
0,0,2,93815,3,4,2593,4025,38,31,1432,18763.0,1178,1
9,0,0,115004,0,4,11084,12994,90,60,1910,23000.8,5400,1
1,2,1,52562,4,5,6428,8858,32,21,2430,8760.333333333334,672,1
7,1,2,31855,2,0,5560,5529,13,56,-31,31855.0,728,0
9,0,2,73605,0,4,6098,7056,85,58,958,14721.0,4930,1
9,0,2,88066,0,4,4211,4286,100,24,75,17613.2,2400,2
9,0,0,140615,4,7,1764,3886,43,48,2122,17576.875,2064,1
0,0,2,90163,3,7,13412,11835,55,40,-1577,11270.375,2200,2
1,2,1,71510,4,1,13130,14645,41,35,1515,35755.0,1435,1
0,0,2,104619,3,3,12601,14060,42,54,1459,26154.75,2268,1
9,0,0,122079,4,4,11345,12777,84,39,1432,24415.8,3276,1
6,0,1,167608,1,7,13055,16736,78,43,3681,20951.0,3354,1
9,0,0,109150,4,3,10285,8891,67,56,-1394,27287.5,3752,1
9,0,0,135366,4,2,3158,5973,72,66,2815,45122.0,4752,1
0,0,2,82831,3,4,11851,8745,6,19,-3106,16566.2,114,2
4,2,2,70000,0,5,3212,3261,30,48,49,11666.666666666666,1440,1
9,0,0,120100,4,4,7231,11650,88,19,4419,24020.0,1672,1
3,2,1,73258,0,0,12289,20708,17,60,8419,73258.0,1020,1
5,0,2,64762,0,4,10503,9712,74,37,-791,12952.4,2738,2
4,2,2,97567,0,8,12764,10205,59,49,-2559,10840.777777777777,2891,1
9,0,2,88842,0,4,9249,7699,82,53,-1550,17768.4,4346,2
2,0,2,78080,0,2,13748,17649,39,37,3901,26026.666666666668,1443,0
6,0,1,127105,1,8,14182,15049,55,32,867,14122.777777777777,1760,1
7,1,2,25000,2,0,11613,12067,33,23,454,25000.0,759,0
5,0,2,64182,0,2,8064,11226,28,10,3162,21394.0,280,2
4,2,2,104160,0,3,6756,10709,36,41,3953,26040.0,1476,1
1,2,1,60018,4,4,7359,10658,37,70,3299,12003.6,2590,1
0,0,2,83842,3,5,3771,3829,53,56,58,13973.666666666666,2968,1
9,0,0,148141,4,4,14803,16850,58,60,2047,29628.2,3480,1
9,0,0,124060,4,4,11005,19175,88,32,8170,24812.0,2816,1
0,0,2,73837,3,4,6581,8409,60,38,1828,14767.4,2280,2
6,0,1,135922,1,4,2180,1965,14,47,-215,27184.4,658,1
0,0,2,78518,3,7,2542,2792,53,74,250,9814.75,3922,1
9,0,0,106791,0,3,13002,19893,64,47,6891,26697.75,3008,1
2,0,2,69644,0,3,7861,11940,0,74,4079,17411.0,0,0
9,0,0,141177,4,5,14115,19876,27,31,5761,23529.5,837,1
9,0,0,109544,0,0,4137,7253,93,36,3116,109544.0,3348,1
6,0,1,129082,1,7,6227,11620,1,65,5393,16135.25,65,1
8,1,2,39529,0,0,1372,1084,24,32,-288,39529.0,768,0
1,2,1,44817,4,4,6626,5519,43,21,-1107,8963.4,903,1
8,1,2,39706,0,1,1837,2198,52,35,361,19853.0,1820,0
9,0,2,85351,0,3,961,712,68,21,-249,21337.75,1428,1
6,0,1,172497,1,6,2123,2850,51,36,727,24642.428571428572,1836,1
4,2,2,101850,0,1,2892,4705,35,13,1813,50925.0,455,2
9,0,0,119430,4,1,5200,5526,80,33,326,59715.0,2640,1
4,1,0,47667,2,0,14116,12073,24,42,-2043,47667.0,1008,0
4,2,2,94644,0,5,12059,8515,37,55,-3544,15774.0,2035,2
5,0,2,79481,0,2,10581,14388,70,23,3807,26493.666666666668,1610,2
6,0,1,134365,1,10,1798,1748,34,52,-50,12215.0,1768,1
2,0,2,72323,0,3,4033,5042,58,37,1009,18080.75,2146,0
1,2,1,47536,4,3,12415,16455,0,43,4040,11884.0,0,1
1,2,1,42843,4,6,7434,10020,21,14,2586,6120.428571428572,294,1
4,2,2,90349,0,0,5220,8701,45,48,3481,90349.0,2160,2
2,0,2,71760,0,1,2496,3697,64,31,1201,35880.0,1984,0
9,0,2,92290,0,0,7378,11881,53,39,4503,92290.0,2067,1
5,0,2,64533,0,3,1529,1512,70,61,-17,16133.25,4270,1
0,0,2,75819,3,2,8689,8687,13,43,-2,25273.0,559,1
1,2,1,51050,4,3,769,1138,11,50,369,12762.5,550,1
3,2,1,180990,1,9,4463,8875,15,48,4412,18099.0,720,1
2,0,2,66155,0,3,7532,9313,20,42,1781,16538.75,840,0
3,2,1,206030,1,7,6280,15172,28,17,8892,25753.75,476,1
3,2,1,157210,1,8,7325,8947,21,74,1622,17467.777777777777,1554,1
3,2,1,77671,0,3,11448,13831,12,58,2383,19417.75,696,1
1,2,1,53700,4,4,6408,5853,62,46,-555,10740.0,2852,1
1,2,1,55697,4,7,9414,8945,16,38,-469,6962.125,608,1
4,2,2,89785,0,3,8816,9075,53,61,259,22446.25,3233,2
9,0,0,116163,4,3,6897,11346,37,24,4449,29040.75,888,1
9,0,0,136320,4,4,10914,9858,77,41,-1056,27264.0,3157,1
7,1,2,25000,2,2,4655,5534,2,63,879,8333.333333333334,126,0
7,1,2,27645,2,1,13419,11111,0,45,-2308,13822.5,0,0
7,1,2,25161,2,0,4450,4250,19,57,-200,25161.0,1083,0
4,2,2,92451,0,3,10033,15129,27,63,5096,23112.75,1701,2
9,0,0,142218,4,7,1226,1729,87,45,503,17777.25,3915,1
1,2,1,50561,4,5,6046,6336,42,52,290,8426.833333333334,2184,1
0,0,2,77128,3,4,13265,10600,42,81,-2665,15425.6,3402,1
4,1,0,46594,2,0,8340,10181,42,37,1841,46594.0,1554,0
4,2,2,83338,0,4,2709,3549,32,59,840,16667.6,1888,2
4,1,0,46751,2,1,13217,11433,9,50,-1784,23375.5,450,0
9,0,0,122531,4,5,5307,10437,79,64,5130,20421.833333333332,5056,1
9,0,0,111810,4,4,13461,20800,60,64,7339,22362.0,3840,1
6,0,1,132332,1,6,1186,908,68,5,-278,18904.571428571428,340,1
6,0,1,143367,1,7,5580,5992,21,43,412,17920.875,903,1
8,1,2,41104,0,0,13859,16322,28,62,2463,41104.0,1736,0
5,0,2,57975,0,1,4650,3779,29,63,-871,28987.5,1827,1
4,2,2,92857,0,3,11098,12865,52,34,1767,23214.25,1768,2
2,0,2,65354,0,4,6348,6850,40,41,502,13070.8,1640,2
0,0,2,97025,3,5,11243,8845,0,71,-2398,16170.833333333334,0,1
2,0,2,65842,0,2,2539,2198,37,46,-341,21947.333333333332,1702,2
8,1,2,37152,0,1,7053,6663,52,56,-390,18576.0,2912,2
6,0,1,159968,1,9,6834,10866,15,29,4032,15996.8,435,1
9,0,0,129443,4,5,8629,17524,55,51,8895,21573.833333333332,2805,1
7,1,2,31163,2,2,13562,14105,47,56,543,10387.666666666666,2632,0
2,0,2,73779,0,4,13626,13390,10,50,-236,14755.8,500,2
4,1,0,40436,2,2,7455,6271,50,36,-1184,13478.666666666666,1800,0
8,1,2,38207,0,2,10370,13877,64,27,3507,12735.666666666666,1728,0
1,2,1,51110,4,4,5313,6623,61,35,1310,10222.0,2135,1
9,0,0,85455,0,3,1811,1902,69,20,91,21363.75,1380,1
3,2,1,68847,0,4,5343,10097,43,50,4754,13769.4,2150,1
5,0,2,59206,0,2,10373,16090,43,64,5717,19735.333333333332,2752,1
9,0,0,125456,4,3,11801,9962,94,24,-1839,31364.0,2256,1
7,1,2,31949,2,3,7825,7789,12,65,-36,7987.25,780,0
4,1,0,37505,2,3,14754,10673,52,66,-4081,9376.25,3432,0
3,2,1,185499,1,9,7626,18789,56,33,11163,18549.9,1848,1
3,2,1,87210,0,3,13467,25361,62,13,11894,21802.5,806,1
9,0,0,84480,0,4,11496,20961,56,55,9465,16896.0,3080,1
7,1,2,29638,2,0,8906,7546,39,27,-1360,29638.0,1053,0
9,0,0,138093,4,6,2839,2526,44,56,-313,19727.571428571428,2464,1
3,2,1,74084,0,6,13301,19617,30,32,6316,10583.42857142857,960,1
9,0,0,112348,4,4,2568,4854,71,45,2286,22469.6,3195,1
9,0,2,88200,0,3,13255,13060,61,40,-195,22050.0,2440,1
7,1,2,27613,2,1,6772,6290,36,59,-482,13806.5,2124,0
9,0,0,128142,4,2,10413,19861,92,76,9448,42714.0,6992,1
3,2,1,80300,0,2,7871,9205,44,48,1334,26766.666666666668,2112,1
7,1,2,31964,2,0,7773,9700,59,69,1927,31964.0,4071,0
3,2,1,173193,1,9,2755,3966,39,68,1211,17319.3,2652,1
7,1,2,26068,2,0,7021,5275,21,29,-1746,26068.0,609,0
3,2,1,96714,0,2,5066,9866,35,35,4800,32238.0,1225,1
9,0,0,110737,0,2,924,1151,65,74,227,36912.333333333336,4810,1
5,0,2,60423,0,5,8982,8171,27,67,-811,10070.5,1809,1
6,0,1,128791,1,5,9702,14103,29,55,4401,21465.166666666668,1595,1
2,0,2,66680,0,2,13197,15032,70,23,1835,22226.666666666668,1610,0
4,1,0,34106,2,0,7811,8119,66,40,308,34106.0,2640,0
3,2,1,236984,1,7,5178,5915,10,56,737,29623.0,560,1
9,0,2,95519,0,4,2509,3420,50,30,911,19103.8,1500,1
0,0,2,82473,3,3,1713,2465,72,36,752,20618.25,2592,1
9,0,0,146638,4,4,12187,21950,80,22,9763,29327.6,1760,1
9,0,0,122639,0,1,13779,25615,73,26,11836,61319.5,1898,1
3,2,1,93392,0,2,6192,10587,53,23,4395,31130.666666666668,1219,1
1,2,1,49794,4,6,9382,8159,55,27,-1223,7113.428571428572,1485,1
6,0,1,115747,1,6,5414,3917,12,39,-1497,16535.285714285714,468,1
4,1,0,46462,2,2,12125,12971,25,36,846,15487.333333333334,900,0
4,2,2,79277,0,1,6422,9438,27,42,3016,39638.5,1134,2
9,0,2,101705,0,3,2488,4086,98,55,1598,25426.25,5390,1
4,2,2,94424,0,4,2775,2744,37,78,-31,18884.8,2886,1
4,2,2,100563,0,4,8594,14027,30,54,5433,20112.6,1620,2
7,1,2,30094,2,0,9577,9124,20,45,-453,30094.0,900,0
7,1,2,37188,2,0,8157,6380,63,53,-1777,37188.0,3339,0
9,0,0,139713,4,6,10526,9933,70,48,-593,19959.0,3360,1
9,0,0,101405,0,4,5567,9360,58,52,3793,20281.0,3016,1
4,1,0,53663,2,1,12277,9569,70,42,-2708,26831.5,2940,0
1,2,1,49544,4,5,7230,5806,28,50,-1424,8257.333333333334,1400,1
0,0,2,69727,3,6,9919,14377,46,59,4458,9961.0,2714,1
9,0,0,119344,4,5,5694,5107,88,40,-587,19890.666666666668,3520,1
5,0,2,73029,0,4,8132,6466,59,45,-1666,14605.8,2655,1
7,1,2,32655,2,1,2602,2385,46,66,-217,16327.5,3036,0
3,2,1,73828,0,0,10130,18242,28,43,8112,73828.0,1204,1
4,2,2,67400,0,1,2614,3905,42,41,1291,33700.0,1722,1
1,2,1,53247,4,4,14724,21488,19,10,6764,10649.4,190,1
0,0,2,81066,3,4,2534,3083,32,58,549,16213.2,1856,1
9,0,0,143213,4,4,5482,7043,54,73,1561,28642.6,3942,1
9,0,0,130827,4,5,5786,4239,53,37,-1547,21804.5,1961,1
7,1,2,32723,2,0,9001,7315,28,38,-1686,32723.0,1064,0
0,0,2,93845,3,3,1792,2796,55,41,1004,23461.25,2255,1
9,0,2,85359,0,3,10904,9876,82,14,-1028,21339.75,1148,1
2,0,2,72792,0,4,2550,4055,58,23,1505,14558.4,1334,0
3,2,1,192697,1,8,9240,14945,20,29,5705,21410.777777777777,580,1
1,2,1,45435,4,5,11001,8382,63,42,-2619,7572.5,2646,1
3,2,1,205193,1,8,10013,15414,20,50,5401,22799.222222222223,1000,1
9,0,0,141366,4,5,11292,16434,46,47,5142,23561.0,2162,1
4,1,0,51380,2,5,10414,7604,22,40,-2810,8563.333333333334,880,0
0,0,2,87740,3,3,9734,10256,20,14,522,21935.0,280,1
0,0,2,86947,3,4,14652,11034,25,45,-3618,17389.4,1125,1
9,0,0,126593,0,6,1244,1125,90,26,-119,18084.714285714286,2340,1
2,0,2,58743,0,3,11168,8986,45,31,-2182,14685.75,1395,0
4,2,2,85524,0,4,9873,13257,20,53,3384,17104.8,1060,1
3,2,1,193661,1,7,10969,11810,38,58,841,24207.625,2204,1
5,0,2,63643,0,1,10775,16734,39,23,5959,31821.5,897,1
2,0,2,65216,0,2,11017,12634,30,66,1617,21738.666666666668,1980,2
5,0,2,59840,0,2,4512,4646,41,38,134,19946.666666666668,1558,1
2,0,2,75413,0,4,7930,6909,20,28,-1021,15082.6,560,0
4,1,0,46638,2,3,1481,1846,1,48,365,11659.5,48,0
5,0,2,73288,0,2,7309,9353,51,46,2044,24429.333333333332,2346,1
5,0,2,57987,0,4,3842,4787,49,35,945,11597.4,1715,1
3,2,1,170311,1,8,2853,4378,25,44,1525,18923.444444444445,1100,1
0,0,2,82481,3,8,12269,16321,51,54,4052,9164.555555555555,2754,1
4,1,0,45016,2,3,14602,18819,29,19,4217,11254.0,551,0
8,1,2,46160,0,5,2642,3056,56,20,414,7693.333333333333,1120,0
1,2,1,52454,4,5,9702,13209,62,28,3507,8742.333333333334,1736,1
7,1,2,32411,2,2,4460,4181,38,54,-279,10803.666666666666,2052,0
9,0,0,105792,0,1,4882,8992,84,39,4110,52896.0,3276,1
9,0,2,104474,0,4,2808,2884,62,71,76,20894.8,4402,1
9,0,0,147931,4,3,5254,6289,32,52,1035,36982.75,1664,1
0,0,2,62102,3,4,10582,12677,55,60,2095,12420.4,3300,1
9,0,2,98269,0,3,14677,21424,100,46,6747,24567.25,4600,1
0,0,2,81580,3,9,5864,6107,46,55,243,8158.0,2530,1
4,1,0,41450,2,1,5623,4062,40,15,-1561,20725.0,600,0
4,2,2,90596,0,2,3110,2767,44,39,-343,30198.666666666668,1716,1
1,2,1,59836,4,3,8148,9946,29,41,1798,14959.0,1189,1
6,0,1,134512,1,7,5555,8619,40,40,3064,16814.0,1600,1
9,0,0,126149,4,3,1975,3746,70,57,1771,31537.25,3990,1
1,2,1,54586,4,4,7991,8570,38,16,579,10917.2,608,1
9,0,2,120958,0,2,10057,10807,70,53,750,40319.333333333336,3710,1
9,0,0,139829,4,4,1328,2504,66,54,1176,27965.8,3564,1
5,0,2,70582,0,6,10289,7460,30,61,-2829,10083.142857142857,1830,1
2,0,2,87281,0,1,9293,11230,52,30,1937,43640.5,1560,0
0,0,2,93446,3,6,2261,3710,34,33,1449,13349.42857142857,1122,1
9,0,0,104118,4,5,14958,30929,84,40,15971,17353.0,3360,1
4,1,0,38430,2,0,6492,6539,51,22,47,38430.0,1122,0
7,1,2,28419,2,0,1241,1493,12,73,252,28419.0,876,0
9,0,0,124691,4,4,9843,7635,62,31,-2208,24938.2,1922,1
9,0,2,105140,0,6,6439,10871,81,63,4432,15020.0,5103,1
2,0,2,72809,0,5,1704,2040,3,46,336,12134.833333333334,138,0
1,2,1,52200,4,5,7878,8566,35,32,688,8700.0,1120,1
2,0,2,54705,0,1,14021,21255,43,36,7234,27352.5,1548,2
3,2,1,83952,0,2,10511,16732,20,46,6221,27984.0,920,1
9,0,0,151666,4,5,2084,3550,70,46,1466,25277.666666666668,3220,1
7,1,2,26310,2,1,13523,13054,17,19,-469,13155.0,323,0
1,2,1,54114,4,5,6490,6746,48,31,256,9019.0,1488,1
9,0,2,76113,0,3,10370,7540,53,32,-2830,19028.25,1696,1
8,1,2,38686,0,1,8693,6600,45,38,-2093,19343.0,1710,0
9,0,0,127068,4,4,1137,1977,77,45,840,25413.6,3465,1
4,1,0,47589,2,3,5956,7674,26,56,1718,11897.25,1456,0
1,2,1,50889,4,4,7987,10968,54,47,2981,10177.8,2538,1
3,2,1,177315,1,7,8946,17040,33,23,8094,22164.375,759,1
7,1,2,31510,2,0,10544,7880,3,95,-2664,31510.0,285,0
9,0,0,132016,4,3,6938,8449,100,29,1511,33004.0,2900,1
4,1,0,52582,2,0,14305,14965,25,27,660,52582.0,675,0
3,2,1,191873,1,10,6011,8389,62,53,2378,17443.0,3286,1
0,0,2,87310,3,3,8851,10979,9,48,2128,21827.5,432,1
5,0,2,57839,0,5,12111,13608,30,28,1497,9639.833333333334,840,2
2,0,2,57211,0,3,8280,7825,46,35,-455,14302.75,1610,0
7,1,2,30538,2,2,5927,5887,4,46,-40,10179.333333333334,184,0
8,1,2,46663,0,3,10063,9216,36,54,-847,11665.75,1944,0
4,2,2,93142,0,3,12383,11140,35,34,-1243,23285.5,1190,1
3,2,1,187232,1,7,8275,13848,0,52,5573,23404.0,0,1
3,2,1,91122,0,5,13327,18959,21,52,5632,15187.0,1092,1
3,2,1,161220,1,11,4228,5531,42,60,1303,13435.0,2520,1
3,2,1,177796,1,6,8371,17256,34,39,8885,25399.428571428572,1326,1
1,2,1,58367,4,6,10805,15310,31,52,4505,8338.142857142857,1612,1
4,2,2,79569,0,3,14281,13415,7,30,-866,19892.25,210,1
9,0,0,128505,4,5,13962,19335,38,30,5373,21417.5,1140,1
9,0,0,129086,4,4,9880,11180,58,38,1300,25817.2,2204,1
9,0,2,85095,0,3,810,620,83,58,-190,21273.75,4814,1
7,1,2,34646,2,4,7361,7806,44,65,445,6929.2,2860,0
8,1,2,34753,0,2,11813,8870,0,56,-2943,11584.333333333334,0,0
8,1,2,44929,0,2,8721,9534,49,65,813,14976.333333333334,3185,0
6,0,1,131192,1,7,8226,13116,3,28,4890,16399.0,84,1
4,1,0,52142,2,1,2762,3474,71,58,712,26071.0,4118,0
9,0,2,83822,0,4,9689,11005,74,29,1316,16764.4,2146,1
3,2,1,77258,0,2,8337,14205,69,40,5868,25752.666666666668,2760,1
8,1,2,36849,0,1,5640,4830,59,54,-810,18424.5,3186,0
5,0,2,66741,0,1,9234,14307,38,43,5073,33370.5,1634,1
1,2,1,62468,4,2,6304,7226,22,40,922,20822.666666666668,880,1
3,2,1,185533,1,9,8432,21067,16,39,12635,18553.3,624,1
9,0,2,91570,0,5,5071,8372,57,58,3301,15261.666666666666,3306,1
2,0,2,61147,0,3,4184,4547,52,49,363,15286.75,2548,2
4,2,2,89731,0,3,5235,6187,26,45,952,22432.75,1170,1
4,1,0,48314,2,2,12050,15221,42,67,3171,16104.666666666666,2814,0
7,1,2,30711,2,0,8361,7310,6,40,-1051,30711.0,240,0
1,2,1,54694,4,5,13531,10533,22,40,-2998,9115.666666666666,880,1
2,0,2,67247,0,0,2496,3543,11,73,1047,67247.0,803,0
3,2,1,72329,0,2,9399,16036,32,38,6637,24109.666666666668,1216,1
6,0,1,131520,1,6,6964,9223,68,34,2259,18788.571428571428,2312,1
4,2,2,83666,0,3,13682,18827,47,45,5145,20916.5,2115,1
2,0,2,62571,0,2,1189,1494,16,5,305,20857.0,80,2
4,1,0,41223,2,2,1794,1499,54,53,-295,13741.0,2862,0
6,0,1,135790,1,6,7747,13873,38,50,6126,19398.571428571428,1900,1
4,1,0,38586,2,1,8349,8740,35,48,391,19293.0,1680,0
9,0,2,86756,0,5,14065,16264,62,35,2199,14459.333333333334,2170,1
2,0,2,63580,0,4,9708,13499,23,57,3791,12716.0,1311,2
9,0,0,134137,4,3,2289,3411,62,43,1122,33534.25,2666,1
4,1,0,44040,2,2,10114,10063,8,21,-51,14680.0,168,0
9,0,2,104044,0,4,1331,1606,76,43,275,20808.8,3268,1
9,0,2,88137,0,3,10952,11022,62,48,70,22034.25,2976,1
9,0,0,136498,4,5,2141,1633,67,19,-508,22749.666666666668,1273,1
7,1,2,28409,2,1,12253,11293,59,19,-960,14204.5,1121,0
9,0,0,124332,0,2,11660,9963,54,56,-1697,41444.0,3024,1
9,0,0,141352,4,2,9516,12821,87,52,3305,47117.333333333336,4524,1
8,1,2,43965,0,2,11196,13819,24,35,2623,14655.0,840,0
5,0,2,63675,0,5,11158,12297,46,66,1139,10612.5,3036,1
4,2,2,101190,0,4,5206,5725,45,52,519,20238.0,2340,2
2,0,2,64023,0,2,11082,16160,60,19,5078,21341.0,1140,2
6,0,1,137701,1,6,13094,15660,37,73,2566,19671.571428571428,2701,1
3,2,1,92172,0,4,9906,16866,48,50,6960,18434.4,2400,1
1,2,1,56907,4,4,12602,13566,3,42,964,11381.4,126,1
6,0,1,142277,1,8,3368,5053,30,37,1685,15808.555555555555,1110,1
6,0,1,141860,1,7,14223,23042,27,17,8819,17732.5,459,1
6,0,1,127468,1,6,1095,1095,23,45,0,18209.714285714286,1035,1
4,2,2,74991,0,3,8616,6707,44,31,-1909,18747.75,1364,2
6,0,1,162100,1,7,12771,23645,43,34,10874,20262.5,1462,1
6,0,1,139859,1,6,1113,982,37,62,-131,19979.85714285714,2294,1
2,0,2,84189,0,5,9805,10796,25,75,991,14031.5,1875,0
9,0,0,79449,0,4,5989,7029,81,52,1040,15889.8,4212,1
5,0,2,63653,0,3,11007,14931,53,58,3924,15913.25,3074,1
1,2,1,55322,4,2,8592,6837,0,58,-1755,18440.666666666668,0,1
0,0,2,85321,3,6,8761,11768,26,37,3007,12188.714285714286,962,1
2,0,2,70780,0,1,3659,3163,34,9,-496,35390.0,306,2
7,1,2,27594,2,1,3162,3089,40,60,-73,13797.0,2400,0
3,2,1,105768,0,2,4715,7990,56,5,3275,35256.0,280,1
9,0,0,142792,4,6,12568,13860,74,38,1292,20398.85714285714,2812,1
4,2,2,80447,0,5,5333,3965,40,40,-1368,13407.833333333334,1600,2
3,2,1,86156,0,4,12907,13425,43,74,518,17231.2,3182,1
9,0,0,124985,4,4,10509,10472,83,45,-37,24997.0,3735,1
0,0,2,91727,3,7,7507,11726,36,40,4219,11465.875,1440,1
7,1,2,33492,2,0,1921,1638,34,42,-283,33492.0,1428,0
3,2,1,81732,0,1,2062,3242,34,56,1180,40866.0,1904,1
9,0,0,141449,4,7,8322,7454,90,60,-868,17681.125,5400,1
6,0,1,142543,1,7,4564,7323,29,69,2759,17817.875,2001,1
2,0,2,74887,0,2,6784,9772,44,69,2988,24962.333333333332,3036,2
5,0,2,70931,0,0,12849,17434,66,64,4585,70931.0,4224,1
7,1,2,33644,2,0,5447,4537,29,44,-910,33644.0,1276,0
4,1,0,52443,2,0,9886,7494,39,32,-2392,52443.0,1248,0
2,0,2,75534,0,0,11209,11977,35,57,768,75534.0,1995,0
4,1,0,35656,2,4,4371,4376,56,68,5,7131.2,3808,0
3,2,1,48903,0,4,2436,3420,26,36,984,9780.6,936,1
2,0,2,62010,0,2,3116,3634,24,14,518,20670.0,336,2
3,2,1,71009,0,3,8733,8051,60,13,-682,17752.25,780,1
4,1,0,46790,2,0,2423,2518,40,35,95,46790.0,1400,0
7,1,2,28644,2,1,10570,13050,29,56,2480,14322.0,1624,0
9,0,2,94709,0,3,2688,2011,33,87,-677,23677.25,2871,1
9,0,0,126056,4,5,7954,10919,85,26,2965,21009.333333333332,2210,1
7,1,2,33084,2,1,7313,5774,41,41,-1539,16542.0,1681,0
6,0,1,146455,1,6,8214,11194,46,75,2980,20922.14285714286,3450,1
4,2,2,81715,0,3,11380,15590,29,20,4210,20428.75,580,1
4,2,2,78050,0,4,4554,3294,41,41,-1260,15610.0,1681,2
0,0,2,79144,3,4,13400,19034,58,22,5634,15828.8,1276,2
1,2,1,58448,4,9,7819,7246,40,48,-573,5844.8,1920,1
4,1,0,44903,2,0,6427,5118,0,28,-1309,44903.0,0,0
6,0,1,145698,1,4,9743,17199,25,60,7456,29139.6,1500,1
9,0,0,125441,4,4,14078,15405,59,31,1327,25088.2,1829,1
6,0,1,173169,1,4,8781,13552,86,29,4771,34633.8,2494,1
3,2,1,186653,1,6,9292,10104,0,60,812,26664.714285714286,0,1
9,0,0,114352,4,6,5875,7721,70,79,1846,16336.0,5530,1
5,0,2,51371,0,3,2404,2667,68,41,263,12842.75,2788,1
4,1,0,47393,2,1,10054,10322,24,33,268,23696.5,792,0
9,0,0,113897,0,2,8861,13693,100,43,4832,37965.666666666664,4300,1
4,2,2,102870,0,3,1411,1804,0,70,393,25717.5,0,2
9,0,0,138547,4,3,8909,7906,70,73,-1003,34636.75,5110,1
5,0,2,51696,0,2,9739,8349,19,49,-1390,17232.0,931,1
1,2,1,47642,4,6,8075,6264,68,13,-1811,6806.0,884,1
4,1,0,46571,2,2,856,727,46,37,-129,15523.666666666666,1702,0
2,0,2,54000,0,5,13876,14254,46,18,378,9000.0,828,2
4,1,0,55075,2,0,4070,4863,28,27,793,55075.0,756,0
9,0,0,97836,0,2,1242,997,53,28,-245,32612.0,1484,2
7,1,2,35660,2,0,11975,10804,0,33,-1171,35660.0,0,0
1,2,1,63206,4,6,1487,1381,10,42,-106,9029.42857142857,420,1
6,0,1,143655,1,5,8234,7022,18,48,-1212,23942.5,864,1
2,0,2,73027,0,1,7198,7238,43,59,40,36513.5,2537,0
4,2,2,76304,0,4,2718,3090,16,17,372,15260.8,272,2
7,1,2,25000,2,3,6766,5574,32,57,-1192,6250.0,1824,0
0,0,2,82666,3,2,6684,7114,8,63,430,27555.333333333332,504,1
9,0,0,89260,0,4,11685,19648,25,82,7963,17852.0,2050,1
9,0,0,134426,4,2,11207,10246,57,5,-961,44808.666666666664,285,1
9,0,0,132061,0,1,3424,4126,71,42,702,66030.5,2982,1
8,1,2,40449,0,0,9164,10067,16,25,903,40449.0,400,0
4,1,0,51762,2,2,4148,3214,37,42,-934,17254.0,1554,0
4,2,2,96561,0,5,872,1421,5,52,549,16093.5,260,2
5,0,2,57459,0,1,11534,16243,32,95,4709,28729.5,3040,1
8,1,2,41336,0,0,9215,10402,58,85,1187,41336.0,4930,0
0,0,2,71527,3,6,4262,3326,29,67,-936,10218.142857142857,1943,1
5,0,2,65005,0,4,6171,6268,47,18,97,13001.0,846,1
2,0,2,71147,0,3,3588,3050,47,49,-538,17786.75,2303,0
9,0,0,126763,4,6,13762,17949,52,82,4187,18109.0,4264,1
3,2,1,180753,1,5,13051,21553,45,31,8502,30125.5,1395,1
9,0,2,98716,0,4,3876,6352,100,6,2476,19743.2,600,1
9,0,0,115900,0,2,10231,7264,75,53,-2967,38633.333333333336,3975,1
5,0,2,66818,0,4,10294,10859,56,52,565,13363.6,2912,2
9,0,2,113130,0,3,12633,15765,78,61,3132,28282.5,4758,1
8,1,2,34128,0,2,7691,10250,12,23,2559,11376.0,276,0
1,2,1,58088,4,3,4059,3933,23,19,-126,14522.0,437,1
9,0,0,125614,4,2,8755,16230,60,53,7475,41871.333333333336,3180,1
9,0,2,97275,0,5,13865,11994,72,59,-1871,16212.5,4248,2
7,1,2,31100,2,2,9961,11085,32,40,1124,10366.666666666666,1280,0
4,2,2,86568,0,4,11518,11824,25,44,306,17313.6,1100,2
9,0,2,90272,0,2,5444,5312,35,28,-132,30090.666666666668,980,1
3,2,1,70446,0,4,9040,10083,22,55,1043,14089.2,1210,1
8,1,2,43496,0,3,5423,6337,52,38,914,10874.0,1976,0
9,0,0,126643,4,3,9621,16463,29,60,6842,31660.75,1740,1
6,0,1,117429,1,8,12545,13934,42,72,1389,13047.666666666666,3024,1
3,2,1,85759,0,5,11620,15953,62,86,4333,14293.166666666666,5332,1
1,2,1,58982,4,3,8620,11330,34,64,2710,14745.5,2176,1
7,1,2,33121,2,0,11040,8167,28,56,-2873,33121.0,1568,0
4,2,2,91526,0,2,9092,12633,66,28,3541,30508.666666666668,1848,1
4,1,0,37782,2,4,7321,5340,35,49,-1981,7556.4,1715,0
9,0,0,160581,4,3,5413,7541,58,44,2128,40145.25,2552,1
9,0,0,147074,4,5,12860,9108,77,57,-3752,24512.333333333332,4389,1
5,0,2,64045,0,5,4448,3678,80,32,-770,10674.166666666666,2560,1
2,0,2,65062,0,3,14549,18089,44,38,3540,16265.5,1672,2
4,2,2,69782,0,2,8086,11657,41,22,3571,23260.666666666668,902,2
1,2,1,58171,4,3,7261,5827,7,29,-1434,14542.75,203,1
1,2,1,60829,4,5,9183,7072,12,30,-2111,10138.166666666666,360,1
8,1,2,45624,0,4,4478,4020,20,45,-458,9124.8,900,0
9,0,2,115709,0,2,5911,6151,85,34,240,38569.666666666664,2890,1
6,0,1,140736,1,8,7869,9809,0,68,1940,15637.333333333334,0,1
9,0,0,139161,0,2,9275,13752,44,29,4477,46387.0,1276,1
9,0,0,135868,4,4,4898,5064,43,14,166,27173.6,602,1
3,2,1,86105,0,1,10411,12446,51,33,2035,43052.5,1683,1
9,0,0,142039,4,3,14813,28549,82,20,13736,35509.75,1640,1
9,0,2,90490,0,7,13683,19518,53,39,5835,11311.25,2067,1
4,1,0,35662,2,4,11501,8514,58,65,-2987,7132.4,3770,0
9,0,2,99414,0,2,8354,5967,69,25,-2387,33138.0,1725,1
0,0,2,78127,3,6,5955,6972,2,35,1017,11161.0,70,1
6,0,1,133664,1,4,751,1402,53,25,651,26732.8,1325,1
6,0,1,178504,1,9,3613,5363,63,83,1750,17850.4,5229,1
4,1,0,34947,2,1,12858,12040,45,15,-818,17473.5,675,0
6,0,1,140205,1,5,4474,7435,26,53,2961,23367.5,1378,1
4,1,0,49266,2,0,3850,4739,33,52,889,49266.0,1716,0
6,0,1,153932,1,6,4421,3328,26,63,-1093,21990.285714285714,1638,1
7,1,2,29923,2,2,13206,9602,0,51,-3604,9974.333333333334,0,0
8,1,2,38960,0,0,8139,9388,19,56,1249,38960.0,1064,0
3,2,1,80447,0,4,6386,5871,43,56,-515,16089.4,2408,1
2,0,2,55768,0,4,6392,5984,35,12,-408,11153.6,420,2
6,0,1,158364,1,3,8647,12704,27,39,4057,39591.0,1053,1
9,0,0,128696,0,4,13653,24825,72,81,11172,25739.2,5832,1
4,2,2,93868,0,3,14258,10530,39,58,-3728,23467.0,2262,1
6,0,1,138454,1,5,3828,5427,33,26,1599,23075.666666666668,858,1
7,1,2,31515,2,1,7281,5712,51,48,-1569,15757.5,2448,0
3,2,1,199869,1,9,14657,15545,46,39,888,19986.9,1794,1
4,1,0,37136,2,3,2890,2808,46,52,-82,9284.0,2392,0
2,0,2,59996,0,4,9565,9054,21,29,-511,11999.2,609,0
3,2,1,165315,1,9,12296,10919,33,65,-1377,16531.5,2145,1
2,0,2,53642,0,4,2997,4138,50,82,1141,10728.4,4100,2
7,1,2,27169,2,2,4268,4800,15,35,532,9056.333333333334,525,0
3,2,1,200677,1,7,14153,22590,42,19,8437,25084.625,798,1
5,0,2,61311,0,4,9521,8615,28,47,-906,12262.2,1316,2
2,0,2,81072,0,0,13006,11979,38,39,-1027,81072.0,1482,0
4,1,0,42348,2,1,11013,14138,51,42,3125,21174.0,2142,0
5,0,2,63879,0,2,3256,5093,52,15,1837,21293.0,780,1
9,0,0,118241,4,4,2793,4344,41,58,1551,23648.2,2378,1
5,0,2,48798,0,2,3515,3881,3,73,366,16266.0,219,2
3,2,1,79127,0,5,1462,1498,44,77,36,13187.833333333334,3388,1
9,0,0,121304,4,0,14247,15784,63,50,1537,121304.0,3150,1
0,0,2,78088,3,5,11448,15949,37,64,4501,13014.666666666666,2368,1
4,2,2,93862,0,4,604,744,30,67,140,18772.4,2010,1
9,0,0,140458,4,3,14304,20983,77,58,6679,35114.5,4466,1
9,0,0,84367,0,2,12086,22582,52,62,10496,28122.333333333332,3224,2
9,0,0,111136,4,2,4083,5670,60,19,1587,37045.333333333336,1140,1
5,0,2,67574,0,1,6614,6316,48,51,-298,33787.0,2448,1
3,2,1,181791,1,10,10948,8915,16,43,-2033,16526.454545454544,688,1
6,0,1,109696,1,7,8416,7105,52,53,-1311,13712.0,2756,1
9,0,0,122930,4,3,608,624,79,47,16,30732.5,3713,1
1,2,1,51366,4,5,7239,9190,9,41,1951,8561.0,369,1
9,0,0,109752,4,0,9173,10752,63,39,1579,109752.0,2457,1
1,2,1,46120,4,4,5197,7030,33,62,1833,9224.0,2046,1
1,2,1,45785,4,3,13822,17753,20,36,3931,11446.25,720,1
4,2,2,65669,0,4,3437,5407,5,35,1970,13133.8,175,1
6,0,1,119083,1,8,2078,2176,13,47,98,13231.444444444445,611,1
9,0,0,128831,4,3,4448,9573,97,34,5125,32207.75,3298,1
3,2,1,171998,1,7,9125,8977,28,33,-148,21499.75,924,1
0,0,2,85383,3,4,6307,6688,86,24,381,17076.6,2064,1
4,2,2,78826,0,4,7002,6249,41,8,-753,15765.2,328,2
7,1,2,26810,2,0,7152,7324,9,70,172,26810.0,630,0
3,2,1,175073,1,6,4484,7561,38,56,3077,25010.428571428572,2128,1
2,0,2,61380,0,3,11707,15677,3,25,3970,15345.0,75,2
3,2,1,91724,0,5,14561,25294,38,40,10733,15287.333333333334,1520,1
9,0,0,126745,0,3,7140,5731,80,68,-1409,31686.25,5440,1
8,1,2,32418,0,0,9555,7410,58,32,-2145,32418.0,1856,0
9,0,0,150385,4,4,10932,14896,36,61,3964,30077.0,2196,1
4,1,0,35602,2,1,3307,2350,56,30,-957,17801.0,1680,0
5,0,2,69515,0,3,14349,18021,30,53,3672,17378.75,1590,1
3,2,1,90623,0,5,13351,13074,16,26,-277,15103.833333333334,416,1
3,2,1,186048,1,3,14556,22680,7,58,8124,46512.0,406,1
6,0,1,133184,1,7,9153,11843,42,31,2690,16648.0,1302,1
9,0,2,91802,0,1,3963,3044,67,74,-919,45901.0,4958,1
5,0,2,63120,0,4,4941,5378,43,71,437,12624.0,3053,1
6,0,1,139632,1,8,1718,2156,45,21,438,15514.666666666666,945,1
6,0,1,143702,1,7,9397,15068,34,36,5671,17962.75,1224,1
3,2,1,86619,0,5,1039,993,14,33,-46,14436.5,462,1
6,0,1,140753,1,7,14433,12399,27,17,-2034,17594.125,459,1
9,0,0,148912,4,4,3894,4990,79,8,1096,29782.4,632,1
9,0,0,114875,4,5,12824,16691,97,34,3867,19145.833333333332,3298,1
6,0,1,110341,1,9,1760,2319,43,36,559,11034.1,1548,1
9,0,0,145560,4,5,9739,11847,69,48,2108,24260.0,3312,1
3,2,1,162997,1,8,14174,34394,51,58,20220,18110.777777777777,2958,1
3,2,1,101782,0,5,9356,18187,32,44,8831,16963.666666666668,1408,1
8,1,2,45229,0,5,12879,13112,36,28,233,7538.166666666667,1008,2
4,2,2,67003,0,2,11793,8820,32,71,-2973,22334.333333333332,2272,2
1,2,1,51099,4,5,12713,14714,20,32,2001,8516.5,640,1
9,0,0,119726,4,3,2100,3074,63,44,974,29931.5,2772,1
9,0,2,82470,0,6,14240,14005,80,22,-235,11781.42857142857,1760,1
7,1,2,28830,2,1,10415,12209,67,38,1794,14415.0,2546,0
3,2,1,163812,1,8,6999,13652,46,51,6653,18201.333333333332,2346,1
9,0,0,110809,4,4,10889,12293,67,33,1404,22161.8,2211,1
4,2,2,99333,0,0,7881,7841,26,46,-40,99333.0,1196,1
9,0,2,93929,0,3,6329,8750,74,47,2421,23482.25,3478,1
8,1,2,44493,0,3,7575,5787,6,53,-1788,11123.25,318,0
3,2,1,80003,0,3,10098,19389,14,47,9291,20000.75,658,1
9,0,0,103190,0,1,13151,15904,49,58,2753,51595.0,2842,1
2,0,2,71504,0,1,13575,17464,24,65,3889,35752.0,1560,0
4,1,0,38898,2,0,1704,2170,33,42,466,38898.0,1386,0
2,0,2,79960,0,1,3026,3279,30,45,253,39980.0,1350,0
4,1,0,52896,2,1,13343,14784,48,45,1441,26448.0,2160,0
4,1,0,43149,2,2,6883,6155,61,43,-728,14383.0,2623,0
7,1,2,36280,2,2,2245,2564,15,70,319,12093.333333333334,1050,0
9,0,0,125953,4,1,5550,4575,41,77,-975,62976.5,3157,1
7,1,2,36053,2,0,12973,9559,60,38,-3414,36053.0,2280,0
9,0,0,115015,0,3,2670,4694,83,26,2024,28753.75,2158,2
9,0,0,107288,4,4,7561,9900,42,56,2339,21457.6,2352,1
1,2,1,52209,4,5,9588,8037,26,41,-1551,8701.5,1066,1
8,1,2,44292,0,0,2192,2892,31,64,700,44292.0,1984,2
9,0,0,108877,0,3,6298,9477,98,41,3179,27219.25,4018,2
9,0,0,113923,0,5,10280,13729,75,27,3449,18987.166666666668,2025,1
4,2,2,109564,0,5,5815,4969,42,23,-846,18260.666666666668,966,1
9,0,0,108546,4,5,5281,8092,66,40,2811,18091.0,2640,1
8,1,2,38231,0,2,13265,17163,10,40,3898,12743.666666666666,400,0
4,1,0,48696,2,1,9667,8411,55,15,-1256,24348.0,825,0
3,2,1,164926,1,8,9037,13760,44,73,4723,18325.11111111111,3212,1
3,2,1,82122,0,5,6737,7128,39,7,391,13687.0,273,1
9,0,0,106467,4,5,4905,5058,61,21,153,17744.5,1281,1
2,0,2,73709,0,0,8579,8873,65,36,294,73709.0,2340,2
9,0,0,104667,0,2,3239,3869,88,35,630,34889.0,3080,1
2,0,2,86733,0,5,7399,9887,25,44,2488,14455.5,1100,2
5,0,2,56213,0,1,13323,17838,27,46,4515,28106.5,1242,1
7,1,2,31389,2,0,4623,4092,4,43,-531,31389.0,172,0
4,1,0,44348,2,1,10740,11759,11,52,1019,22174.0,572,0
3,2,1,181988,1,8,10603,16414,48,35,5811,20220.88888888889,1680,1
5,0,2,72431,0,1,2252,2598,19,75,346,36215.5,1425,1
2,0,2,71271,0,2,610,869,52,62,259,23757.0,3224,2
7,1,2,29355,2,1,14288,15435,56,63,1147,14677.5,3528,0
8,1,2,45255,0,0,13673,11677,52,32,-1996,45255.0,1664,0
5,0,2,77139,0,2,5984,5718,13,31,-266,25713.0,403,1
0,0,2,81931,3,2,13992,14923,34,75,931,27310.333333333332,2550,1
9,0,0,160032,4,2,5422,4248,35,95,-1174,53344.0,3325,1
3,2,1,153119,1,8,11891,13705,27,25,1814,17013.222222222223,675,1
5,0,2,60002,0,2,5647,7364,34,45,1717,20000.666666666668,1530,2
8,1,2,42027,0,1,5728,7185,30,35,1457,21013.5,1050,0
4,1,0,41164,2,2,11886,11254,5,65,-632,13721.333333333334,325,0
3,2,1,203085,1,6,13311,22889,26,37,9578,29012.14285714286,962,1
7,1,2,30830,2,2,6661,4874,40,32,-1787,10276.666666666666,1280,0
0,0,2,64269,3,3,13375,11102,15,73,-2273,16067.25,1095,1
7,1,2,29492,2,0,2365,2945,4,53,580,29492.0,212,0
9,0,2,111490,0,3,10203,7576,65,64,-2627,27872.5,4160,1
9,0,0,129920,4,6,11669,20997,46,64,9328,18560.0,2944,1
9,0,0,97422,4,5,12414,10043,88,26,-2371,16237.0,2288,1
4,1,0,36332,2,0,3934,3723,12,77,-211,36332.0,924,0
4,2,2,118802,0,4,5273,8543,36,37,3270,23760.4,1332,1
0,0,2,91006,3,5,14390,19057,37,43,4667,15167.666666666666,1591,1
3,2,1,84404,0,5,8680,6403,31,39,-2277,14067.333333333334,1209,1
3,2,1,81100,0,4,5461,8238,22,45,2777,16220.0,990,1
2,0,2,72696,0,4,11291,8033,22,79,-3258,14539.2,1738,0
4,1,0,49604,2,2,7432,5799,30,32,-1633,16534.666666666668,960,0
9,0,0,93445,0,2,7857,11016,61,62,3159,31148.333333333332,3782,1
5,0,2,60489,0,4,10039,13334,51,39,3295,12097.8,1989,1
1,2,1,60075,4,4,8800,13062,29,37,4262,12015.0,1073,1
1,2,1,49458,4,3,1102,1603,37,40,501,12364.5,1480,1
4,1,0,48820,2,3,13808,14692,61,60,884,12205.0,3660,0
3,2,1,225044,1,8,10955,11920,40,29,965,25004.88888888889,1160,1
9,0,0,127034,0,3,13098,16143,87,46,3045,31758.5,4002,2
3,2,1,80605,0,3,11390,16773,40,50,5383,20151.25,2000,1
9,0,0,112901,4,4,11100,10717,88,32,-383,22580.2,2816,1
9,0,0,128644,4,3,9727,10771,85,30,1044,32161.0,2550,1
4,2,2,98276,0,3,5932,8788,5,10,2856,24569.0,50,2
9,0,0,120158,0,4,672,1157,45,50,485,24031.6,2250,2
2,0,2,71201,0,0,4137,4573,35,62,436,71201.0,2170,0
4,1,0,54338,2,2,8999,6659,63,28,-2340,18112.666666666668,1764,0
3,2,1,171697,1,7,11766,17334,0,60,5568,21462.125,0,1
9,0,2,110299,0,5,7803,10776,56,82,2973,18383.166666666668,4592,1
8,1,2,42681,0,1,8086,10290,7,34,2204,21340.5,238,0
4,1,0,39017,2,0,8699,8776,31,60,77,39017.0,1860,0
7,1,2,28283,2,3,902,943,11,43,41,7070.75,473,0
9,0,0,145942,0,0,5340,6089,81,42,749,145942.0,3402,1
6,0,1,141724,1,6,1906,1957,34,48,51,20246.285714285714,1632,1
0,0,2,65297,3,6,12462,10079,0,27,-2383,9328.142857142857,0,2
7,1,2,33820,2,0,5610,5328,24,53,-282,33820.0,1272,0
5,0,2,70429,0,2,13349,13144,28,44,-205,23476.333333333332,1232,1
1,2,1,63858,4,2,8412,12302,59,34,3890,21286.0,2006,1
5,0,2,65450,0,4,2099,3265,3,54,1166,13090.0,162,1
4,1,0,41476,2,1,11915,14935,42,46,3020,20738.0,1932,0
7,1,2,25000,2,0,1600,1564,30,53,-36,25000.0,1590,0
9,0,0,133844,4,0,13774,16267,84,59,2493,133844.0,4956,1
9,0,0,138966,4,3,14412,18891,50,31,4479,34741.5,1550,1
3,2,1,76284,0,3,2291,2792,13,44,501,19071.0,572,1
6,0,1,126870,1,7,12632,22062,69,40,9430,15858.75,2760,1
1,2,1,53888,4,5,3358,3899,23,32,541,8981.333333333334,736,1
9,0,0,141716,4,3,5922,11591,61,28,5669,35429.0,1708,1
8,1,2,40206,0,3,8070,8699,0,88,629,10051.5,0,0
4,2,2,83794,0,7,7136,11382,27,43,4246,10474.25,1161,2
9,0,0,163762,4,2,10993,19789,72,60,8796,54587.333333333336,4320,1
8,1,2,36478,0,4,978,905,46,38,-73,7295.6,1748,0
6,0,1,118312,1,6,3732,6919,66,13,3187,16901.714285714286,858,1
3,2,1,156521,1,5,7537,12658,5,95,5121,26086.833333333332,475,1
9,0,0,124819,4,2,12046,11080,99,59,-966,41606.333333333336,5841,1
9,0,2,92786,0,5,5060,5500,81,49,440,15464.333333333334,3969,1
3,2,1,159844,1,6,2167,2573,31,33,406,22834.85714285714,1023,1
9,0,0,123744,4,5,6493,4603,94,18,-1890,20624.0,1692,1
9,0,2,98833,0,2,7996,11491,87,52,3495,32944.333333333336,4524,1
2,0,2,73370,0,3,11488,17966,27,77,6478,18342.5,2079,0
1,2,1,54451,4,5,10971,12939,48,45,1968,9075.166666666666,2160,1
3,2,1,162448,1,9,6867,12013,46,33,5146,16244.8,1518,1
8,1,2,44195,0,2,10117,13077,50,53,2960,14731.666666666666,2650,0
7,1,2,28988,2,0,6266,7454,47,32,1188,28988.0,1504,0
3,2,1,157218,1,7,3326,7883,65,43,4557,19652.25,2795,1
6,0,1,139624,1,6,10567,16145,17,25,5578,19946.285714285714,425,1
9,0,0,124192,0,4,11511,14861,69,20,3350,24838.4,1380,2
7,1,2,29172,2,0,2431,2548,33,25,117,29172.0,825,0
2,0,2,63989,0,4,2416,2217,43,42,-199,12797.8,1806,0
7,1,2,26135,2,3,11861,12433,36,27,572,6533.75,972,0
1,2,1,52028,4,3,6864,6505,72,71,-359,13007.0,5112,1
3,2,1,162848,1,6,2758,4617,17,42,1859,23264.0,714,1
8,1,2,37813,0,2,7431,9603,47,38,2172,12604.333333333334,1786,0
5,0,2,74480,0,3,10912,13028,7,70,2116,18620.0,490,2
4,1,0,46305,2,2,11071,14016,30,66,2945,15435.0,1980,0
1,2,1,54885,4,7,3233,2622,35,28,-611,6860.625,980,1
2,0,2,66209,0,1,2798,2625,58,60,-173,33104.5,3480,2
7,1,2,25000,2,3,14295,15709,12,40,1414,6250.0,480,0
3,2,1,154255,1,10,1378,1416,23,55,38,14023.181818181818,1265,1
9,0,0,139145,4,3,8439,13767,97,35,5328,34786.25,3395,1
9,0,2,97380,0,4,13856,14218,100,66,362,19476.0,6600,1
1,2,1,55961,4,5,8781,12161,51,30,3380,9326.833333333334,1530,1
8,1,2,38804,0,2,11718,8844,44,48,-2874,12934.666666666666,2112,0
8,1,2,39024,0,2,12134,15545,70,38,3411,13008.0,2660,2
5,0,2,65343,0,0,3240,3817,45,70,577,65343.0,3150,1
3,2,1,188808,1,9,1005,1444,15,57,439,18880.8,855,1
2,0,2,54249,0,4,1035,1222,30,56,187,10849.8,1680,2
9,0,2,95789,0,2,9308,6594,95,40,-2714,31929.666666666668,3800,1
9,0,0,128061,4,4,13291,23455,79,29,10164,25612.2,2291,1
3,2,1,168825,1,5,12665,21057,26,19,8392,28137.5,494,1
1,2,1,58044,4,3,8869,11557,33,47,2688,14511.0,1551,1
3,2,1,164972,1,8,2371,3868,4,59,1497,18330.222222222223,236,1
4,2,2,70769,0,6,9398,15498,21,40,6100,10109.857142857143,840,2
1,2,1,62711,4,5,13977,11895,42,63,-2082,10451.833333333334,2646,1
4,2,2,78595,0,2,12279,17504,20,40,5225,26198.333333333332,800,2
1,2,1,52493,4,4,4080,3001,0,24,-1079,10498.6,0,1
9,0,0,137869,0,1,12558,10996,76,32,-1562,68934.5,2432,1
2,0,2,58221,0,3,14832,14943,50,76,111,14555.25,3800,0
5,0,2,47484,0,3,4805,5374,47,38,569,11871.0,1786,1
0,0,2,91349,3,6,13881,20323,7,59,6442,13049.857142857143,413,1
5,0,2,62938,0,1,14676,16895,32,53,2219,31469.0,1696,1
4,2,2,78411,0,3,13801,15563,0,47,1762,19602.75,0,2
9,0,2,103588,0,4,13782,15117,54,17,1335,20717.6,918,1
4,1,0,49255,2,2,6244,6365,13,36,121,16418.333333333332,468,0
3,2,1,72992,0,4,7515,9846,39,15,2331,14598.4,585,1
3,2,1,159380,1,8,2781,5309,37,30,2528,17708.88888888889,1110,1
0,0,2,95362,3,4,3890,4269,71,22,379,19072.4,1562,1
3,2,1,188029,1,6,6247,9647,11,39,3400,26861.285714285714,429,1
2,0,2,75122,0,2,10278,8264,60,79,-2014,25040.666666666668,4740,0
9,0,0,135753,4,6,5802,4711,75,79,-1091,19393.285714285714,5925,1
2,0,2,57185,0,1,9883,12440,34,38,2557,28592.5,1292,0
0,0,2,97169,3,4,8928,9109,25,60,181,19433.8,1500,1
9,0,0,140880,4,2,12789,11817,60,13,-972,46960.0,780,1
6,0,1,121141,1,7,1471,1255,61,71,-216,15142.625,4331,1
0,0,2,77504,3,2,11246,13190,13,40,1944,25834.666666666668,520,1
4,1,0,44706,2,1,14689,10669,44,57,-4020,22353.0,2508,0
9,0,2,94678,0,6,2896,2651,86,51,-245,13525.42857142857,4386,1
0,0,2,82620,3,5,4555,7250,49,55,2695,13770.0,2695,1
5,0,2,59107,0,2,2829,2972,22,62,143,19702.333333333332,1364,2
3,2,1,67726,0,2,4902,7862,28,31,2960,22575.333333333332,868,1
8,1,2,35691,0,1,7905,10714,34,44,2809,17845.5,1496,0
3,2,1,80741,0,0,13518,11785,35,25,-1733,80741.0,875,1
8,1,2,40781,0,4,8947,9956,23,36,1009,8156.2,828,0
4,1,0,41400,2,2,14873,15432,7,53,559,13800.0,371,0
5,0,2,52471,0,3,8496,7954,47,40,-542,13117.75,1880,1
3,2,1,211875,1,6,540,533,62,12,-7,30267.85714285714,744,1
4,1,0,33830,2,2,8011,8050,38,13,39,11276.666666666666,494,0
0,0,2,80850,3,3,1537,2295,7,53,758,20212.5,371,1
8,1,2,45201,0,1,4068,4063,7,48,-5,22600.5,336,0
0,0,2,102054,3,5,3970,3589,46,56,-381,17009.0,2576,1
2,0,2,61350,0,2,5789,4066,0,21,-1723,20450.0,0,2
7,1,2,30843,2,0,9467,7805,46,5,-1662,30843.0,230,0
9,0,0,123639,4,3,9775,9413,86,77,-362,30909.75,6622,1
4,2,2,86583,0,3,6131,10215,42,54,4084,21645.75,2268,1
9,0,0,121491,4,3,2131,1875,66,57,-256,30372.75,3762,1
9,0,0,137132,4,6,2535,1834,86,19,-701,19590.285714285714,1634,1
5,0,2,68470,0,4,7979,7490,53,41,-489,13694.0,2173,2
8,1,2,42622,0,1,3814,4721,17,29,907,21311.0,493,0
6,0,1,145589,1,5,11149,20183,45,54,9034,24264.833333333332,2430,1
9,0,0,124307,4,3,14826,20061,60,70,5235,31076.75,4200,1
9,0,0,112181,0,3,11224,13232,42,73,2008,28045.25,3066,2
2,0,2,62746,0,3,1850,2574,47,45,724,15686.5,2115,0
3,2,1,86200,0,1,11131,8008,36,58,-3123,43100.0,2088,1
9,0,0,126942,4,2,6993,13352,100,55,6359,42314.0,5500,1
4,1,0,47082,2,0,11959,12388,47,26,429,47082.0,1222,0
8,1,2,40417,0,1,11239,13982,47,47,2743,20208.5,2209,0
4,1,0,39837,2,5,2059,1891,58,59,-168,6639.5,3422,0
9,0,2,107927,0,3,8312,12727,44,13,4415,26981.75,572,2
9,0,0,146239,4,6,10226,13646,84,51,3420,20891.285714285714,4284,1
1,2,1,56958,4,4,11640,11936,41,63,296,11391.6,2583,1
9,0,0,126619,4,7,632,973,89,30,341,15827.375,2670,1
0,0,2,84628,3,2,2475,2096,47,66,-379,28209.333333333332,3102,1
4,1,0,37761,2,1,2665,3321,25,13,656,18880.5,325,0
9,0,0,111617,0,3,4251,3429,46,35,-822,27904.25,1610,1
9,0,0,115649,0,5,12472,15059,34,57,2587,19274.833333333332,1938,2
9,0,0,114218,0,2,5633,5943,79,49,310,38072.666666666664,3871,1
6,0,1,150063,1,8,5402,8511,40,61,3109,16673.666666666668,2440,1
8,1,2,42439,0,0,13172,14368,28,58,1196,42439.0,1624,0
3,2,1,91547,0,3,11594,9577,17,14,-2017,22886.75,238,1
9,0,0,103402,0,3,9191,13206,87,46,4015,25850.5,4002,1
9,0,0,115240,4,3,10499,13802,84,22,3303,28810.0,1848,1
5,0,2,72550,0,1,6253,5895,13,54,-358,36275.0,702,1
3,2,1,105952,0,4,12759,15352,22,67,2593,21190.4,1474,1
6,0,1,126679,1,8,7245,7106,56,79,-139,14075.444444444445,4424,1
3,2,1,114225,0,2,7748,10377,65,50,2629,38075.0,3250,1
9,0,0,103864,0,2,2146,1981,57,43,-165,34621.333333333336,2451,2
4,2,2,91529,0,4,2517,2652,5,10,135,18305.8,50,2
4,1,0,48400,2,1,6791,6078,58,42,-713,24200.0,2436,0
8,1,2,33567,0,1,5652,5434,17,35,-218,16783.5,595,0
9,0,2,122429,0,5,5037,7542,82,55,2505,20404.833333333332,4510,1
9,0,2,92582,0,4,9566,11750,63,31,2184,18516.4,1953,1
3,2,1,167988,1,8,12315,23521,48,68,11206,18665.333333333332,3264,1
2,0,2,67327,0,3,13262,15999,28,72,2737,16831.75,2016,0
0,0,2,88438,3,2,14378,10077,45,69,-4301,29479.333333333332,3105,1
9,0,2,92837,0,5,8982,11238,21,47,2256,15472.833333333334,987,1
1,2,1,65112,4,3,3590,2621,19,53,-969,16278.0,1007,1
2,0,2,73457,0,1,11086,14556,35,54,3470,36728.5,1890,0
4,2,2,102462,0,2,13505,15424,23,82,1919,34154.0,1886,2
5,0,2,64678,0,6,6822,4972,62,71,-1850,9239.714285714286,4402,2
9,0,2,89497,0,2,8685,7551,57,38,-1134,29832.333333333332,2166,1
9,0,0,104656,0,4,9155,12880,53,48,3725,20931.2,2544,2
7,1,2,30161,2,2,5685,4675,16,14,-1010,10053.666666666666,224,0
8,1,2,35541,0,1,14603,12909,18,30,-1694,17770.5,540,0
8,1,2,41063,0,2,6486,7802,29,44,1316,13687.666666666666,1276,0
3,2,1,101717,0,5,3330,6631,45,34,3301,16952.833333333332,1530,1
4,2,2,89480,0,5,1695,2124,69,35,429,14913.333333333334,2415,1
3,2,1,176276,1,9,1606,2930,47,65,1324,17627.6,3055,1
2,0,2,70521,0,4,4034,3695,30,43,-339,14104.2,1290,0
6,0,1,133659,1,9,1490,1452,40,48,-38,13365.9,1920,1
1,2,1,63150,4,4,5193,5262,77,27,69,12630.0,2079,1
4,2,2,56104,0,3,7306,8905,35,32,1599,14026.0,1120,1
4,1,0,41910,2,4,7090,8058,15,80,968,8382.0,1200,0
3,2,1,69159,0,1,9291,14234,56,43,4943,34579.5,2408,1
3,2,1,181501,1,8,3001,3727,17,59,726,20166.777777777777,1003,1
9,0,0,101694,0,1,5577,7392,60,28,1815,50847.0,1680,1
1,2,1,51855,4,5,3829,3192,23,39,-637,8642.5,897,1
1,2,1,56207,4,3,5853,8341,44,52,2488,14051.75,2288,1
3,2,1,138513,1,8,10892,21840,23,38,10948,15390.333333333334,874,1
2,0,2,77959,0,4,11947,10446,36,60,-1501,15591.8,2160,2
4,1,0,42810,2,4,14368,15063,32,65,695,8562.0,2080,0
9,0,0,117066,4,5,4505,6351,67,24,1846,19511.0,1608,1
6,0,1,125034,1,7,7618,5440,32,92,-2178,15629.25,2944,1
5,0,2,73997,0,4,10531,13713,34,15,3182,14799.4,510,1
9,0,0,111971,4,0,5567,7025,53,59,1458,111971.0,3127,1
9,0,0,124609,0,3,707,800,35,56,93,31152.25,1960,1
4,1,0,43944,2,1,685,520,18,51,-165,21972.0,918,0
5,0,2,63188,0,3,6180,6086,31,37,-94,15797.0,1147,2
1,2,1,54130,4,4,13328,19969,38,27,6641,10826.0,1026,1
9,0,0,132048,4,5,6592,13894,71,12,7302,22008.0,852,1
4,1,0,59205,2,3,13297,10830,17,51,-2467,14801.25,867,0
4,1,0,41597,2,0,2434,2308,34,51,-126,41597.0,1734,0
7,1,2,32455,2,0,13723,14844,37,35,1121,32455.0,1295,0
2,0,2,65762,0,0,9082,9222,15,54,140,65762.0,810,0
2,0,2,72357,0,2,12170,18677,0,95,6507,24119.0,0,2
3,2,1,102807,0,5,1762,1478,30,30,-284,17134.5,900,1
5,0,2,63058,0,4,8868,13292,40,65,4424,12611.6,2600,1
9,0,0,149001,4,6,8685,10200,70,46,1515,21285.85714285714,3220,1
9,0,0,134885,4,3,6524,9755,69,56,3231,33721.25,3864,1
2,0,2,75731,0,4,13170,12232,29,82,-938,15146.2,2378,0
6,0,1,150034,1,6,9902,15789,36,46,5887,21433.428571428572,1656,1
9,0,2,51262,0,5,12636,11124,56,36,-1512,8543.666666666666,2016,1
9,0,0,114330,4,6,1221,1099,95,56,-122,16332.857142857143,5320,1
9,0,2,86027,0,2,1253,2111,79,42,858,28675.666666666668,3318,1
7,1,2,27165,2,0,6774,6411,39,62,-363,27165.0,2418,0
9,0,0,143822,4,5,14549,17482,65,49,2933,23970.333333333332,3185,1
1,2,1,50551,4,6,13658,13528,33,11,-130,7221.571428571428,363,1
9,0,2,71691,0,3,5772,8244,80,31,2472,17922.75,2480,1
8,1,2,47375,0,1,12301,17167,71,69,4866,23687.5,4899,0
2,0,2,64077,0,0,14033,10078,47,53,-3955,64077.0,2491,0
3,2,1,180523,1,6,6608,8913,0,70,2305,25789.0,0,1
1,2,1,62403,4,5,11531,15506,42,13,3975,10400.5,546,1
9,0,0,126078,4,4,4156,5198,58,25,1042,25215.6,1450,1
9,0,0,113739,4,5,7068,5401,73,24,-1667,18956.5,1752,1
6,0,1,126636,1,7,8120,7306,16,59,-814,15829.5,944,1
4,2,2,80665,0,5,14341,21458,7,78,7117,13444.166666666666,546,1
7,1,2,30401,2,0,1915,1926,28,10,11,30401.0,280,0
5,0,2,64310,0,6,630,792,65,50,162,9187.142857142857,3250,1
9,0,2,116020,0,5,5277,6089,76,36,812,19336.666666666668,2736,2
4,2,2,82207,0,4,5479,8723,37,11,3244,16441.4,407,1
9,0,2,86067,0,4,8100,9744,54,29,1644,17213.4,1566,1
3,2,1,198660,1,9,8583,19995,44,37,11412,19866.0,1628,1
4,1,0,48986,2,1,9454,8897,13,74,-557,24493.0,962,0
9,0,0,136065,4,7,604,520,62,59,-84,17008.125,3658,1
9,0,0,131920,4,5,4317,6334,67,51,2017,21986.666666666668,3417,1
7,1,2,26507,2,0,10919,13083,28,44,2164,26507.0,1232,0
7,1,2,30936,2,3,523,458,80,50,-65,7734.0,4000,0
0,0,2,90955,3,6,12592,13708,46,52,1116,12993.57142857143,2392,1
9,0,0,134194,0,1,3861,4898,73,34,1037,67097.0,2482,1
9,0,2,102469,0,4,7378,8292,80,51,914,20493.8,4080,1
9,0,0,133380,4,4,2832,4750,89,28,1918,26676.0,2492,1
9,0,0,113294,0,0,1219,2212,61,59,993,113294.0,3599,1
6,0,1,114665,1,8,14352,19091,43,18,4739,12740.555555555555,774,1
8,1,2,47824,0,2,11982,10231,9,43,-1751,15941.333333333334,387,2
5,0,2,69302,0,4,12753,11974,49,48,-779,13860.4,2352,2
3,2,1,194609,1,7,2065,2242,42,50,177,24326.125,2100,1
9,0,0,140062,4,2,10940,23505,90,5,12565,46687.333333333336,450,1
9,0,0,137087,0,0,10197,12895,100,59,2698,137087.0,5900,1
9,0,0,109741,4,3,7626,7137,58,61,-489,27435.25,3538,1
9,0,2,88179,0,2,5278,6332,62,37,1054,29393.0,2294,2
0,0,2,66277,3,6,5661,4330,18,48,-1331,9468.142857142857,864,1
4,1,0,44869,2,2,14129,16056,14,22,1927,14956.333333333334,308,0
7,1,2,29246,2,3,7917,7884,57,50,-33,7311.5,2850,0
9,0,2,74987,0,4,1723,2907,84,45,1184,14997.4,3780,1
9,0,0,109509,4,5,13278,17416,82,6,4138,18251.5,492,1
9,0,0,116050,0,1,3046,3463,77,16,417,58025.0,1232,1
9,0,0,155949,4,5,7865,11435,57,34,3570,25991.5,1938,1
7,1,2,31721,2,0,7160,5913,0,62,-1247,31721.0,0,0
1,2,1,56390,4,4,6370,4537,54,21,-1833,11278.0,1134,2
5,0,2,80472,0,4,5551,4655,15,30,-896,16094.4,450,1
2,0,2,80177,0,2,14467,15437,35,58,970,26725.666666666668,2030,2
9,0,0,117068,0,4,3082,4330,65,32,1248,23413.6,2080,1
0,0,2,109812,3,4,12045,10746,66,29,-1299,21962.4,1914,2
9,0,0,115994,4,4,4022,7829,85,63,3807,23198.8,5355,1
9,0,0,150576,4,6,1994,2443,58,48,449,21510.85714285714,2784,1
7,1,2,28218,2,0,6992,6465,57,40,-527,28218.0,2280,0
9,0,0,114039,4,3,11594,13728,60,69,2134,28509.75,4140,1
2,0,2,80637,0,4,13936,11234,44,61,-2702,16127.4,2684,0
9,0,0,127799,4,2,7125,8968,81,44,1843,42599.666666666664,3564,1
1,2,1,55401,4,7,12756,9190,7,39,-3566,6925.125,273,1
9,0,2,84999,0,4,2051,3516,39,48,1465,16999.8,1872,1
9,0,0,105347,0,6,13671,23589,89,32,9918,15049.57142857143,2848,1
9,0,0,104815,0,3,695,1228,89,45,533,26203.75,4005,1
0,0,2,97550,3,5,13295,12850,66,49,-445,16258.333333333334,3234,1
9,0,0,130287,4,5,3746,4593,72,27,847,21714.5,1944,1
7,1,2,25000,2,1,11744,8646,57,53,-3098,12500.0,3021,0
3,2,1,174523,1,7,10102,16958,1,41,6856,21815.375,41,1
6,0,1,164441,1,4,13816,18187,29,60,4371,32888.2,1740,1
9,0,0,116425,4,5,1556,1398,41,31,-158,19404.166666666668,1271,1
6,0,1,183444,1,7,11083,18263,55,31,7180,22930.5,1705,1
4,2,2,63060,0,5,2610,2427,29,41,-183,10510.0,1189,2
6,0,1,139798,1,5,14381,20580,52,14,6199,23299.666666666668,728,1
9,0,0,122064,0,3,1199,1444,61,48,245,30516.0,2928,2
9,0,0,119907,4,5,3252,3159,63,45,-93,19984.5,2835,1
8,1,2,39073,0,0,13962,12900,54,24,-1062,39073.0,1296,0
5,0,2,68972,0,2,983,885,29,54,-98,22990.666666666668,1566,2
3,2,1,103273,0,3,7490,10341,50,41,2851,25818.25,2050,1
7,1,2,30888,2,0,4017,4264,27,66,247,30888.0,1782,0
2,0,2,77043,0,4,5085,6930,33,19,1845,15408.6,627,0
6,0,1,153380,1,9,2935,5149,10,65,2214,15338.0,650,1
3,2,1,207512,1,9,10644,16652,41,61,6008,20751.2,2501,1
9,0,2,97365,0,4,11105,10772,92,49,-333,19473.0,4508,2
5,0,2,56827,0,2,7250,11264,32,50,4014,18942.333333333332,1600,2
5,0,2,56255,0,5,1499,1740,39,54,241,9375.833333333334,2106,1
2,0,2,66963,0,3,6775,10420,45,42,3645,16740.75,1890,0
8,1,2,39834,0,3,3767,3850,14,67,83,9958.5,938,0
9,0,2,93650,0,5,10834,18335,81,56,7501,15608.333333333334,4536,1
4,2,2,108838,0,4,819,1330,19,19,511,21767.6,361,2
4,2,2,71574,0,4,12187,18308,19,47,6121,14314.8,893,2
5,0,2,69081,0,1,9421,12996,37,13,3575,34540.5,481,1
7,1,2,30863,2,0,9767,7081,48,11,-2686,30863.0,528,0
7,1,2,25000,2,0,6863,5299,15,71,-1564,25000.0,1065,0
9,0,0,147886,4,6,927,1453,66,32,526,21126.571428571428,2112,1
3,2,1,177854,1,7,4088,6324,55,54,2236,22231.75,2970,1
6,0,1,152950,1,7,13782,15637,43,50,1855,19118.75,2150,1
9,0,0,127450,4,6,13748,14847,92,78,1099,18207.14285714286,7176,1
1,2,1,43293,4,7,6356,6682,38,56,326,5411.625,2128,1
9,0,2,111345,0,1,3115,2239,83,24,-876,55672.5,1992,1
9,0,2,70328,0,4,11262,11290,79,24,28,14065.6,1896,1
2,0,2,59887,0,3,9243,9048,40,38,-195,14971.75,1520,0
4,2,2,111870,0,5,4094,6363,28,40,2269,18645.0,1120,2
0,0,2,73182,3,2,13564,20216,41,54,6652,24394.0,2214,1
7,1,2,26310,2,0,14249,12519,49,56,-1730,26310.0,2744,0
9,0,0,141482,4,1,4375,3480,68,48,-895,70741.0,3264,1
7,1,2,30339,2,1,13708,13776,37,46,68,15169.5,1702,0
6,0,1,135491,1,7,10192,15986,66,22,5794,16936.375,1452,1
4,1,0,50124,2,3,11977,9486,64,22,-2491,12531.0,1408,0
3,2,1,171731,1,7,9734,21448,32,72,11714,21466.375,2304,1
3,2,1,146196,1,8,3584,8414,39,57,4830,16244.0,2223,1
1,2,1,54536,4,4,5563,4524,52,37,-1039,10907.2,1924,1
5,0,2,52828,0,1,1121,1229,68,33,108,26414.0,2244,1
9,0,0,128117,4,4,4311,5335,100,70,1024,25623.4,7000,1
9,0,2,91790,0,2,826,1122,74,20,296,30596.666666666668,1480,1
5,0,2,73252,0,3,511,570,18,43,59,18313.0,774,1
6,0,1,141474,1,5,10561,17192,29,38,6631,23579.0,1102,1
4,2,2,100596,0,3,2637,3306,44,39,669,25149.0,1716,2
4,1,0,48650,2,3,3407,2946,30,25,-461,12162.5,750,0
9,0,0,108152,4,7,859,1412,75,32,553,13519.0,2400,1
3,2,1,170066,1,8,12045,10897,19,31,-1148,18896.222222222223,589,1
4,2,2,97928,0,1,2317,3514,20,31,1197,48964.0,620,2
0,0,2,65105,3,6,6478,6491,64,52,13,9300.714285714286,3328,2
7,1,2,26084,2,0,12043,12830,28,48,787,26084.0,1344,0
3,2,1,150129,1,8,2155,1771,21,27,-384,16681.0,567,1
2,0,2,75265,0,2,5785,8968,43,7,3183,25088.333333333332,301,0
9,0,0,124396,4,5,12498,19966,80,51,7468,20732.666666666668,4080,1
4,2,2,79329,0,3,10973,16864,21,12,5891,19832.25,252,2
3,2,1,91497,0,4,5698,6977,30,38,1279,18299.4,1140,1
4,1,0,50146,2,1,9707,8909,30,39,-798,25073.0,1170,0
4,2,2,100944,0,5,6346,5288,42,71,-1058,16824.0,2982,2
3,2,1,81011,0,6,10149,17111,10,34,6962,11573.0,340,1
8,1,2,47701,0,3,5526,5543,23,59,17,11925.25,1357,0
9,0,0,131349,4,7,3411,3592,64,55,181,16418.625,3520,1
4,1,0,52693,2,0,9885,9774,52,46,-111,52693.0,2392,0
0,0,2,96905,3,7,13129,19016,50,24,5887,12113.125,1200,1
9,0,0,142740,4,2,3483,4487,72,62,1004,47580.0,4464,1
7,1,2,31098,2,2,13751,11076,38,27,-2675,10366.0,1026,0
9,0,2,92128,0,2,10979,8823,67,31,-2156,30709.333333333332,2077,1
9,0,0,107432,0,3,8629,13887,100,67,5258,26858.0,6700,1
7,1,2,30415,2,0,12711,13607,30,40,896,30415.0,1200,0
9,0,2,100576,0,2,6182,10684,93,10,4502,33525.333333333336,930,1
9,0,0,192413,4,3,10923,16873,87,18,5950,48103.25,1566,1
0,0,2,98038,3,4,12115,18793,29,41,6678,19607.6,1189,1
5,0,2,66896,0,2,686,726,36,32,40,22298.666666666668,1152,1
9,0,2,92907,0,3,4588,6232,92,26,1644,23226.75,2392,1
7,1,2,32406,2,3,4705,3766,24,58,-939,8101.5,1392,0
4,1,0,49984,2,1,520,552,54,23,32,24992.0,1242,0
8,1,2,41317,0,0,7679,7530,16,73,-149,41317.0,1168,0
9,0,0,132705,4,5,14992,20154,74,33,5162,22117.5,2442,1
5,0,2,65535,0,0,14946,23904,22,38,8958,65535.0,836,2
7,1,2,25836,2,2,9446,9436,26,39,-10,8612.0,1014,0
9,0,0,108532,0,4,14079,16301,75,69,2222,21706.4,5175,2
4,2,2,79301,0,3,14656,20655,42,47,5999,19825.25,1974,2
3,2,1,77563,0,3,12923,23130,40,54,10207,19390.75,2160,1
9,0,0,152207,4,4,7893,16612,100,60,8719,30441.4,6000,1
4,2,2,95635,0,4,14356,16958,30,19,2602,19127.0,570,1
2,0,2,75725,0,3,828,988,49,62,160,18931.25,3038,0
2,0,2,83487,0,4,2215,3188,38,35,973,16697.4,1330,2
7,1,2,29304,2,2,3287,3762,17,30,475,9768.0,510,0
9,0,0,150166,4,3,12492,14294,67,52,1802,37541.5,3484,1
1,2,1,59346,4,5,2025,2518,34,52,493,9891.0,1768,1
3,2,1,173941,1,9,10553,19995,59,43,9442,17394.1,2537,1
4,1,0,48623,2,3,1007,990,29,57,-17,12155.75,1653,0
3,2,1,81049,0,4,3203,2786,60,24,-417,16209.8,1440,1
6,0,1,158563,1,6,7613,14007,26,34,6394,22651.85714285714,884,1
9,0,0,142528,4,5,2159,2182,65,43,23,23754.666666666668,2795,1
9,0,2,75514,0,4,3612,2775,31,58,-837,15102.8,1798,1
4,1,0,44256,2,2,9578,11788,43,17,2210,14752.0,731,0
2,0,2,82914,0,5,11323,12834,38,40,1511,13819.0,1520,0
2,0,2,80705,0,1,4391,3469,51,14,-922,40352.5,714,2
9,0,0,140788,4,1,6937,5522,79,58,-1415,70394.0,4582,1
1,2,1,52138,4,5,14260,14035,46,49,-225,8689.666666666666,2254,1
9,0,0,120417,4,4,1393,1478,57,56,85,24083.4,3192,1
9,0,0,159228,4,3,7505,7563,61,45,58,39807.0,2745,1
2,0,2,69556,0,3,13998,10539,18,21,-3459,17389.0,378,0
5,0,2,72027,0,5,3771,5789,41,23,2018,12004.5,943,1
9,0,0,136729,4,3,3890,7281,52,28,3391,34182.25,1456,1
3,2,1,80786,0,4,5281,10539,37,14,5258,16157.2,518,1
5,0,2,58709,0,5,14324,12684,21,25,-1640,9784.833333333334,525,1
2,0,2,77076,0,1,13359,19747,28,40,6388,38538.0,1120,0
5,0,2,49980,0,5,8513,7434,24,50,-1079,8330.0,1200,1
9,0,0,102304,0,2,11016,13993,52,37,2977,34101.333333333336,1924,2
8,1,2,47178,0,3,3529,4234,16,12,705,11794.5,192,0
6,0,1,130202,1,7,6749,11673,16,57,4924,16275.25,912,1
9,0,0,138202,4,1,7803,15261,100,47,7458,69101.0,4700,1
2,0,2,61898,0,2,7704,9789,6,32,2085,20632.666666666668,192,2
2,0,2,71091,0,1,4206,6191,13,76,1985,35545.5,988,0
3,2,1,190685,1,9,1509,3421,56,63,1912,19068.5,3528,1
4,2,2,110773,0,2,11910,18081,32,39,6171,36924.333333333336,1248,1
9,0,0,115918,0,1,11446,13438,68,25,1992,57959.0,1700,1
4,2,2,85151,0,3,9371,8813,84,57,-558,21287.75,4788,2
4,2,2,81625,0,4,10162,13787,30,39,3625,16325.0,1170,2
1,2,1,51208,4,6,1499,1456,33,56,-43,7315.428571428572,1848,1
0,0,2,91928,3,5,9061,7204,49,53,-1857,15321.333333333334,2597,2
1,2,1,55205,4,4,11756,16568,24,51,4812,11041.0,1224,1
3,2,1,213386,1,8,14945,20059,16,58,5114,23709.555555555555,928,1
5,0,2,61918,0,3,5396,4171,35,15,-1225,15479.5,525,1
8,1,2,35189,0,3,14490,19644,42,69,5154,8797.25,2898,0
1,2,1,61436,4,5,9858,10769,24,39,911,10239.333333333334,936,1
4,2,2,85190,0,4,9863,10829,2,47,966,17038.0,94,1
9,0,0,134963,4,3,2470,3019,63,50,549,33740.75,3150,1
9,0,0,145446,4,7,3238,6062,57,72,2824,18180.75,4104,1
4,2,2,87645,0,3,3657,5948,11,51,2291,21911.25,561,2
9,0,0,130368,4,3,7436,14673,66,37,7237,32592.0,2442,1
3,2,1,68810,0,3,7633,12188,20,38,4555,17202.5,760,1
0,0,2,73690,3,5,10776,11802,24,28,1026,12281.666666666666,672,1
0,0,2,90698,3,4,10249,16176,25,51,5927,18139.6,1275,1
7,1,2,25000,2,2,12412,14466,44,47,2054,8333.333333333334,2068,0
9,0,0,121468,0,3,6858,12765,61,48,5907,30367.0,2928,2
8,1,2,33390,0,3,9544,7349,32,30,-2195,8347.5,960,0
0,0,2,82125,3,4,5025,5365,15,42,340,16425.0,630,1
5,0,2,73682,0,2,14810,14033,50,46,-777,24560.666666666668,2300,1
4,2,2,105489,0,1,11975,11683,44,51,-292,52744.5,2244,1
3,2,1,176404,1,9,9061,7648,11,31,-1413,17640.4,341,1
9,0,0,120313,0,3,7290,8853,67,58,1563,30078.25,3886,2
9,0,0,129600,4,4,9783,16314,78,11,6531,25920.0,858,1
3,2,1,165208,1,7,12925,26475,4,45,13550,20651.0,180,1
6,0,1,107018,1,8,2230,3016,21,63,786,11890.888888888889,1323,1
4,2,2,96305,0,3,2154,2708,44,63,554,24076.25,2772,1
0,0,2,80776,3,7,9275,7334,28,44,-1941,10097.0,1232,1
6,0,1,132731,1,7,7232,7472,56,59,240,16591.375,3304,1
8,1,2,43977,0,4,11228,11294,35,26,66,8795.4,910,0
3,2,1,219917,1,9,10477,24882,1,37,14405,21991.7,37,1
9,0,0,95343,4,2,3321,6459,65,40,3138,31781.0,2600,1
8,1,2,40996,0,0,2856,2047,43,35,-809,40996.0,1505,0
3,2,1,183114,1,9,11654,20034,9,84,8380,18311.4,756,1
9,0,0,111164,4,2,6984,6133,76,36,-851,37054.666666666664,2736,1
4,1,0,42556,2,2,4392,4812,45,34,420,14185.333333333334,1530,0
4,1,0,49428,2,1,8285,9572,23,44,1287,24714.0,1012,0
6,0,1,139709,1,5,6602,11118,51,42,4516,23284.833333333332,2142,1
7,1,2,32416,2,2,13892,12390,75,41,-1502,10805.333333333334,3075,0
2,0,2,72830,0,6,5093,4814,21,38,-279,10404.285714285714,798,0
0,0,2,81765,3,3,11906,16962,19,50,5056,20441.25,950,1
0,0,2,95924,3,5,4234,3668,39,38,-566,15987.333333333334,1482,2
2,0,2,66841,0,2,12685,13783,14,61,1098,22280.333333333332,854,0
4,2,2,108168,0,3,14030,11981,22,19,-2049,27042.0,418,2
2,0,2,57126,0,3,12440,12557,53,51,117,14281.5,2703,0
3,2,1,214304,1,5,11076,25285,9,65,14209,35717.333333333336,585,1
9,0,2,96175,0,3,7737,9354,64,47,1617,24043.75,3008,1
6,0,1,156310,1,5,13999,21795,32,72,7796,26051.666666666668,2304,1
4,1,0,29869,2,2,8437,8909,4,69,472,9956.333333333334,276,0
0,0,2,82707,3,4,6626,8915,20,33,2289,16541.4,660,2
1,2,1,57392,4,4,13467,10163,2,55,-3304,11478.4,110,1
9,0,0,92250,0,3,5597,10521,70,81,4924,23062.5,5670,1
8,1,2,49621,0,1,2722,2098,25,71,-624,24810.5,1775,0
6,0,1,138697,1,3,9817,7842,31,51,-1975,34674.25,1581,1
9,0,0,139284,4,5,3658,3191,67,39,-467,23214.0,2613,1
0,0,2,92222,3,4,1444,2341,31,57,897,18444.4,1767,2
9,0,0,127892,4,6,7978,13855,40,69,5877,18270.285714285714,2760,1
6,0,1,181356,1,9,6404,5249,26,67,-1155,18135.6,1742,1
2,0,2,69045,0,2,6535,8165,16,71,1630,23015.0,1136,0
1,2,1,50647,4,7,7003,7082,52,44,79,6330.875,2288,1
3,2,1,80945,0,1,1000,1079,48,36,79,40472.5,1728,1
7,1,2,29167,2,0,8508,7875,31,50,-633,29167.0,1550,0
5,0,2,68780,0,2,3409,3892,20,55,483,22926.666666666668,1100,1
3,2,1,176795,1,5,9533,17409,53,53,7876,29465.833333333332,2809,1
7,1,2,32113,2,1,3179,2526,48,24,-653,16056.5,1152,0
4,1,0,52263,2,3,14112,11703,14,39,-2409,13065.75,546,0
2,0,2,73819,0,2,949,784,11,56,-165,24606.333333333332,616,0
9,0,0,134802,4,4,3169,6278,47,39,3109,26960.4,1833,1
4,2,2,90023,0,1,4011,5989,42,24,1978,45011.5,1008,1
3,2,1,71912,0,3,4188,7352,72,36,3164,17978.0,2592,1
2,0,2,77753,0,3,11175,10363,42,55,-812,19438.25,2310,2
1,2,1,51363,4,4,828,886,42,65,58,10272.6,2730,1
5,0,2,61219,0,3,2667,3327,40,20,660,15304.75,800,1
3,2,1,160831,1,5,13621,16517,11,50,2896,26805.166666666668,550,1
9,0,2,96693,0,3,4635,5810,64,45,1175,24173.25,2880,1
4,2,2,119836,0,0,5504,4984,22,73,-520,119836.0,1606,1
8,1,2,41919,0,2,6668,7764,37,66,1096,13973.0,2442,0
5,0,2,51896,0,3,4628,4199,13,75,-429,12974.0,975,1
5,0,2,52793,0,2,5450,8713,30,70,3263,17597.666666666668,2100,1
0,0,2,88788,3,5,10717,11924,34,23,1207,14798.0,782,1
3,2,1,200170,1,8,2176,3320,7,16,1144,22241.11111111111,112,1
1,2,1,57634,4,4,11352,10958,46,32,-394,11526.8,1472,1
1,2,1,57542,4,6,11106,15888,26,45,4782,8220.285714285714,1170,1
3,2,1,175244,1,9,5131,10811,28,36,5680,17524.4,1008,1
3,2,1,83203,0,1,2271,2844,19,32,573,41601.5,608,1
9,0,0,122976,0,1,6009,5191,57,63,-818,61488.0,3591,2
3,2,1,95452,0,5,5827,6293,56,24,466,15908.666666666666,1344,1
2,0,2,64872,0,0,11249,8768,20,49,-2481,64872.0,980,0
9,0,2,85558,0,5,2956,3290,80,33,334,14259.666666666666,2640,1
4,2,2,78107,0,6,4437,6833,39,25,2396,11158.142857142857,975,2
4,2,2,91248,0,3,14546,19861,27,71,5315,22812.0,1917,2
8,1,2,40390,0,0,11322,15742,0,20,4420,40390.0,0,0
3,2,1,73683,0,6,2792,2013,31,35,-779,10526.142857142857,1085,1
3,2,1,79716,0,3,8648,9577,37,24,929,19929.0,888,1
2,0,2,80516,0,4,7357,6839,46,32,-518,16103.2,1472,0
8,1,2,36056,0,2,12570,14781,19,51,2211,12018.666666666666,969,0
3,2,1,155865,1,7,12101,14774,54,80,2673,19483.125,4320,1
0,0,2,88393,3,6,3611,4537,40,59,926,12627.57142857143,2360,1
4,1,0,48533,2,2,12187,11351,48,47,-836,16177.666666666666,2256,0
3,2,1,78349,0,3,9259,7946,35,63,-1313,19587.25,2205,1
6,0,1,140783,1,6,11507,13410,37,35,1903,20111.85714285714,1295,1
1,2,1,58869,4,3,5418,7108,22,47,1690,14717.25,1034,1
0,0,2,88183,3,6,11274,12043,21,76,769,12597.57142857143,1596,1
9,0,0,101631,4,2,5313,7638,77,33,2325,33877.0,2541,1
5,0,2,63455,0,4,2596,3227,29,53,631,12691.0,1537,1
4,1,0,43623,2,1,13743,10736,39,26,-3007,21811.5,1014,0
4,2,2,97027,0,4,3499,5740,23,32,2241,19405.4,736,1
3,2,1,72007,0,4,1963,3257,49,44,1294,14401.4,2156,1
7,1,2,30228,2,0,4159,4555,47,38,396,30228.0,1786,0
8,1,2,46106,0,1,13412,15757,61,13,2345,23053.0,793,0
7,1,2,28395,2,0,4769,5157,31,34,388,28395.0,1054,0
2,0,2,62889,0,0,8098,7370,28,48,-728,62889.0,1344,0
5,0,2,70164,0,0,1379,1795,22,63,416,70164.0,1386,2
3,2,1,170121,1,6,10668,9445,55,46,-1223,24303.0,2530,1
5,0,2,74337,0,1,3687,3557,49,59,-130,37168.5,2891,2
9,0,0,97908,0,2,14713,14014,96,45,-699,32636.0,4320,2
1,2,1,47913,4,5,5388,6714,68,46,1326,7985.5,3128,1
9,0,0,151048,4,4,14767,22144,85,40,7377,30209.6,3400,1
9,0,0,107385,4,4,3781,7068,57,42,3287,21477.0,2394,1
8,1,2,40812,0,1,9829,9138,60,39,-691,20406.0,2340,0
9,0,0,145020,4,7,5683,5053,85,46,-630,18127.5,3910,1
4,2,2,82740,0,4,1824,2966,45,52,1142,16548.0,2340,2
7,1,2,25000,2,1,10838,8884,54,35,-1954,12500.0,1890,0
7,1,2,27366,2,0,10895,11153,31,49,258,27366.0,1519,0
9,0,0,138283,4,6,7906,10549,63,32,2643,19754.714285714286,2016,1
9,0,2,101217,0,3,12971,10946,68,53,-2025,25304.25,3604,1
3,2,1,199823,1,7,13025,14119,18,22,1094,24977.875,396,1
5,0,2,79464,0,5,13364,15918,45,48,2554,13244.0,2160,1
9,0,0,119310,4,2,10567,19152,48,34,8585,39770.0,1632,1
3,2,1,61949,0,2,7535,14329,29,73,6794,20649.666666666668,2117,1
8,1,2,43231,0,2,8321,6617,40,44,-1704,14410.333333333334,1760,2
9,0,0,130012,4,1,1118,1036,53,43,-82,65006.0,2279,1
9,0,2,94123,0,5,12471,17555,100,47,5084,15687.166666666666,4700,1
9,0,0,119988,4,3,5779,6476,81,36,697,29997.0,2916,2
9,0,2,102971,0,1,793,803,72,43,10,51485.5,3096,1
3,2,1,90250,0,2,12519,17731,35,26,5212,30083.333333333332,910,1
9,0,2,85247,0,3,11862,12693,62,14,831,21311.75,868,1
2,0,2,64113,0,3,2612,2770,39,30,158,16028.25,1170,0
8,1,2,41085,0,3,8746,8907,31,48,161,10271.25,1488,0
2,0,2,69280,0,0,3236,3461,36,64,225,69280.0,2304,0
0,0,2,73809,3,4,1249,1823,24,33,574,14761.8,792,2
2,0,2,60576,0,3,7969,8452,45,47,483,15144.0,2115,0
3,2,1,157728,1,7,9087,15928,57,39,6841,19716.0,2223,1
8,1,2,44221,0,4,11752,13707,16,49,1955,8844.2,784,2
7,1,2,32652,2,1,8531,8566,16,40,35,16326.0,640,0
4,2,2,83180,0,4,3587,5321,33,83,1734,16636.0,2739,2
6,0,1,125951,1,6,13803,17841,61,54,4038,17993.0,3294,1
9,0,0,133971,4,4,4242,8305,87,66,4063,26794.2,5742,1
4,1,0,53187,2,0,2649,1943,54,38,-706,53187.0,2052,0
4,1,0,37422,2,1,859,786,47,5,-73,18711.0,235,0
1,2,1,62837,4,5,3268,3469,37,67,201,10472.833333333334,2479,1
7,1,2,25411,2,1,12150,8883,66,30,-3267,12705.5,1980,0
8,1,2,44585,0,0,14861,10593,20,50,-4268,44585.0,1000,0
4,2,2,69093,0,4,9261,7273,30,41,-1988,13818.6,1230,2
9,0,0,102413,4,5,10230,12756,64,37,2526,17068.833333333332,2368,1
3,2,1,69725,0,5,2271,2291,60,45,20,11620.833333333334,2700,1
9,0,0,116628,4,5,11800,23327,64,30,11527,19438.0,1920,1
8,1,2,42800,0,0,7779,10459,35,40,2680,42800.0,1400,0
9,0,0,104248,0,2,9466,16948,55,40,7482,34749.333333333336,2200,1
5,0,2,58209,0,3,11999,17768,41,42,5769,14552.25,1722,1
9,0,2,93310,0,4,11890,8448,74,69,-3442,18662.0,5106,1
2,0,2,76442,0,4,7395,8770,42,43,1375,15288.4,1806,0
3,2,1,95630,0,4,9024,17500,44,35,8476,19126.0,1540,1
3,2,1,168759,1,6,10422,14050,15,41,3628,24108.428571428572,615,1
8,1,2,40494,0,1,14109,15183,71,40,1074,20247.0,2840,0
1,2,1,63140,4,5,12276,16838,37,27,4562,10523.333333333334,999,2
9,0,0,113151,0,1,5131,9633,84,35,4502,56575.5,2940,1
4,2,2,90999,0,1,2241,1641,46,59,-600,45499.5,2714,1
9,0,2,87547,0,5,10477,9471,68,74,-1006,14591.166666666666,5032,1
4,2,2,106082,0,5,4808,6608,37,40,1800,17680.333333333332,1480,2
9,0,2,97077,0,2,6364,10806,90,62,4442,32359.0,5580,1
2,0,2,73757,0,2,3127,2666,36,42,-461,24585.666666666668,1512,0
1,2,1,56320,4,4,8632,10841,12,26,2209,11264.0,312,1
4,1,0,42528,2,1,8375,8182,27,27,-193,21264.0,729,0
9,0,2,102038,0,2,544,787,46,35,243,34012.666666666664,1610,2
3,2,1,78869,0,2,1958,2481,36,91,523,26289.666666666668,3276,1
0,0,2,90098,3,2,9906,15957,45,27,6051,30032.666666666668,1215,1
9,0,0,137008,4,7,1975,2002,80,54,27,17126.0,4320,1
9,0,0,91923,0,5,12354,18340,55,46,5986,15320.5,2530,1
6,0,1,140735,1,9,4692,7574,48,42,2882,14073.5,2016,1
5,0,2,83323,0,4,5350,6361,29,42,1011,16664.6,1218,1
5,0,2,60652,0,3,1320,1747,11,66,427,15163.0,726,1
0,0,2,96114,3,4,3362,3054,51,14,-308,19222.8,714,1
0,0,2,78121,3,3,5260,3911,33,43,-1349,19530.25,1419,1
4,2,2,102942,0,4,11588,10842,23,75,-746,20588.4,1725,1
8,1,2,49552,0,0,12600,10459,37,41,-2141,49552.0,1517,0
9,0,0,126796,0,3,14446,18859,73,41,4413,31699.0,2993,2
9,0,0,128052,4,4,14459,13321,85,35,-1138,25610.4,2975,1
3,2,1,96285,0,2,11103,19891,17,42,8788,32095.0,714,1
7,1,2,33325,2,0,6357,6953,8,35,596,33325.0,280,0
3,2,1,178120,1,7,4895,10717,53,23,5822,22265.0,1219,1
7,1,2,34502,2,1,13852,13381,13,75,-471,17251.0,975,0
9,0,0,114480,4,3,2365,2430,61,39,65,28620.0,2379,1
8,1,2,39532,0,2,7979,7403,21,62,-576,13177.333333333334,1302,0
0,0,2,90344,3,5,6819,4912,31,27,-1907,15057.333333333334,837,1
4,2,2,84472,0,6,7409,7535,48,52,126,12067.42857142857,2496,2
9,0,0,124605,0,2,2671,4342,73,50,1671,41535.0,3650,1
0,0,2,69391,3,2,3111,2870,21,46,-241,23130.333333333332,966,1
8,1,2,34778,0,0,10178,14044,19,45,3866,34778.0,855,0
4,2,2,80238,0,4,9821,15078,8,69,5257,16047.6,552,2
9,0,0,147599,4,5,10515,22548,35,20,12033,24599.833333333332,700,1
4,2,2,88129,0,4,6375,5121,76,19,-1254,17625.8,1444,1
9,0,0,127482,4,5,14632,23206,84,80,8574,21247.0,6720,1
5,0,2,59879,0,2,8497,8211,23,43,-286,19959.666666666668,989,1
6,0,1,130540,1,5,7238,9495,30,56,2257,21756.666666666668,1680,1
9,0,0,131486,4,2,1537,1788,41,23,251,43828.666666666664,943,1
3,2,1,66445,0,6,5648,7918,29,61,2270,9492.142857142857,1769,1
4,1,0,45021,2,2,14726,16000,27,57,1274,15007.0,1539,0
4,2,2,82555,0,1,12683,13395,8,25,712,41277.5,200,1
4,1,0,47128,2,2,9757,9619,42,56,-138,15709.333333333334,2352,0
3,2,1,85383,0,3,14805,19176,51,46,4371,21345.75,2346,1
1,2,1,56911,4,4,9070,7515,37,74,-1555,11382.2,2738,1
9,0,0,85604,0,2,7591,10846,78,24,3255,28534.666666666668,1872,1
5,0,2,59398,0,3,6164,6983,11,5,819,14849.5,55,1
9,0,0,121358,4,3,14246,24303,68,30,10057,30339.5,2040,1
6,0,1,138698,1,7,10541,16106,26,51,5565,17337.25,1326,1
9,0,0,142832,4,3,11041,11495,56,42,454,35708.0,2352,1
1,2,1,57234,4,1,14407,21148,43,32,6741,28617.0,1376,1
0,0,2,82926,3,6,8623,9134,40,30,511,11846.57142857143,1200,1
9,0,0,119736,0,2,12811,17826,85,53,5015,39912.0,4505,1
7,1,2,31646,2,3,4446,5296,29,36,850,7911.5,1044,0
2,0,2,60680,0,4,1324,1619,56,46,295,12136.0,2576,0
9,0,2,91217,0,1,9519,8217,43,38,-1302,45608.5,1634,1
8,1,2,30138,0,0,13887,18127,67,49,4240,30138.0,3283,0
9,0,0,135918,0,3,8021,7898,90,35,-123,33979.5,3150,1
4,2,2,81987,0,6,9888,10638,26,29,750,11712.42857142857,754,2
9,0,0,118880,0,1,14534,13037,71,34,-1497,59440.0,2414,2
5,0,2,73425,0,2,5678,8807,81,61,3129,24475.0,4941,2
5,0,2,65513,0,2,12709,14237,32,34,1528,21837.666666666668,1088,1
9,0,0,89290,0,2,7109,12290,63,48,5181,29763.333333333332,3024,2
9,0,0,117053,4,5,9628,13595,40,38,3967,19508.833333333332,1520,1
9,0,0,96924,4,2,14031,24412,45,60,10381,32308.0,2700,1
4,2,2,101540,0,3,10399,7827,30,59,-2572,25385.0,1770,2
3,2,1,102884,0,5,5490,4567,37,7,-923,17147.333333333332,259,1
1,2,1,51315,4,5,3889,5220,12,39,1331,8552.5,468,1
7,1,2,30690,2,0,6453,5782,35,83,-671,30690.0,2905,0
0,0,2,70401,3,2,4152,3800,45,43,-352,23467.0,1935,1
7,1,2,30260,2,4,9677,10929,67,9,1252,6052.0,603,0
3,2,1,180565,1,8,8251,8059,29,31,-192,20062.777777777777,899,1
4,1,0,50399,2,0,7914,7543,21,25,-371,50399.0,525,2
9,0,0,89271,0,3,12940,9868,67,38,-3072,22317.75,2546,1
9,0,0,124898,4,3,6092,9679,51,18,3587,31224.5,918,1
0,0,2,94913,3,5,10881,10987,34,36,106,15818.833333333334,1224,1
1,2,1,56994,4,4,9052,6579,34,42,-2473,11398.8,1428,1
4,1,0,46757,2,3,2241,2179,33,67,-62,11689.25,2211,2
6,0,1,161025,1,7,3189,3953,46,61,764,20128.125,2806,1
9,0,0,86099,4,7,13965,23739,100,71,9774,10762.375,7100,1
9,0,0,120161,0,3,4666,7083,100,39,2417,30040.25,3900,1
9,0,2,99445,0,4,3572,3856,47,56,284,19889.0,2632,1
6,0,1,116031,1,6,14462,25331,70,36,10869,16575.85714285714,2520,1
9,0,2,92050,0,3,7988,13746,33,42,5758,23012.5,1386,1
4,1,0,50302,2,2,6036,7301,32,67,1265,16767.333333333332,2144,0
4,2,2,83867,0,4,7290,9281,34,52,1991,16773.4,1768,2
6,0,1,121838,1,5,10875,9297,21,48,-1578,20306.333333333332,1008,1
9,0,0,109944,0,5,13150,16696,72,37,3546,18324.0,2664,1
5,0,2,75381,0,3,11288,9141,26,34,-2147,18845.25,884,1
1,2,1,64476,4,5,2705,2573,33,30,-132,10746.0,990,1
9,0,0,135812,4,3,9189,8964,79,24,-225,33953.0,1896,1
1,2,1,49526,4,5,7591,10837,28,38,3246,8254.333333333334,1064,1
5,0,2,69942,0,3,8828,11374,23,33,2546,17485.5,759,1
4,1,0,40332,2,3,9979,7456,18,32,-2523,10083.0,576,0
4,1,0,41778,2,0,13856,16519,49,20,2663,41778.0,980,0
9,0,0,109836,0,2,6847,5251,54,71,-1596,36612.0,3834,1
3,2,1,191245,1,8,14962,32401,11,55,17439,21249.444444444445,605,1
1,2,1,64365,4,2,14940,19907,17,58,4967,21455.0,986,1
8,1,2,35374,0,2,10477,12419,28,29,1942,11791.333333333334,812,0
2,0,2,81052,0,3,7018,10448,50,70,3430,20263.0,3500,0
2,0,2,68936,0,2,7919,7478,17,38,-441,22978.666666666668,646,2
9,0,0,119990,4,4,7262,11713,54,84,4451,23998.0,4536,1
4,1,0,44105,2,1,12762,10826,33,51,-1936,22052.5,1683,0
2,0,2,57934,0,3,14312,16335,0,52,2023,14483.5,0,2
0,0,2,76862,3,5,5643,8407,36,40,2764,12810.333333333334,1440,2
3,2,1,85360,0,2,4060,4314,30,52,254,28453.333333333332,1560,1
9,0,2,86575,0,6,10726,9156,26,25,-1570,12367.857142857143,650,1
3,2,1,92005,0,3,6157,4888,36,14,-1269,23001.25,504,1
4,1,0,40647,2,0,11151,13725,15,66,2574,40647.0,990,0
1,2,1,50743,4,6,9388,11213,61,63,1825,7249.0,3843,1
4,1,0,37568,2,1,2390,1768,51,49,-622,18784.0,2499,0
1,2,1,57307,4,5,8370,9110,72,40,740,9551.166666666666,2880,1
3,2,1,170394,1,8,11430,8277,45,26,-3153,18932.666666666668,1170,1
3,2,1,91224,0,4,12753,13771,36,59,1018,18244.8,2124,1
2,0,2,83693,0,2,14876,21306,25,51,6430,27897.666666666668,1275,0
4,2,2,64701,0,4,709,1149,45,49,440,12940.2,2205,1
9,0,0,95834,0,2,914,1458,87,59,544,31944.666666666668,5133,1
9,0,0,133422,4,6,1369,1325,73,13,-44,19060.285714285714,949,1
9,0,2,107868,0,4,4874,4350,73,58,-524,21573.6,4234,1
2,0,2,79109,0,2,11696,9773,26,32,-1923,26369.666666666668,832,0
9,0,0,122998,4,6,14252,29829,25,31,15577,17571.14285714286,775,1
4,1,0,37807,2,3,13350,11534,47,19,-1816,9451.75,893,0
9,0,2,96134,0,6,12846,21073,74,55,8227,13733.42857142857,4070,1
9,0,0,99985,4,5,6376,4539,65,36,-1837,16664.166666666668,2340,1
9,0,0,119056,0,2,10594,8722,63,31,-1872,39685.333333333336,1953,1
0,0,2,79837,3,3,4175,6341,49,5,2166,19959.25,245,1
8,1,2,39752,0,1,4392,3349,36,84,-1043,19876.0,3024,0
4,2,2,105598,0,1,13555,16275,31,31,2720,52799.0,961,2
4,1,0,49700,2,2,11387,9856,28,33,-1531,16566.666666666668,924,0
6,0,1,109944,1,8,6751,10051,31,45,3300,12216.0,1395,1
8,1,2,40127,0,2,13412,16602,7,15,3190,13375.666666666666,105,0
1,2,1,47640,4,5,1381,995,41,34,-386,7940.0,1394,1
4,1,0,43772,2,4,4617,4862,16,37,245,8754.4,592,0
3,2,1,208584,1,7,14735,21083,35,74,6348,26073.0,2590,1
0,0,2,83294,3,6,4195,3775,23,48,-420,11899.142857142857,1104,1
4,2,2,96064,0,3,10140,8579,56,38,-1561,24016.0,2128,2
4,1,0,40825,2,0,10385,12258,39,20,1873,40825.0,780,0
4,2,2,80802,0,5,12376,8909,45,20,-3467,13467.0,900,2
2,0,2,54503,0,3,7853,12385,65,50,4532,13625.75,3250,0
3,2,1,95820,0,5,1720,1853,53,54,133,15970.0,2862,1
9,0,0,106384,4,6,12543,10928,59,65,-1615,15197.714285714286,3835,1
9,0,0,112380,0,0,6680,6940,49,46,260,112380.0,2254,1
8,1,2,39171,0,4,5072,4815,11,61,-257,7834.2,671,0
2,0,2,64172,0,3,2631,3397,7,78,766,16043.0,546,2
3,2,1,173587,1,6,14361,11617,14,77,-2744,24798.14285714286,1078,1
9,0,0,144875,4,2,5915,8272,90,70,2357,48291.666666666664,6300,1
4,1,0,51520,2,0,3036,2410,27,51,-626,51520.0,1377,0
9,0,0,115789,4,4,5785,10833,88,49,5048,23157.8,4312,1
9,0,0,117276,4,3,13175,17318,56,37,4143,29319.0,2072,1
0,0,2,80244,3,3,11344,16283,28,31,4939,20061.0,868,1
5,0,2,66199,0,2,13441,13221,30,60,-220,22066.333333333332,1800,1
1,2,1,42375,4,7,6366,6793,14,44,427,5296.875,616,1
4,2,2,82209,0,5,12094,15299,51,43,3205,13701.5,2193,2
1,2,1,59458,4,5,4103,5541,23,39,1438,9909.666666666666,897,2
1,2,1,61319,4,4,1617,1763,23,5,146,12263.8,115,1
9,0,0,178980,4,7,7314,10989,52,46,3675,22372.5,2392,1
1,2,1,43324,4,5,7109,10028,26,65,2919,7220.666666666667,1690,1
7,1,2,28726,2,1,4124,2978,26,43,-1146,14363.0,1118,0
3,2,1,96861,0,4,5937,11225,42,43,5288,19372.2,1806,1
7,1,2,34454,2,0,5309,5098,44,45,-211,34454.0,1980,0
4,2,2,69071,0,2,10629,11247,29,34,618,23023.666666666668,986,1
5,0,2,64625,0,0,9696,13750,51,70,4054,64625.0,3570,1
9,0,0,123476,0,2,11459,17500,100,59,6041,41158.666666666664,5900,1
5,0,2,70524,0,4,4437,6354,35,30,1917,14104.8,1050,1
6,0,1,148069,1,6,10676,9796,39,38,-880,21152.714285714286,1482,1
9,0,0,120376,4,3,11682,11282,56,74,-400,30094.0,4144,1
8,1,2,34624,0,4,13545,16301,29,78,2756,6924.8,2262,0
8,1,2,31497,0,0,4703,4269,20,46,-434,31497.0,920,0
4,1,0,47729,2,0,5133,4156,26,24,-977,47729.0,624,0
6,0,1,131754,1,5,8968,7666,4,32,-1302,21959.0,128,1
1,2,1,53267,4,5,13653,13148,34,52,-505,8877.833333333334,1768,1
5,0,2,64455,0,1,8475,13478,42,63,5003,32227.5,2646,1
2,0,2,76667,0,4,11174,16118,35,61,4944,15333.4,2135,0
7,1,2,30480,2,2,8919,7705,39,52,-1214,10160.0,2028,0
9,0,0,115525,0,1,3242,3452,95,31,210,57762.5,2945,1
1,2,1,77293,4,5,620,893,22,47,273,12882.166666666666,1034,1
9,0,2,111705,0,5,11482,13315,78,49,1833,18617.5,3822,2
0,0,2,71319,3,5,11729,15041,60,51,3312,11886.5,3060,1
0,0,2,85901,3,7,2202,1749,43,34,-453,10737.625,1462,2
1,2,1,49314,4,5,14078,21070,58,80,6992,8219.0,4640,1
3,2,1,77507,0,2,13881,17375,14,40,3494,25835.666666666668,560,1
4,1,0,39008,2,0,11740,14515,90,43,2775,39008.0,3870,0
9,0,0,105838,4,3,8023,9491,75,42,1468,26459.5,3150,1
9,0,0,137764,4,5,1933,3788,56,21,1855,22960.666666666668,1176,1
9,0,0,108681,4,4,3416,3345,85,5,-71,21736.2,425,1
1,2,1,49493,4,3,1654,1264,30,31,-390,12373.25,930,1
0,0,2,83468,3,4,4229,6315,33,25,2086,16693.6,825,1
8,1,2,41824,0,2,6857,5851,38,69,-1006,13941.333333333334,2622,0
3,2,1,79236,0,1,7126,9168,22,49,2042,39618.0,1078,1
7,1,2,30123,2,0,776,557,53,55,-219,30123.0,2915,0
3,2,1,83069,0,4,2438,4106,38,38,1668,16613.8,1444,1
9,0,0,107697,4,3,11009,14789,80,70,3780,26924.25,5600,1
9,0,0,105640,0,2,12885,14396,43,23,1511,35213.333333333336,989,1
9,0,0,122192,4,5,11983,16546,97,51,4563,20365.333333333332,4947,1
7,1,2,26173,2,1,8738,7688,28,14,-1050,13086.5,392,0
2,0,2,65114,0,1,13392,14395,41,68,1003,32557.0,2788,2
3,2,1,222906,1,6,1917,1778,53,52,-139,31843.714285714286,2756,1
4,2,2,83764,0,1,7670,9193,72,44,1523,41882.0,3168,2
8,1,2,36551,0,1,13969,11236,57,70,-2733,18275.5,3990,0
5,0,2,74134,0,3,3061,3085,14,43,24,18533.5,602,1
9,0,2,77722,0,3,2734,3116,59,66,382,19430.5,3894,1
4,2,2,81210,0,4,13565,19450,21,38,5885,16242.0,798,2
2,0,2,68219,0,4,10888,15979,21,67,5091,13643.8,1407,0
2,0,2,85648,0,3,11596,12196,43,51,600,21412.0,2193,0
9,0,0,153174,4,3,9568,11438,78,72,1870,38293.5,5616,1
9,0,0,129980,4,6,2519,3205,68,7,686,18568.571428571428,476,1
9,0,0,128006,4,5,9883,8457,46,52,-1426,21334.333333333332,2392,1
8,1,2,42861,0,0,9300,10433,24,74,1133,42861.0,1776,0
9,0,0,100034,0,3,5492,8908,100,69,3416,25008.5,6900,2
4,1,0,41536,2,3,12647,15539,55,18,2892,10384.0,990,0
9,0,2,97769,0,0,7260,10399,82,43,3139,97769.0,3526,2
9,0,0,154051,4,6,3137,3251,58,24,114,22007.285714285714,1392,1
9,0,2,96251,0,2,10607,13584,72,73,2977,32083.666666666668,5256,1
9,0,2,107191,0,3,2377,1934,60,35,-443,26797.75,2100,1
3,2,1,99556,0,4,13601,9914,54,50,-3687,19911.2,2700,1
0,0,2,79518,3,5,1391,1430,54,54,39,13253.0,2916,1
5,0,2,60899,0,1,11062,10755,44,27,-307,30449.5,1188,1
9,0,0,117451,0,1,5262,9963,70,59,4701,58725.5,4130,1
2,0,2,71222,0,7,2108,2370,42,42,262,8902.75,1764,0
4,1,0,34977,2,2,10012,10213,55,40,201,11659.0,2200,0
7,1,2,27362,2,1,6351,7423,31,91,1072,13681.0,2821,0
3,2,1,89871,0,2,11239,15778,49,68,4539,29957.0,3332,1
9,0,0,115165,0,1,5171,6311,66,12,1140,57582.5,792,2
9,0,0,100248,0,2,3670,4889,27,46,1219,33416.0,1242,2
5,0,2,77134,0,5,7883,5695,48,48,-2188,12855.666666666666,2304,2
3,2,1,178931,1,7,11303,26756,24,43,15453,22366.375,1032,1
4,1,0,50922,2,3,10071,11512,35,43,1441,12730.5,1505,0
3,2,1,184491,1,9,9787,14683,48,29,4896,18449.1,1392,1
4,2,2,90861,0,3,5682,6041,49,64,359,22715.25,3136,2
9,0,0,143463,4,4,579,665,63,13,86,28692.6,819,1
9,0,2,100519,0,4,13372,22990,87,14,9618,20103.8,1218,1
4,1,0,36287,2,2,12621,13303,1,7,682,12095.666666666666,7,0
2,0,2,72343,0,1,14264,11677,7,46,-2587,36171.5,322,0
9,0,0,154162,4,5,11634,16294,94,76,4660,25693.666666666668,7144,1
6,0,1,129556,1,4,8363,13483,7,26,5120,25911.2,182,1
5,0,2,60089,0,1,6377,5786,59,34,-591,30044.5,2006,1
5,0,2,74519,0,3,9538,10105,37,58,567,18629.75,2146,1
9,0,0,122709,4,5,11076,15793,70,59,4717,20451.5,4130,1
9,0,0,132575,0,2,14291,19872,84,31,5581,44191.666666666664,2604,1
0,0,2,76366,3,7,14040,11483,11,12,-2557,9545.75,132,1
6,0,1,117846,1,8,9324,13318,48,54,3994,13094.0,2592,1
2,0,2,61347,0,6,12518,13492,32,49,974,8763.857142857143,1568,0
4,1,0,47885,2,0,1735,2037,33,47,302,47885.0,1551,0
0,0,2,84812,3,4,8809,7314,46,41,-1495,16962.4,1886,1
0,0,2,98820,3,4,10033,7683,35,15,-2350,19764.0,525,1
8,1,2,43102,0,4,13102,12767,39,69,-335,8620.4,2691,0
9,0,2,86122,0,6,1100,1817,71,59,717,12303.142857142857,4189,1
2,0,2,55403,0,3,9404,14503,15,26,5099,13850.75,390,0
5,0,2,63541,0,7,11213,11257,37,53,44,7942.625,1961,1
7,1,2,34690,2,0,6930,6700,29,28,-230,34690.0,812,0
6,0,1,133559,1,4,13150,13948,0,49,798,26711.8,0,1
4,1,0,41457,2,3,14543,15340,45,51,797,10364.25,2295,0
9,0,0,153207,4,5,8113,15346,25,35,7233,25534.5,875,1
1,2,1,42682,4,3,1983,2040,8,75,57,10670.5,600,1
7,1,2,37937,2,1,8727,9666,17,22,939,18968.5,374,0
3,2,1,82101,0,6,4413,7640,47,18,3227,11728.714285714286,846,1
3,2,1,89604,0,6,3217,4973,24,59,1756,12800.57142857143,1416,1
9,0,0,162228,4,4,7810,12278,57,48,4468,32445.6,2736,1
9,0,0,181103,4,6,9779,19710,68,46,9931,25871.85714285714,3128,1
3,2,1,91101,0,2,14790,15590,29,38,800,30367.0,1102,1
4,1,0,48772,2,1,12493,11490,73,47,-1003,24386.0,3431,0
7,1,2,34435,2,1,1162,1058,54,62,-104,17217.5,3348,0
4,2,2,63964,0,6,8489,10887,50,24,2398,9137.714285714286,1200,1
9,0,0,109120,0,0,4831,8427,68,43,3596,109120.0,2924,1
9,0,2,106257,0,3,1201,1686,77,17,485,26564.25,1309,1
1,2,1,53714,4,4,13467,10504,16,54,-2963,10742.8,864,1
8,1,2,33612,0,1,8195,7701,35,32,-494,16806.0,1120,0
6,0,1,133953,1,10,1260,1462,29,49,202,12177.545454545454,1421,1
3,2,1,74513,0,2,5809,8895,22,27,3086,24837.666666666668,594,1
4,1,0,43689,2,5,9042,7975,69,44,-1067,7281.5,3036,0
0,0,2,80348,3,6,12655,19471,38,32,6816,11478.285714285714,1216,1
3,2,1,156158,1,8,9418,19568,42,54,10150,17350.88888888889,2268,1
9,0,0,150836,4,7,6671,5038,100,50,-1633,18854.5,5000,1
7,1,2,27799,2,0,10128,10656,55,22,528,27799.0,1210,0
1,2,1,49401,4,3,4621,6263,18,74,1642,12350.25,1332,1
6,0,1,156541,1,8,4151,7579,41,45,3428,17393.444444444445,1845,1
8,1,2,32894,0,0,6281,7036,49,23,755,32894.0,1127,0
5,0,2,74937,0,0,13486,14894,0,51,1408,74937.0,0,1
6,0,1,117938,1,6,10399,8633,43,64,-1766,16848.285714285714,2752,1
1,2,1,55117,4,5,14951,14373,38,54,-578,9186.166666666666,2052,1
5,0,2,60198,0,2,3213,4196,35,5,983,20066.0,175,1
9,0,0,113466,0,0,8930,16743,66,30,7813,113466.0,1980,1
9,0,2,85641,0,5,2961,4910,62,19,1949,14273.5,1178,1
9,0,0,140778,4,8,6434,8832,69,68,2398,15642.0,4692,1
4,1,0,42646,2,1,13884,10456,41,61,-3428,21323.0,2501,0
3,2,1,110969,0,6,4273,7772,30,63,3499,15852.714285714286,1890,1
4,2,2,87166,0,5,5910,9412,26,23,3502,14527.666666666666,598,2
5,0,2,64431,0,4,11562,9170,0,16,-2392,12886.2,0,1
5,0,2,80580,0,0,3952,6161,81,37,2209,80580.0,2997,1
9,0,0,125093,4,6,11104,21528,44,57,10424,17870.428571428572,2508,1
9,0,0,144176,4,4,4492,6891,60,53,2399,28835.2,3180,1
9,0,0,116733,4,8,9896,16692,53,20,6796,12970.333333333334,1060,1
9,0,0,144577,4,2,2707,5051,92,5,2344,48192.333333333336,460,1
9,0,0,151021,4,2,9876,11485,100,60,1609,50340.333333333336,6000,1
9,0,0,141030,4,4,3225,6441,80,36,3216,28206.0,2880,1
6,0,1,158066,1,8,3449,3762,38,55,313,17562.88888888889,2090,1
8,1,2,33900,0,0,10319,9981,32,48,-338,33900.0,1536,0
3,2,1,91868,0,4,805,1453,19,58,648,18373.6,1102,1
9,0,0,99604,0,5,4048,6458,77,17,2410,16600.666666666668,1309,1
3,2,1,157435,1,8,8223,20205,22,47,11982,17492.777777777777,1034,1
9,0,0,145778,4,5,4094,8162,100,43,4068,24296.333333333332,4300,1
3,2,1,162617,1,10,2838,3379,28,18,541,14783.363636363636,504,1
0,0,2,88567,3,8,13074,20556,31,34,7482,9840.777777777777,1054,2
3,2,1,195316,1,8,11307,16022,47,42,4715,21701.777777777777,1974,1
2,0,2,69905,0,1,3247,4097,28,81,850,34952.5,2268,0
6,0,1,141868,1,6,7929,13562,49,48,5633,20266.85714285714,2352,1
3,2,1,176416,1,6,1627,1876,47,43,249,25202.285714285714,2021,1
8,1,2,41368,0,1,6815,6160,0,47,-655,20684.0,0,0
9,0,0,128555,0,4,771,681,97,52,-90,25711.0,5044,1
1,2,1,54717,4,5,14583,18769,17,64,4186,9119.5,1088,1
3,2,1,76487,0,5,7377,8111,37,59,734,12747.833333333334,2183,1
3,2,1,173277,1,6,2077,3258,10,26,1181,24753.85714285714,260,1
5,0,2,70317,0,3,10572,12778,37,48,2206,17579.25,1776,1
9,0,0,118773,4,5,14881,22315,71,37,7434,19795.5,2627,1
1,2,1,66262,4,5,12827,15106,12,35,2279,11043.666666666666,420,1
9,0,0,84492,0,2,8401,10297,86,19,1896,28164.0,1634,1
6,0,1,140067,1,8,10387,7542,33,79,-2845,15563.0,2607,1
0,0,2,89173,3,4,519,545,50,59,26,17834.6,2950,1
1,2,1,56790,4,7,7392,10120,48,48,2728,7098.75,2304,1
0,0,2,76346,3,5,1211,1694,45,52,483,12724.333333333334,2340,1
8,1,2,34220,0,2,4259,5135,11,55,876,11406.666666666666,605,0
4,2,2,104022,0,2,13093,15693,39,14,2600,34674.0,546,1
7,1,2,25000,2,0,10150,7252,57,47,-2898,25000.0,2679,0
9,0,0,117368,0,2,7471,11171,78,37,3700,39122.666666666664,2886,1
2,0,2,50390,0,2,8317,11646,19,54,3329,16796.666666666668,1026,0
6,0,1,125543,1,6,14574,11197,23,47,-3377,17934.714285714286,1081,1
2,0,2,79989,0,3,10302,13792,28,95,3490,19997.25,2660,0
8,1,2,41202,0,1,4723,6318,30,39,1595,20601.0,1170,0
9,0,0,132980,4,4,12118,17876,100,32,5758,26596.0,3200,1
3,2,1,197627,1,9,9061,16840,34,33,7779,19762.7,1122,1
1,2,1,52985,4,4,617,829,25,47,212,10597.0,1175,1
3,2,1,78831,0,4,3865,4048,36,28,183,15766.2,1008,1
8,1,2,37797,0,3,6435,7074,32,49,639,9449.25,1568,0
9,0,0,139427,4,3,7480,10607,89,21,3127,34856.75,1869,1
2,0,2,66206,0,1,4781,4589,37,21,-192,33103.0,777,0
8,1,2,45406,0,4,9751,11660,20,32,1909,9081.2,640,0
3,2,1,171465,1,8,5014,5328,46,43,314,19051.666666666668,1978,1
4,2,2,103987,0,4,3837,3701,46,65,-136,20797.4,2990,1
1,2,1,62660,4,8,13341,17190,65,21,3849,6962.222222222223,1365,1
5,0,2,61978,0,4,3428,4085,0,52,657,12395.6,0,1
1,2,1,57880,4,4,9591,9199,65,49,-392,11576.0,3185,1
2,0,2,59949,0,0,5524,8727,19,46,3203,59949.0,874,0
7,1,2,28502,2,0,13184,12341,64,55,-843,28502.0,3520,0
4,1,0,47641,2,2,2762,2256,48,59,-506,15880.333333333334,2832,0
4,1,0,40093,2,1,4264,5500,8,20,1236,20046.5,160,0
4,2,2,83005,0,3,11957,14227,61,48,2270,20751.25,2928,1
9,0,0,127427,0,3,4013,3075,63,62,-938,31856.75,3906,2
8,1,2,42499,0,1,13379,17897,24,59,4518,21249.5,1416,0
4,2,2,91796,0,5,9520,6754,25,57,-2766,15299.333333333334,1425,2
4,1,0,46592,2,1,11715,9446,40,40,-2269,23296.0,1600,0
9,0,0,127697,4,6,6875,12352,71,87,5477,18242.428571428572,6177,1
4,2,2,82624,0,3,1992,2209,0,46,217,20656.0,0,1
5,0,2,60834,0,1,10334,16005,36,31,5671,30417.0,1116,2
9,0,0,100815,0,2,1549,2510,69,31,961,33605.0,2139,1
9,0,2,112257,0,5,6575,10017,56,57,3442,18709.5,3192,1
3,2,1,130899,1,8,1118,1299,21,10,181,14544.333333333334,210,1
6,0,1,116012,1,7,7064,10596,39,42,3532,14501.5,1638,1
3,2,1,79497,0,4,9036,7448,34,35,-1588,15899.4,1190,1
4,1,0,50009,2,3,10288,12367,31,60,2079,12502.25,1860,0
4,2,2,86537,0,3,13938,17447,43,61,3509,21634.25,2623,1
3,2,1,106907,0,2,8599,7100,10,41,-1499,35635.666666666664,410,1
9,0,0,128456,4,5,3804,2826,49,74,-978,21409.333333333332,3626,1
2,0,2,59940,0,0,3690,3693,27,43,3,59940.0,1161,0
4,2,2,87887,0,6,10322,9287,27,34,-1035,12555.285714285714,918,2
1,2,1,46970,4,4,11943,11001,15,84,-942,9394.0,1260,1
3,2,1,159141,1,7,3276,3124,27,47,-152,19892.625,1269,1
7,1,2,27967,2,0,4419,4745,60,47,326,27967.0,2820,0
9,0,0,140687,4,7,1922,1594,53,15,-328,17585.875,795,1
4,2,2,94385,0,4,7044,7037,29,42,-7,18877.0,1218,1
3,2,1,87990,0,6,6974,13055,47,48,6081,12570.0,2256,1
3,2,1,200112,1,7,3781,5135,43,35,1354,25014.0,1505,1
9,0,0,138788,4,5,12573,11249,46,27,-1324,23131.333333333332,1242,1
6,0,1,147592,1,6,1977,2075,40,66,98,21084.571428571428,2640,1
2,0,2,69957,0,2,12397,9621,35,52,-2776,23319.0,1820,0
6,0,1,113067,1,5,10050,7458,13,82,-2592,18844.5,1066,1
7,1,2,33198,2,0,13861,10982,0,55,-2879,33198.0,0,0
9,0,2,86794,0,4,10434,11130,51,45,696,17358.8,2295,1
5,0,2,65002,0,2,7118,10456,6,74,3338,21667.333333333332,444,2
9,0,0,111103,4,3,4777,4789,60,31,12,27775.75,1860,1
8,1,2,38446,0,1,8794,11905,28,58,3111,19223.0,1624,0
1,2,1,59434,4,2,1685,1955,24,55,270,19811.333333333332,1320,1
2,0,2,66348,0,0,6070,4328,27,37,-1742,66348.0,999,0
4,2,2,88780,0,5,8909,6463,29,43,-2446,14796.666666666666,1247,1
6,0,1,121473,1,6,9313,9337,31,56,24,17353.285714285714,1736,1
2,0,2,56734,0,2,11873,14148,23,24,2275,18911.333333333332,552,0
8,1,2,47484,0,1,9726,13264,28,29,3538,23742.0,812,0
4,2,2,85122,0,4,4485,5312,47,46,827,17024.4,2162,1
4,2,2,105334,0,4,8017,10212,50,57,2195,21066.8,2850,1
6,0,1,104495,1,3,10114,15804,30,58,5690,26123.75,1740,1
5,0,2,71112,0,3,2404,2693,28,53,289,17778.0,1484,1
9,0,0,97172,0,3,6769,7430,100,75,661,24293.0,7500,1
3,2,1,69408,0,6,11988,23427,47,45,11439,9915.42857142857,2115,1
4,2,2,88562,0,5,5672,9103,50,44,3431,14760.333333333334,2200,1
7,1,2,27424,2,0,8962,8846,26,25,-116,27424.0,650,0
9,0,0,100845,4,4,11982,20724,70,43,8742,20169.0,3010,1
9,0,2,93337,0,2,5206,8066,100,29,2860,31112.333333333332,2900,1
8,1,2,44078,0,1,11537,9773,53,63,-1764,22039.0,3339,0
9,0,0,114083,0,5,9585,11101,76,29,1516,19013.833333333332,2204,2
5,0,2,63072,0,2,5642,7195,51,51,1553,21024.0,2601,2
9,0,2,96831,0,6,9899,13422,81,32,3523,13833.0,2592,1
9,0,0,155240,4,4,12725,11427,66,33,-1298,31048.0,2178,1
5,0,2,66066,0,2,12576,9640,33,53,-2936,22022.0,1749,1
9,0,2,95863,0,3,12549,9790,56,51,-2759,23965.75,2856,1
0,0,2,91605,3,5,4848,6027,41,43,1179,15267.5,1763,1
9,0,2,96621,0,6,3822,4252,84,42,430,13803.0,3528,1
0,0,2,96957,3,4,10635,13965,35,39,3330,19391.4,1365,1
9,0,0,102141,4,4,13262,14009,49,54,747,20428.2,2646,1
9,0,0,96694,0,1,1785,3027,50,47,1242,48347.0,2350,2
3,2,1,128944,1,9,608,842,36,60,234,12894.4,2160,1
9,0,0,127390,4,4,14393,27056,22,54,12663,25478.0,1188,1
7,1,2,30572,2,0,10669,8597,17,44,-2072,30572.0,748,0
5,0,2,70364,0,4,14934,15220,70,57,286,14072.8,3990,2
0,0,2,67914,3,2,5001,3819,25,33,-1182,22638.0,825,1
9,0,0,171840,4,6,13021,21397,46,43,8376,24548.571428571428,1978,1
2,0,2,80601,0,2,7018,9015,39,37,1997,26867.0,1443,0
4,2,2,74523,0,7,9948,12572,37,43,2624,9315.375,1591,1
9,0,0,138047,4,2,9113,14479,62,40,5366,46015.666666666664,2480,1
5,0,2,74048,0,5,9359,11263,67,47,1904,12341.333333333334,3149,1
1,2,1,51487,4,6,6189,8145,47,50,1956,7355.285714285715,2350,1
0,0,2,73931,3,6,11744,19017,34,12,7273,10561.57142857143,408,1
5,0,2,59107,0,1,2472,3324,41,62,852,29553.5,2542,1
5,0,2,66544,0,0,5671,4203,28,62,-1468,66544.0,1736,1
9,0,0,110010,4,2,11544,22069,72,38,10525,36670.0,2736,1
8,1,2,52015,0,2,10019,9136,38,7,-883,17338.333333333332,266,2
7,1,2,25949,2,2,6424,4659,54,13,-1765,8649.666666666666,702,0
0,0,2,82854,3,4,4754,3561,26,22,-1193,16570.8,572,2
1,2,1,57590,4,7,4806,4661,48,31,-145,7198.75,1488,1
2,0,2,71626,0,3,8222,11600,26,21,3378,17906.5,546,0
7,1,2,30465,2,0,6495,7374,51,69,879,30465.0,3519,0
5,0,2,68871,0,1,7445,11863,27,54,4418,34435.5,1458,1
8,1,2,37534,0,1,11980,11116,47,41,-864,18767.0,1927,0
7,1,2,37765,2,1,14497,13460,10,66,-1037,18882.5,660,0
2,0,2,57987,0,0,7884,6578,47,12,-1306,57987.0,564,2
3,2,1,195517,1,8,2648,2026,21,5,-622,21724.11111111111,105,1
3,2,1,85931,0,2,4244,6250,49,50,2006,28643.666666666668,2450,1
4,1,0,46766,2,2,4922,3997,58,48,-925,15588.666666666666,2784,0
1,2,1,58960,4,4,7581,7428,38,59,-153,11792.0,2242,1
9,0,2,104435,0,5,2889,3068,30,45,179,17405.833333333332,1350,1
5,0,2,62586,0,3,13700,21710,45,33,8010,15646.5,1485,1
9,0,0,150908,4,4,7406,9330,81,43,1924,30181.6,3483,1
9,0,0,134666,4,7,14416,15774,49,43,1358,16833.25,2107,1
1,2,1,64769,4,5,12305,12682,20,36,377,10794.833333333334,720,1
4,2,2,85725,0,8,8472,13969,3,32,5497,9525.0,96,2
2,0,2,84627,0,7,9710,14427,13,61,4717,10578.375,793,0
9,0,0,102054,4,3,7027,9326,48,44,2299,25513.5,2112,1
4,1,0,52272,2,2,3176,3043,53,40,-133,17424.0,2120,0
9,0,2,99363,0,3,13833,22759,44,21,8926,24840.75,924,1
5,0,2,72529,0,4,14245,17201,42,71,2956,14505.8,2982,1
5,0,2,70618,0,4,12699,11835,13,27,-864,14123.6,351,2
2,0,2,86660,0,3,6414,6045,13,16,-369,21665.0,208,0
1,2,1,59885,4,6,9633,8746,46,22,-887,8555.0,1012,1
7,1,2,33925,2,2,824,886,7,32,62,11308.333333333334,224,0
9,0,0,103668,0,2,6252,11412,74,49,5160,34556.0,3626,1
9,0,2,92867,0,5,9951,15812,55,39,5861,15477.833333333334,2145,1
3,2,1,86094,0,3,11135,17889,41,43,6754,21523.5,1763,1
9,0,0,120350,4,6,13284,16350,39,65,3066,17192.85714285714,2535,1
7,1,2,28377,2,0,5826,5817,2,35,-9,28377.0,70,0
5,0,2,64390,0,2,13193,13773,40,50,580,21463.333333333332,2000,1
6,0,1,140116,1,6,1784,1926,14,29,142,20016.571428571428,406,1
3,2,1,162383,1,7,5194,6404,28,59,1210,20297.875,1652,1
3,2,1,100415,0,1,2873,3389,27,64,516,50207.5,1728,1
3,2,1,81518,0,3,13733,25319,71,64,11586,20379.5,4544,1
8,1,2,39866,0,0,10842,14606,85,50,3764,39866.0,4250,0
3,2,1,191018,1,7,7131,15720,73,28,8589,23877.25,2044,1
9,0,0,136647,0,1,3154,5846,75,69,2692,68323.5,5175,2
9,0,2,84781,0,3,5636,6367,91,71,731,21195.25,6461,2
3,2,1,69465,0,6,5273,7434,29,84,2161,9923.57142857143,2436,1
3,2,1,160604,1,7,11061,10923,15,66,-138,20075.5,990,1
2,0,2,58268,0,5,7789,9850,37,75,2061,9711.333333333334,2775,0
4,1,0,57951,2,2,10116,13129,16,36,3013,19317.0,576,0
5,0,2,67247,0,5,7282,8655,35,54,1373,11207.833333333334,1890,2
9,0,0,151678,4,4,14495,13806,45,54,-689,30335.6,2430,1
9,0,0,152880,4,7,12423,9712,55,24,-2711,19110.0,1320,1
3,2,1,97601,0,4,4622,5656,51,84,1034,19520.2,4284,1
9,0,2,107547,0,0,3234,4049,75,59,815,107547.0,4425,1
9,0,0,102781,0,1,2065,1567,71,39,-498,51390.5,2769,1
6,0,1,161498,1,6,14896,20686,51,43,5790,23071.14285714286,2193,1
1,2,1,44080,4,5,1381,1127,30,41,-254,7346.666666666667,1230,2
4,2,2,81106,0,5,7004,5435,36,36,-1569,13517.666666666666,1296,2
4,2,2,75617,0,5,1863,2878,17,27,1015,12602.833333333334,459,1
2,0,2,66874,0,2,10626,16437,30,64,5811,22291.333333333332,1920,0
9,0,0,108496,0,3,11228,10763,47,52,-465,27124.0,2444,2
2,0,2,61180,0,3,4257,4315,44,59,58,15295.0,2596,2
4,1,0,38167,2,4,5155,5520,32,57,365,7633.4,1824,0
3,2,1,83320,0,2,2571,4757,38,30,2186,27773.333333333332,1140,1
1,2,1,59287,4,2,14238,16170,67,63,1932,19762.333333333332,4221,1
9,0,0,114705,4,4,1075,1680,59,80,605,22941.0,4720,1
0,0,2,78988,3,5,5828,8794,63,46,2966,13164.666666666666,2898,1
5,0,2,67628,0,5,14768,14701,32,44,-67,11271.333333333334,1408,2
6,0,1,125464,1,5,4963,5246,1,70,283,20910.666666666668,70,1
5,0,2,53441,0,4,2713,3887,50,71,1174,10688.2,3550,1
9,0,0,125105,4,5,10180,11154,87,45,974,20850.833333333332,3915,1
5,0,2,71647,0,4,10839,12831,38,45,1992,14329.4,1710,2
8,1,2,40624,0,0,9076,11705,38,53,2629,40624.0,2014,0
2,0,2,65773,0,1,6188,6967,43,70,779,32886.5,3010,0
1,2,1,60928,4,4,4221,4708,21,70,487,12185.6,1470,1
5,0,2,66020,0,3,5544,5081,8,72,-463,16505.0,576,1
8,1,2,46288,0,3,4756,5157,63,41,401,11572.0,2583,0
2,0,2,77026,0,1,672,733,6,30,61,38513.0,180,0
1,2,1,72327,4,4,13859,13723,51,46,-136,14465.4,2346,1
7,1,2,31961,2,0,5198,4059,57,40,-1139,31961.0,2280,0
1,2,1,67243,4,5,636,866,40,43,230,11207.166666666666,1720,1
4,2,2,95215,0,4,8316,11531,26,58,3215,19043.0,1508,1
9,0,0,122081,4,4,13048,14766,70,35,1718,24416.2,2450,1
4,2,2,96045,0,1,5299,4348,37,45,-951,48022.5,1665,1
9,0,2,90107,0,4,13554,11006,100,46,-2548,18021.4,4600,1
1,2,1,52150,4,5,6621,5329,48,61,-1292,8691.666666666666,2928,1
8,1,2,42628,0,3,14953,17097,53,22,2144,10657.0,1166,0
8,1,2,45694,0,3,6967,4960,30,46,-2007,11423.5,1380,0
9,0,0,126188,4,6,12213,16993,49,9,4780,18026.85714285714,441,1
0,0,2,73644,3,6,6699,6579,43,25,-120,10520.57142857143,1075,1
2,0,2,75732,0,3,1797,1283,36,31,-514,18933.0,1116,0
3,2,1,87319,0,1,4424,4558,28,45,134,43659.5,1260,1
4,2,2,96104,0,6,13606,16863,42,16,3257,13729.142857142857,672,1
4,2,2,94233,0,4,11869,14513,10,67,2644,18846.6,670,2
2,0,2,68387,0,2,11124,17151,27,41,6027,22795.666666666668,1107,0
4,2,2,77071,0,6,4904,8172,15,41,3268,11010.142857142857,615,1
9,0,2,96501,0,4,14483,24458,17,50,9975,19300.2,850,1
9,0,0,133232,4,5,2738,2607,88,61,-131,22205.333333333332,5368,1
9,0,0,119991,0,2,10934,9844,66,54,-1090,39997.0,3564,1
3,2,1,206723,1,6,7918,6114,26,22,-1804,29531.85714285714,572,1
4,1,0,40536,2,0,10703,13114,66,43,2411,40536.0,2838,0
9,0,2,90985,0,1,5753,4753,68,33,-1000,45492.5,2244,1
9,0,0,138522,4,5,1313,2909,47,48,1596,23087.0,2256,1
9,0,0,122469,4,4,3546,6014,83,67,2468,24493.8,5561,1
2,0,2,74417,0,4,4910,5796,49,11,886,14883.4,539,2
4,1,0,43697,2,2,7683,9699,52,26,2016,14565.666666666666,1352,0
9,0,2,99104,0,3,1977,1590,90,52,-387,24776.0,4680,1
9,0,0,123007,4,3,8586,6094,84,27,-2492,30751.75,2268,1
7,1,2,29814,2,0,7385,7396,30,51,11,29814.0,1530,0
4,2,2,68951,0,5,13598,11378,53,62,-2220,11491.833333333334,3286,2
7,1,2,29542,2,2,8097,9648,31,56,1551,9847.333333333334,1736,0
7,1,2,29373,2,1,1814,2064,38,49,250,14686.5,1862,0
9,0,0,115642,4,3,4866,7882,53,39,3016,28910.5,2067,1
9,0,0,85341,0,4,9399,15632,62,66,6233,17068.2,4092,1
9,0,0,89313,4,6,3648,4469,68,50,821,12759.0,3400,1
0,0,2,111696,3,2,6751,9335,37,30,2584,37232.0,1110,1
9,0,0,120851,0,3,13085,17421,73,45,4336,30212.75,3285,1
8,1,2,37575,0,1,13135,17772,19,48,4637,18787.5,912,0
9,0,2,102947,0,2,12585,20632,99,37,8047,34315.666666666664,3663,2
9,0,2,106058,0,7,8050,8353,87,52,303,13257.25,4524,1
1,2,1,52676,4,3,11411,14736,33,31,3325,13169.0,1023,1
5,0,2,67176,0,3,6875,9640,50,59,2765,16794.0,2950,1
6,0,1,149504,1,7,5793,4678,37,58,-1115,18688.0,2146,1
3,2,1,80686,0,4,12431,12440,36,43,9,16137.2,1548,1
4,1,0,46511,2,2,9504,10260,23,59,756,15503.666666666666,1357,0
9,0,0,122232,0,3,4650,7879,77,69,3229,30558.0,5313,2
3,2,1,94012,0,3,5395,8342,21,51,2947,23503.0,1071,1
7,1,2,25000,2,0,1353,1339,21,36,-14,25000.0,756,0
9,0,0,145512,0,2,4366,3828,54,55,-538,48504.0,2970,1
7,1,2,32414,2,1,746,622,11,55,-124,16207.0,605,0
4,2,2,96889,0,5,5023,7031,36,62,2008,16148.166666666666,2232,2
9,0,0,115149,0,4,6984,6851,85,38,-133,23029.8,3230,1
9,0,0,78761,4,4,1188,2371,93,62,1183,15752.2,5766,1
4,2,2,84712,0,6,11817,11751,51,58,-66,12101.714285714286,2958,2
4,1,0,49267,2,2,10268,12721,35,35,2453,16422.333333333332,1225,0
7,1,2,25000,2,0,13128,11446,64,54,-1682,25000.0,3456,0
9,0,2,95580,0,4,3083,3652,51,37,569,19116.0,1887,1
9,0,0,92074,0,2,11738,18317,60,7,6579,30691.333333333332,420,1
7,1,2,28941,2,0,12944,9795,18,50,-3149,28941.0,900,0
9,0,0,146032,4,3,6324,7563,99,28,1239,36508.0,2772,1
4,1,0,28970,2,4,9287,10627,44,51,1340,5794.0,2244,0
9,0,0,118672,4,5,8492,10970,60,67,2478,19778.666666666668,4020,1
7,1,2,30140,2,0,9648,11652,41,48,2004,30140.0,1968,0
4,2,2,78346,0,4,7687,6080,60,69,-1607,15669.2,4140,2
9,0,0,138631,4,5,11792,20070,49,69,8278,23105.166666666668,3381,1
7,1,2,28271,2,0,12368,10190,41,47,-2178,28271.0,1927,0
2,0,2,73040,0,1,1146,1242,48,59,96,36520.0,2832,2
4,1,0,49265,2,4,7668,7147,23,12,-521,9853.0,276,0
2,0,2,63716,0,0,9392,10736,36,21,1344,63716.0,756,0
9,0,2,86876,0,4,9784,14513,23,37,4729,17375.2,851,1
1,2,1,45012,4,3,6196,6279,23,87,83,11253.0,2001,1
4,1,0,45195,2,3,8174,8405,18,40,231,11298.75,720,0
0,0,2,89824,3,4,14120,17409,52,51,3289,17964.8,2652,1
6,0,1,160371,1,6,14599,19808,63,35,5209,22910.14285714286,2205,1
9,0,0,163453,4,7,1628,3100,100,44,1472,20431.625,4400,1
9,0,0,163926,4,6,7862,10395,74,46,2533,23418.0,3404,1
0,0,2,99376,3,5,4814,5884,50,61,1070,16562.666666666668,3050,1
7,1,2,26709,2,0,7939,9509,41,64,1570,26709.0,2624,0
4,2,2,82773,0,5,10953,12533,21,62,1580,13795.5,1302,2
8,1,2,46833,0,2,12520,15080,28,52,2560,15611.0,1456,0
6,0,1,128482,1,4,806,834,47,61,28,25696.4,2867,1
0,0,2,105065,3,5,6465,5699,34,56,-766,17510.833333333332,1904,1
9,0,2,87900,0,2,5754,4070,49,36,-1684,29300.0,1764,1
3,2,1,96336,0,4,9330,9468,34,59,138,19267.2,2006,1
9,0,2,95062,0,1,9086,9701,80,72,615,47531.0,5760,2
4,2,2,88592,0,5,9535,14925,20,51,5390,14765.333333333334,1020,2
3,2,1,185873,1,7,5138,7107,16,58,1969,23234.125,928,1
8,1,2,43470,0,0,11000,11470,52,27,470,43470.0,1404,0
9,0,0,100339,0,1,2077,1859,71,59,-218,50169.5,4189,2
3,2,1,61159,0,5,1592,1484,38,44,-108,10193.166666666666,1672,1
0,0,2,80705,3,5,2626,2041,0,23,-585,13450.833333333334,0,1
0,0,2,105963,3,5,1012,1375,48,40,363,17660.5,1920,1
9,0,0,110526,0,1,8452,9173,75,47,721,55263.0,3525,1
9,0,0,94075,0,2,1021,1361,58,55,340,31358.333333333332,3190,1
3,2,1,83338,0,3,14201,12631,45,43,-1570,20834.5,1935,1
3,2,1,77350,0,2,8526,6180,68,64,-2346,25783.333333333332,4352,1
3,2,1,128788,1,7,11990,15785,34,50,3795,16098.5,1700,1
2,0,2,75700,0,3,1304,1959,15,53,655,18925.0,795,2
9,0,2,90416,0,5,10427,12270,91,5,1843,15069.333333333334,455,1
9,0,0,156053,4,3,3919,7503,100,28,3584,39013.25,2800,1
6,0,1,166639,1,8,14132,18465,18,32,4333,18515.444444444445,576,1
5,0,2,63688,0,5,13623,21076,44,75,7453,10614.666666666666,3300,1
7,1,2,29864,2,2,9642,9725,6,38,83,9954.666666666666,228,0
0,0,2,89184,3,7,6546,10203,42,63,3657,11148.0,2646,1
0,0,2,72680,3,7,10607,12142,40,50,1535,9085.0,2000,1
1,2,1,64632,4,4,1166,1482,38,71,316,12926.4,2698,1
0,0,2,86499,3,6,5479,5977,30,51,498,12357.0,1530,1
9,0,2,97126,0,2,9011,7764,46,45,-1247,32375.333333333332,2070,1
9,0,0,126900,0,5,12381,16890,74,74,4509,21150.0,5476,1
1,2,1,61917,4,5,6813,9025,39,48,2212,10319.5,1872,1
9,0,2,111634,0,3,9121,6650,70,30,-2471,27908.5,2100,2
3,2,1,174140,1,6,10745,12653,55,80,1908,24877.14285714286,4400,1
1,2,1,64124,4,2,12774,11713,23,52,-1061,21374.666666666668,1196,1
8,1,2,37425,0,0,12724,9942,45,55,-2782,37425.0,2475,0
4,2,2,102703,0,2,10963,9035,27,32,-1928,34234.333333333336,864,2
7,1,2,29357,2,0,11550,10907,20,37,-643,29357.0,740,0
4,1,0,41349,2,3,11399,12870,15,55,1471,10337.25,825,0
6,0,1,141445,1,7,2205,4162,37,18,1957,17680.625,666,1
4,2,2,98369,0,7,3455,4609,41,5,1154,12296.125,205,2
8,1,2,38744,0,0,8768,8947,73,44,179,38744.0,3212,0
3,2,1,86869,0,1,3091,3549,18,52,458,43434.5,936,1
3,2,1,147173,1,7,7758,15336,43,35,7578,18396.625,1505,1
6,0,1,125441,1,7,5663,7403,61,39,1740,15680.125,2379,1
7,1,2,30171,2,2,14342,10950,53,77,-3392,10057.0,4081,0
8,1,2,37238,0,2,13020,14823,36,58,1803,12412.666666666666,2088,2
0,0,2,95044,3,5,12392,20083,17,41,7691,15840.666666666666,697,1
3,2,1,201512,1,9,4443,5365,44,34,922,20151.2,1496,1
1,2,1,53819,4,3,4004,5354,39,50,1350,13454.75,1950,1
4,2,2,86594,0,4,9515,10286,27,56,771,17318.8,1512,2
7,1,2,31466,2,0,7912,7067,40,23,-845,31466.0,920,0
8,1,2,42857,0,0,503,669,18,53,166,42857.0,954,0
2,0,2,75861,0,3,10260,12855,14,36,2595,18965.25,504,0
1,2,1,54439,4,3,2713,3327,68,9,614,13609.75,612,1
9,0,0,116310,4,2,5420,3956,39,53,-1464,38770.0,2067,1
9,0,2,90254,0,3,14520,25208,59,69,10688,22563.5,4071,1
9,0,0,113775,4,4,13140,16296,39,31,3156,22755.0,1209,1
6,0,1,152427,1,9,9571,8075,42,35,-1496,15242.7,1470,1
1,2,1,62171,4,3,9849,9347,41,38,-502,15542.75,1558,1
9,0,0,148695,4,5,2044,2335,84,39,291,24782.5,3276,1
5,0,2,66268,0,0,6327,4529,66,27,-1798,66268.0,1782,1
9,0,0,139637,4,3,4841,5207,79,5,366,34909.25,395,1
6,0,1,128045,1,7,10038,7328,39,26,-2710,16005.625,1014,1
9,0,2,107352,0,2,4698,8080,44,26,3382,35784.0,1144,1
9,0,0,123116,0,3,9846,8811,63,41,-1035,30779.0,2583,1
3,2,1,159476,1,8,4062,6291,53,56,2229,17719.555555555555,2968,1
4,1,0,42012,2,3,5819,5576,14,33,-243,10503.0,462,0
9,0,0,125463,4,4,8499,10669,48,5,2170,25092.6,240,1
0,0,2,74687,3,7,2062,2844,28,49,782,9335.875,1372,1
3,2,1,62957,0,3,5421,6301,43,29,880,15739.25,1247,1
4,1,0,44574,2,2,13743,15396,36,5,1653,14858.0,180,0
8,1,2,36219,0,1,1785,2239,37,35,454,18109.5,1295,2
6,0,1,138167,1,8,13130,18307,18,29,5177,15351.888888888889,522,1
7,1,2,25000,2,0,14914,12828,33,25,-2086,25000.0,825,0
8,1,2,42586,0,0,14718,15726,41,58,1008,42586.0,2378,0
0,0,2,98864,3,3,13122,20919,16,32,7797,24716.0,512,1
4,1,0,46681,2,2,11195,10423,54,34,-772,15560.333333333334,1836,0
6,0,1,152834,1,6,687,806,68,22,119,21833.428571428572,1496,1
9,0,0,122877,4,4,5493,10420,66,40,4927,24575.4,2640,1
9,0,0,142507,4,3,5731,6017,71,23,286,35626.75,1633,1
3,2,1,211193,1,7,2950,2324,43,39,-626,26399.125,1677,1
1,2,1,55726,4,7,11932,13813,46,54,1881,6965.75,2484,1
9,0,0,134372,4,5,1327,1693,85,79,366,22395.333333333332,6715,1
5,0,2,52611,0,1,12834,13685,3,60,851,26305.5,180,2
3,2,1,162825,1,6,8769,11951,35,53,3182,23260.714285714286,1855,1
9,0,2,100030,0,3,7576,5912,69,55,-1664,25007.5,3795,1
4,2,2,66927,0,4,6960,7664,42,40,704,13385.4,1680,1
9,0,0,137231,4,4,6007,4804,75,48,-1203,27446.2,3600,1
5,0,2,54089,0,2,9862,14000,11,42,4138,18029.666666666668,462,1
1,2,1,49508,4,5,7040,9087,0,53,2047,8251.333333333334,0,1
9,0,0,120194,0,5,7029,10165,76,61,3136,20032.333333333332,4636,2
8,1,2,44430,0,2,13178,15180,22,56,2002,14810.0,1232,2
4,2,2,94047,0,2,2709,4417,12,50,1708,31349.0,600,1
1,2,1,58639,4,6,3745,3244,36,39,-501,8377.0,1404,1
8,1,2,43549,0,1,11186,9943,21,51,-1243,21774.5,1071,0
9,0,2,112335,0,3,9694,15366,71,71,5672,28083.75,5041,2
4,1,0,49964,2,3,9089,11544,24,39,2455,12491.0,936,0
9,0,2,104588,0,5,1673,2132,67,61,459,17431.333333333332,4087,1
4,2,2,94795,0,4,7546,10630,43,29,3084,18959.0,1247,2
3,2,1,83149,0,5,9937,12297,20,31,2360,13858.166666666666,620,1
9,0,0,118526,0,4,11505,20495,94,70,8990,23705.2,6580,1
8,1,2,40761,0,1,6484,6028,70,5,-456,20380.5,350,0
9,0,2,84108,0,3,5754,4698,46,52,-1056,21027.0,2392,1
3,2,1,172505,1,6,11238,18932,25,25,7694,24643.571428571428,625,1
4,2,2,92550,0,3,5494,7267,26,32,1773,23137.5,832,1
7,1,2,25825,2,0,10596,10366,5,42,-230,25825.0,210,0
3,2,1,161287,1,8,2889,6263,42,69,3374,17920.777777777777,2898,1
9,0,0,108209,4,3,13904,22144,69,44,8240,27052.25,3036,1
9,0,2,115440,0,1,11728,14423,43,32,2695,57720.0,1376,2
9,0,0,140322,4,4,12914,15876,89,39,2962,28064.4,3471,1
9,0,0,108341,0,5,12617,13782,55,66,1165,18056.833333333332,3630,2
9,0,2,100613,0,4,10674,12319,60,75,1645,20122.6,4500,1
0,0,2,79479,3,6,14138,19724,54,56,5586,11354.142857142857,3024,1
9,0,0,115770,4,6,6124,12117,45,63,5993,16538.571428571428,2835,1
2,0,2,60753,0,2,7873,8184,42,66,311,20251.0,2772,2
9,0,0,115801,4,3,5937,4662,58,40,-1275,28950.25,2320,1
4,1,0,48856,2,0,9314,7862,47,80,-1452,48856.0,3760,0
9,0,2,103567,0,5,9452,13272,87,58,3820,17261.166666666668,5046,1
4,2,2,70451,0,4,4737,7039,66,34,2302,14090.2,2244,1
5,0,2,65803,0,2,10707,14130,53,28,3423,21934.333333333332,1484,1
4,1,0,52720,2,3,11948,14475,43,21,2527,13180.0,903,0
8,1,2,44179,0,3,10051,12556,23,72,2505,11044.75,1656,0
9,0,0,133551,4,2,4685,7644,64,35,2959,44517.0,2240,1
9,0,0,118332,4,2,5153,7577,69,39,2424,39444.0,2691,1
4,2,2,84064,0,2,11911,15015,40,38,3104,28021.333333333332,1520,1
2,0,2,66406,0,6,1369,1982,53,30,613,9486.57142857143,1590,2
3,2,1,68036,0,3,636,1221,30,49,585,17009.0,1470,1
8,1,2,40921,0,5,11319,8633,16,77,-2686,6820.166666666667,1232,0
3,2,1,72796,0,5,14460,22745,53,27,8285,12132.666666666666,1431,1
0,0,2,84472,3,3,2267,3431,24,6,1164,21118.0,144,1
2,0,2,63138,0,4,14711,19029,32,33,4318,12627.6,1056,0
9,0,2,82060,0,4,6737,5923,65,46,-814,16412.0,2990,1
4,1,0,56695,2,1,2131,1859,66,38,-272,28347.5,2508,0
5,0,2,53496,0,2,14701,22656,26,63,7955,17832.0,1638,1
1,2,1,59653,4,3,1942,1836,19,51,-106,14913.25,969,1
9,0,2,98524,0,2,8702,13210,28,9,4508,32841.333333333336,252,1
1,2,1,47046,4,4,12173,13818,12,86,1645,9409.2,1032,1
9,0,0,133751,4,5,4553,6177,77,28,1624,22291.833333333332,2156,1
2,0,2,62307,0,3,5965,9149,41,34,3184,15576.75,1394,0
8,1,2,40061,0,0,12696,10271,9,39,-2425,40061.0,351,0
9,0,0,114596,4,2,6181,11075,47,61,4894,38198.666666666664,2867,1
7,1,2,31814,2,1,10743,8743,66,35,-2000,15907.0,2310,0
9,0,2,96932,0,0,8712,13069,81,45,4357,96932.0,3645,1
4,2,2,99715,0,5,1515,1310,16,15,-205,16619.166666666668,240,1
6,0,1,162781,1,8,6843,4868,26,69,-1975,18086.777777777777,1794,1
1,2,1,55256,4,5,5090,3788,27,41,-1302,9209.333333333334,1107,1
9,0,0,173726,4,4,6099,12125,72,47,6026,34745.2,3384,1
3,2,1,101821,0,5,2748,2710,62,19,-38,16970.166666666668,1178,1
4,1,0,37201,2,3,6762,4772,50,15,-1990,9300.25,750,0
3,2,1,100221,0,3,10534,13200,49,37,2666,25055.25,1813,1
8,1,2,35812,0,0,4438,4504,30,23,66,35812.0,690,0
9,0,0,127094,4,5,7487,15350,59,37,7863,21182.333333333332,2183,1
6,0,1,174795,1,5,10418,17365,34,50,6947,29132.5,1700,1
5,0,2,74147,0,2,9383,11367,30,46,1984,24715.666666666668,1380,1
9,0,2,76491,0,3,11190,12924,91,60,1734,19122.75,5460,1
3,2,1,145059,1,8,9369,16807,1,49,7438,16117.666666666666,49,1
0,0,2,101682,3,2,2762,2735,32,72,-27,33894.0,2304,1
4,1,0,56923,2,2,12052,12173,41,70,121,18974.333333333332,2870,0
6,0,1,127205,1,9,2715,4408,12,85,1693,12720.5,1020,1
6,0,1,137055,1,5,13116,17771,51,70,4655,22842.5,3570,1
3,2,1,76559,0,1,9754,11175,25,35,1421,38279.5,875,1
7,1,2,32146,2,0,1611,1405,31,46,-206,32146.0,1426,0
1,2,1,45878,4,4,12287,10773,37,35,-1514,9175.6,1295,1
9,0,0,136569,4,7,5703,5409,64,60,-294,17071.125,3840,1
4,1,0,48891,2,1,983,1051,44,24,68,24445.5,1056,0
6,0,1,99710,1,4,7283,12574,35,5,5291,19942.0,175,1
2,0,2,68654,0,5,7758,11954,50,66,4196,11442.333333333334,3300,0
9,0,0,130303,4,3,13264,12139,76,58,-1125,32575.75,4408,1
9,0,0,126285,0,1,2655,2908,70,32,253,63142.5,2240,1
9,0,0,132432,4,2,12991,20784,50,24,7793,44144.0,1200,1
3,2,1,154809,1,7,4872,10681,41,55,5809,19351.125,2255,1
3,2,1,200269,1,9,10532,21554,27,33,11022,20026.9,891,1
3,2,1,152096,1,8,4304,10182,49,62,5878,16899.555555555555,3038,1
3,2,1,90714,0,1,927,772,10,64,-155,45357.0,640,1
9,0,0,115601,0,4,11774,11176,71,74,-598,23120.2,5254,1
9,0,0,143507,4,7,8730,12802,66,54,4072,17938.375,3564,1
5,0,2,54604,0,1,12165,13843,71,39,1678,27302.0,2769,1
9,0,0,130953,4,5,14461,26751,51,83,12290,21825.5,4233,1
5,0,2,71572,0,4,8263,11977,33,52,3714,14314.4,1716,1
9,0,0,96393,4,4,3666,7290,40,24,3624,19278.6,960,1
9,0,0,125355,4,2,7194,7473,92,67,279,41785.0,6164,1
6,0,1,148113,1,7,4921,6980,32,26,2059,18514.125,832,1
9,0,2,95903,0,7,12662,22127,84,42,9465,11987.875,3528,1
4,2,2,90334,0,1,3851,6415,37,35,2564,45167.0,1295,2
9,0,0,142861,4,6,7697,6480,96,52,-1217,20408.714285714286,4992,1
5,0,2,48144,0,2,11769,14069,53,5,2300,16048.0,265,2
0,0,2,98007,3,6,7996,8110,29,29,114,14001.0,841,1
8,1,2,44790,0,1,7133,6630,32,16,-503,22395.0,512,0
3,2,1,155223,1,9,12547,24585,32,37,12038,15522.3,1184,1
4,1,0,43111,2,2,5626,4786,32,66,-840,14370.333333333334,2112,0
3,2,1,180266,1,8,12664,30022,52,45,17358,20029.555555555555,2340,1
3,2,1,142450,1,7,9284,21813,36,66,12529,17806.25,2376,1
3,2,1,72202,0,2,14848,25012,27,33,10164,24067.333333333332,891,1
1,2,1,50184,4,4,2291,3018,22,56,727,10036.8,1232,1
5,0,2,52568,0,2,14049,14031,7,50,-18,17522.666666666668,350,1
6,0,1,114959,1,8,4525,6972,40,57,2447,12773.222222222223,2280,1
1,2,1,60249,4,2,6981,9051,47,33,2070,20083.0,1551,1
1,2,1,58327,4,5,6847,7383,44,28,536,9721.166666666666,1232,1
4,2,2,94277,0,6,10832,16001,9,27,5169,13468.142857142857,243,2
9,0,2,102649,0,4,5270,8525,70,40,3255,20529.8,2800,1
8,1,2,45852,0,0,14989,19077,26,47,4088,45852.0,1222,0
4,2,2,88198,0,3,14059,16764,31,39,2705,22049.5,1209,1
5,0,2,61605,0,2,3227,4868,4,72,1641,20535.0,288,2
2,0,2,77181,0,3,10545,15711,49,13,5166,19295.25,637,0
4,1,0,46512,2,2,8970,11155,53,36,2185,15504.0,1908,0
5,0,2,66294,0,4,14096,18074,41,46,3978,13258.8,1886,1
9,0,0,110217,0,0,12339,20227,53,12,7888,110217.0,636,1
9,0,0,117540,0,0,3445,2653,78,34,-792,117540.0,2652,1
6,0,1,128571,1,6,11905,13287,34,49,1382,18367.285714285714,1666,1
9,0,0,126873,4,4,6940,4912,100,62,-2028,25374.6,6200,1
7,1,2,28287,2,0,7887,8706,58,10,819,28287.0,580,0
9,0,0,185874,4,4,7933,9249,91,27,1316,37174.8,2457,1
6,0,1,143239,1,3,12175,15696,28,59,3521,35809.75,1652,1
6,0,1,139399,1,6,7949,13392,36,40,5443,19914.14285714286,1440,1
2,0,2,56253,0,5,5809,6635,53,35,826,9375.5,1855,0
4,1,0,46113,2,1,12513,12191,38,68,-322,23056.5,2584,0
9,0,0,99542,0,2,2370,3413,69,42,1043,33180.666666666664,2898,2
3,2,1,104053,0,3,6446,6346,49,79,-100,26013.25,3871,1
1,2,1,51315,4,4,12088,17572,19,44,5484,10263.0,836,1
4,1,0,45532,2,1,13460,14114,43,25,654,22766.0,1075,0
3,2,1,198712,1,7,3119,6754,51,38,3635,24839.0,1938,1
1,2,1,48664,4,5,6735,8214,28,48,1479,8110.666666666667,1344,1
4,2,2,74203,0,4,3299,3126,0,63,-173,14840.6,0,2
3,2,1,198388,1,7,14775,27470,16,42,12695,24798.5,672,1
9,0,0,136905,4,7,14734,25206,49,42,10472,17113.125,2058,1
9,0,0,132676,4,4,13101,27411,91,32,14310,26535.2,2912,1
8,1,2,33099,0,1,5547,4677,57,72,-870,16549.5,4104,0
4,1,0,49994,2,3,13093,10228,42,30,-2865,12498.5,1260,0
2,0,2,82155,0,2,10763,8710,8,47,-2053,27385.0,376,0
9,0,0,127311,0,1,2655,2510,52,58,-145,63655.5,3016,1
9,0,0,126480,4,2,10700,13063,48,76,2363,42160.0,3648,1
9,0,0,110059,4,5,8014,7487,100,39,-527,18343.166666666668,3900,2
0,0,2,81058,3,2,8669,8683,5,44,14,27019.333333333332,220,1
4,2,2,84586,0,4,594,485,38,33,-109,16917.2,1254,2
6,0,1,138810,1,6,8584,7226,12,22,-1358,19830.0,264,1
9,0,2,90213,0,0,10147,11675,79,45,1528,90213.0,3555,1
5,0,2,74208,0,1,7219,10438,47,56,3219,37104.0,2632,1
9,0,0,118772,0,4,10350,7701,63,52,-2649,23754.4,3276,1
9,0,0,103540,4,5,4509,6720,47,31,2211,17256.666666666668,1457,1
2,0,2,55744,0,4,10654,11864,18,45,1210,11148.8,810,2
0,0,2,109032,3,6,14020,14876,0,6,856,15576.0,0,1
9,0,0,112786,4,3,3528,5022,65,57,1494,28196.5,3705,1
9,0,0,127341,4,4,11203,12157,69,21,954,25468.2,1449,1
9,0,0,147094,4,1,2881,3158,43,62,277,73547.0,2666,1
3,2,1,96750,0,2,9971,9432,37,39,-539,32250.0,1443,1
2,0,2,85273,0,3,5924,4734,18,39,-1190,21318.25,702,2
9,0,0,121032,4,5,2284,2950,47,47,666,20172.0,2209,1
9,0,0,144598,4,5,3143,2305,58,57,-838,24099.666666666668,3306,1
3,2,1,197874,1,7,11328,17233,40,24,5905,24734.25,960,1
3,2,1,165589,1,8,13399,26620,57,53,13221,18398.777777777777,3021,1
9,0,0,130601,4,5,7960,12650,80,26,4690,21766.833333333332,2080,1
7,1,2,25000,2,1,1087,1169,43,60,82,12500.0,2580,0
4,2,2,85844,0,3,5403,7900,25,43,2497,21461.0,1075,2
7,1,2,25358,2,2,6708,6567,58,37,-141,8452.666666666666,2146,0
4,2,2,84704,0,4,7501,8961,12,31,1460,16940.8,372,2
9,0,0,95154,0,2,5297,5818,100,93,521,31718.0,9300,1
9,0,0,103858,4,5,2499,1817,78,56,-682,17309.666666666668,4368,1
7,1,2,30453,2,1,9135,10418,4,24,1283,15226.5,96,0
1,2,1,54200,4,6,3938,2876,28,40,-1062,7742.857142857143,1120,1
3,2,1,205864,1,9,1453,2310,25,59,857,20586.4,1475,1
3,2,1,177929,1,7,12455,17862,36,43,5407,22241.125,1548,1
9,0,0,132251,0,4,8424,13106,81,53,4682,26450.2,4293,2
6,0,1,134217,1,8,13413,25429,50,53,12016,14913.0,2650,1
8,1,2,52964,0,1,10475,9746,43,60,-729,26482.0,2580,0
2,0,2,62448,0,0,9108,7691,44,60,-1417,62448.0,2640,0
3,2,1,183875,1,9,6297,6901,14,44,604,18387.5,616,1
3,2,1,183509,1,7,9718,7262,42,39,-2456,22938.625,1638,1
1,2,1,53659,4,4,12446,9589,39,50,-2857,10731.8,1950,1
5,0,2,69867,0,3,13737,17512,43,93,3775,17466.75,3999,1
6,0,1,146948,1,8,10484,17419,24,24,6935,16327.555555555555,576,1
4,1,0,48047,2,4,5259,6827,49,31,1568,9609.4,1519,0
9,0,0,130362,4,4,2436,4039,64,53,1603,26072.4,3392,1
5,0,2,70419,0,1,10747,11197,57,63,450,35209.5,3591,1
4,1,0,51560,2,0,14394,16187,62,15,1793,51560.0,930,0
4,2,2,96791,0,4,10581,7541,62,61,-3040,19358.2,3782,2
8,1,2,41961,0,0,1245,1233,52,38,-12,41961.0,1976,0
7,1,2,31061,2,3,9681,10871,43,18,1190,7765.25,774,0
9,0,0,124998,4,6,10995,15851,87,32,4856,17856.85714285714,2784,1
4,1,0,42561,2,2,5114,4629,1,46,-485,14187.0,46,0
4,2,2,65166,0,4,1611,1989,5,54,378,13033.2,270,1
2,0,2,71861,0,4,8801,7149,36,36,-1652,14372.2,1296,2
7,1,2,29918,2,0,13067,11799,43,40,-1268,29918.0,1720,0
9,0,0,101981,0,0,11736,19127,30,44,7391,101981.0,1320,1
7,1,2,32290,2,1,6988,6866,13,32,-122,16145.0,416,0
3,2,1,163966,1,9,977,1601,32,30,624,16396.6,960,1
9,0,2,112281,0,1,5915,6873,91,41,958,56140.5,3731,1
6,0,1,138059,1,6,11517,18744,23,72,7227,19722.714285714286,1656,1
6,0,1,132344,1,8,8274,14579,6,29,6305,14704.888888888889,174,1
3,2,1,82954,0,2,2724,2171,14,37,-553,27651.333333333332,518,1
9,0,0,121653,4,4,10776,18328,70,29,7552,24330.6,2030,1
6,0,1,112159,1,7,14675,26377,29,28,11702,14019.875,812,1
6,0,1,136026,1,5,5990,8732,6,51,2742,22671.0,306,1
4,2,2,108859,0,6,13839,19131,50,24,5292,15551.285714285714,1200,2
6,0,1,145260,1,8,12666,15150,59,56,2484,16140.0,3304,1
0,0,2,99904,3,5,9037,11063,31,56,2026,16650.666666666668,1736,1
3,2,1,198226,1,7,12377,9780,0,29,-2597,24778.25,0,1
1,2,1,61362,4,3,9279,7928,38,78,-1351,15340.5,2964,1
9,0,2,98518,0,4,9960,13214,83,79,3254,19703.6,6557,1
4,2,2,89517,0,4,13538,14052,32,39,514,17903.4,1248,1
9,0,0,105842,0,2,2946,3222,65,37,276,35280.666666666664,2405,2
0,0,2,87243,3,4,1010,1645,80,66,635,17448.6,5280,1
8,1,2,36859,0,2,10764,11771,31,58,1007,12286.333333333334,1798,0
0,0,2,75510,3,7,3219,3829,33,38,610,9438.75,1254,1
3,2,1,213250,1,8,6882,14133,30,41,7251,23694.444444444445,1230,1
3,2,1,169328,1,8,2414,3562,34,64,1148,18814.222222222223,2176,1
4,1,0,54924,2,2,14554,18904,49,72,4350,18308.0,3528,0
4,1,0,39869,2,1,1018,760,37,42,-258,19934.5,1554,0
8,1,2,36565,0,2,1922,2160,51,56,238,12188.333333333334,2856,0
6,0,1,151262,1,4,4393,7342,38,29,2949,30252.4,1102,1
5,0,2,69300,0,1,14089,18563,17,5,4474,34650.0,85,2
9,0,2,97446,0,2,9103,7639,76,36,-1464,32482.0,2736,1
9,0,0,141929,4,4,2338,3560,100,50,1222,28385.8,5000,1
4,2,2,102811,0,3,1112,1314,20,59,202,25702.75,1180,1
6,0,1,172659,1,7,2017,2498,43,70,481,21582.375,3010,1
1,2,1,44142,4,4,908,726,75,40,-182,8828.4,3000,1
6,0,1,146516,1,8,8692,13012,11,76,4320,16279.555555555555,836,1
9,0,2,87668,0,3,6072,10329,70,57,4257,21917.0,3990,1
4,1,0,48757,2,2,14817,11225,0,65,-3592,16252.333333333334,0,0
2,0,2,67379,0,2,13206,10026,31,35,-3180,22459.666666666668,1085,0
9,0,0,120566,4,5,13107,22308,50,74,9201,20094.333333333332,3700,1
0,0,2,94067,3,1,8956,11537,27,51,2581,47033.5,1377,1
9,0,2,86311,0,0,12371,9649,35,43,-2722,86311.0,1505,1
5,0,2,56863,0,3,6850,6508,9,39,-342,14215.75,351,1
9,0,0,122133,0,1,567,482,69,40,-85,61066.5,2760,2
6,0,1,84569,1,3,1221,1586,13,50,365,21142.25,650,1
0,0,2,76339,3,7,1926,2104,46,62,178,9542.375,2852,1
5,0,2,64086,0,3,1255,1679,40,49,424,16021.5,1960,1
1,2,1,55710,4,4,13053,19407,10,84,6354,11142.0,840,1
9,0,0,129711,4,5,9962,19601,52,55,9639,21618.5,2860,1
3,2,1,73860,0,1,3938,4776,39,60,838,36930.0,2340,1
9,0,2,91461,0,0,3654,4547,77,17,893,91461.0,1309,1
2,0,2,71936,0,1,9220,8738,35,14,-482,35968.0,490,0
4,2,2,109553,0,2,7727,9356,39,44,1629,36517.666666666664,1716,1
2,0,2,80369,0,3,2946,4048,42,52,1102,20092.25,2184,0
2,0,2,68695,0,2,2375,2938,20,31,563,22898.333333333332,620,0
3,2,1,177575,1,8,9668,17354,9,51,7686,19730.555555555555,459,1
9,0,0,85979,0,4,3884,7054,57,35,3170,17195.8,1995,2
7,1,2,25000,2,0,9500,11553,0,23,2053,25000.0,0,0
2,0,2,77155,0,3,2819,3694,31,59,875,19288.75,1829,0
3,2,1,190052,1,8,4511,5745,35,25,1234,21116.88888888889,875,1
9,0,0,105232,0,5,5601,9694,76,45,4093,17538.666666666668,3420,1
6,0,1,116407,1,6,6049,4703,3,62,-1346,16629.571428571428,186,1
5,0,2,72119,0,1,1331,1585,59,72,254,36059.5,4248,2
9,0,0,117768,4,4,8212,9545,40,40,1333,23553.6,1600,1
9,0,0,107165,0,2,6784,5261,28,54,-1523,35721.666666666664,1512,1
9,0,0,118997,0,6,7487,14067,78,41,6580,16999.571428571428,3198,2
9,0,0,137940,4,3,12045,20167,86,55,8122,34485.0,4730,1
6,0,1,135168,1,6,10211,8746,2,57,-1465,19309.714285714286,114,1
3,2,1,188548,1,8,6326,5594,61,70,-732,20949.777777777777,4270,1
7,1,2,25900,2,0,13892,16382,29,63,2490,25900.0,1827,0
4,1,0,35045,2,1,12925,13648,36,30,723,17522.5,1080,0
9,0,0,120476,0,1,12882,21344,84,35,8462,60238.0,2940,1
3,2,1,204189,1,8,2659,5800,36,5,3141,22687.666666666668,180,1
0,0,2,77056,3,4,13645,15800,64,47,2155,15411.2,3008,1
9,0,0,116975,0,1,7964,15098,74,50,7134,58487.5,3700,1
3,2,1,85672,0,0,11058,15245,45,48,4187,85672.0,2160,1
5,0,2,62090,0,4,4296,5697,9,34,1401,12418.0,306,2
9,0,0,152430,4,5,14608,27508,64,62,12900,25405.0,3968,1
2,0,2,68796,0,4,6454,6418,33,39,-36,13759.2,1287,0
9,0,0,157498,4,4,11962,12761,71,39,799,31499.6,2769,1
4,2,2,91976,0,5,14603,23029,34,41,8426,15329.333333333334,1394,1
5,0,2,55185,0,2,8487,11516,25,40,3029,18395.0,1000,1
9,0,0,137687,0,3,8287,8091,58,43,-196,34421.75,2494,1
7,1,2,28544,2,0,8342,7408,39,46,-934,28544.0,1794,0
0,0,2,88772,3,3,3298,3310,14,23,12,22193.0,322,2
4,2,2,64982,0,4,6211,5273,38,50,-938,12996.4,1900,1
3,2,1,167571,1,6,2587,5595,31,53,3008,23938.714285714286,1643,1
9,0,0,118475,0,1,7146,11085,64,37,3939,59237.5,2368,1
7,1,2,32955,2,1,9611,11539,9,76,1928,16477.5,684,0
4,2,2,84275,0,3,5449,8788,22,73,3339,21068.75,1606,2
5,0,2,68644,0,0,7066,9014,24,16,1948,68644.0,384,2
8,1,2,34550,0,1,4408,4534,52,22,126,17275.0,1144,0
9,0,2,94712,0,6,9477,10742,62,79,1265,13530.285714285714,4898,1
5,0,2,70755,0,2,6788,5266,8,45,-1522,23585.0,360,1
7,1,2,27267,2,3,3911,4339,34,73,428,6816.75,2482,0
8,1,2,45277,0,4,13350,13284,45,42,-66,9055.4,1890,0
3,2,1,173290,1,9,13399,12544,9,82,-855,17329.0,738,1
1,2,1,67570,4,4,11872,13694,3,30,1822,13514.0,90,1
9,0,0,133818,4,7,11356,24727,51,54,13371,16727.25,2754,1
4,1,0,38452,2,2,12163,13588,31,22,1425,12817.333333333334,682,0
0,0,2,96156,3,4,8472,6532,31,35,-1940,19231.2,1085,1
3,2,1,164665,1,9,10266,22056,34,64,11790,16466.5,2176,1
7,1,2,34772,2,2,9594,7921,38,44,-1673,11590.666666666666,1672,0
0,0,2,91549,3,3,7794,7380,31,19,-414,22887.25,589,1
2,0,2,75333,0,4,7148,11087,7,57,3939,15066.6,399,0
3,2,1,150183,1,6,2281,3461,31,38,1180,21454.714285714286,1178,1
4,2,2,78693,0,4,13932,23298,39,44,9366,15738.6,1716,1
7,1,2,27888,2,0,8598,9369,64,24,771,27888.0,1536,0
9,0,0,129480,0,3,4065,3359,94,34,-706,32370.0,3196,1
6,0,1,120247,1,6,10015,17438,51,62,7423,17178.14285714286,3162,1
4,2,2,108078,0,3,2903,2169,23,23,-734,27019.5,529,1
5,0,2,61656,0,4,9204,12693,60,50,3489,12331.2,3000,1
8,1,2,44714,0,2,10585,10550,54,45,-35,14904.666666666666,2430,0
5,0,2,58326,0,4,3705,5351,21,26,1646,11665.2,546,2
3,2,1,74833,0,4,14875,15105,59,47,230,14966.6,2773,1
2,0,2,66243,0,4,9843,14275,55,32,4432,13248.6,1760,0
6,0,1,107784,1,6,7622,14008,38,94,6386,15397.714285714286,3572,1
9,0,0,110878,0,3,10047,13329,74,35,3282,27719.5,2590,1
3,2,1,133994,1,6,8862,19325,4,60,10463,19142.0,240,1
0,0,2,76318,3,3,2589,3886,39,32,1297,19079.5,1248,1
9,0,0,114670,4,3,6549,11689,42,55,5140,28667.5,2310,1
9,0,0,138189,4,4,513,576,78,65,63,27637.8,5070,1
0,0,2,86307,3,6,6385,4712,11,58,-1673,12329.57142857143,638,2
0,0,2,72338,3,4,5123,6202,26,29,1079,14467.6,754,1
9,0,2,84113,0,3,7573,5329,78,62,-2244,21028.25,4836,1
8,1,2,40085,0,5,10743,10394,30,33,-349,6680.833333333333,990,0
4,1,0,42996,2,2,6771,7214,61,23,443,14332.0,1403,0
8,1,2,36773,0,3,7630,9620,57,45,1990,9193.25,2565,0
9,0,2,89272,0,3,11354,8698,39,63,-2656,22318.0,2457,1
5,0,2,58091,0,2,2778,4311,2,21,1533,19363.666666666668,42,1
1,2,1,49399,4,6,6801,9421,37,42,2620,7057.0,1554,1
0,0,2,69215,3,4,7335,11987,15,42,4652,13843.0,630,1
2,0,2,70027,0,1,14798,15901,30,70,1103,35013.5,2100,0
9,0,0,162298,4,1,690,1105,62,49,415,81149.0,3038,1
3,2,1,97959,0,2,757,885,16,55,128,32653.0,880,1
4,1,0,45753,2,3,14998,18777,32,27,3779,11438.25,864,0
3,2,1,83305,0,5,7655,11558,29,68,3903,13884.166666666666,1972,1
9,0,0,111498,0,3,2748,3314,84,75,566,27874.5,6300,1
0,0,2,91416,3,2,7971,11058,27,89,3087,30472.0,2403,1
6,0,1,119124,1,7,7474,12352,19,52,4878,14890.5,988,1
9,0,0,155485,4,6,7944,12160,71,45,4216,22212.14285714286,3195,1
8,1,2,39151,0,3,9544,9811,41,17,267,9787.75,697,0
8,1,2,43997,0,1,6321,4659,41,30,-1662,21998.5,1230,0
9,0,0,150376,4,3,7459,7739,58,45,280,37594.0,2610,1
9,0,0,107297,4,4,9968,15735,74,71,5767,21459.4,5254,1
0,0,2,86465,3,3,12475,13307,54,38,832,21616.25,2052,1
4,1,0,40155,2,1,8720,10767,25,44,2047,20077.5,1100,0
8,1,2,35687,0,1,9448,7937,33,51,-1511,17843.5,1683,0
7,1,2,34656,2,0,1048,931,43,65,-117,34656.0,2795,0
3,2,1,169411,1,9,8417,11025,49,73,2608,16941.1,3577,1
9,0,0,118853,0,2,10007,7308,78,58,-2699,39617.666666666664,4524,1
4,1,0,42415,2,0,1811,1337,0,61,-474,42415.0,0,0
4,1,0,52253,2,1,12481,10616,24,26,-1865,26126.5,624,0
0,0,2,70135,3,7,12797,12757,1,36,-40,8766.875,36,1
5,0,2,67799,0,3,8969,7286,44,58,-1683,16949.75,2552,1
1,2,1,58214,4,2,10495,10872,28,35,377,19404.666666666668,980,1
9,0,2,97369,0,5,8240,6310,93,53,-1930,16228.166666666666,4929,2
3,2,1,76803,0,8,10882,8252,0,36,-2630,8533.666666666666,0,1
4,2,2,105072,0,3,9996,8326,40,48,-1670,26268.0,1920,2
3,2,1,207886,1,10,1364,2625,13,65,1261,18898.727272727272,845,1
1,2,1,48417,4,5,13255,15740,37,64,2485,8069.5,2368,1
5,0,2,79196,0,2,7938,11444,22,40,3506,26398.666666666668,880,1
6,0,1,114819,1,6,8187,9409,49,65,1222,16402.714285714286,3185,1
4,1,0,51094,2,2,5931,5897,24,38,-34,17031.333333333332,912,0
7,1,2,25637,2,1,13578,16753,34,60,3175,12818.5,2040,0
2,0,2,83137,0,1,3244,2319,39,21,-925,41568.5,819,0
4,1,0,52578,2,3,10291,11103,35,40,812,13144.5,1400,0
4,1,0,38760,2,0,13361,13349,39,28,-12,38760.0,1092,0
2,0,2,83108,0,4,1506,1868,43,27,362,16621.6,1161,0
3,2,1,178600,1,8,3270,7397,30,36,4127,19844.444444444445,1080,1
9,0,0,122750,4,3,11253,20133,65,38,8880,30687.5,2470,1
4,2,2,106422,0,5,12581,13516,47,39,935,17737.0,1833,1
9,0,0,129259,4,1,5199,4775,68,75,-424,64629.5,5100,1
9,0,0,100933,0,1,2577,4793,100,32,2216,50466.5,3200,1
9,0,0,107353,0,5,14450,15094,40,48,644,17892.166666666668,1920,1
2,0,2,62433,0,2,2671,2842,25,13,171,20811.0,325,2
2,0,2,72828,0,4,5009,4931,93,67,-78,14565.6,6231,0
9,0,0,130993,4,3,12647,22747,43,60,10100,32748.25,2580,1
3,2,1,186354,1,6,3360,7833,4,71,4473,26622.0,284,1
4,1,0,50037,2,2,2976,3068,27,28,92,16679.0,756,0
7,1,2,30134,2,0,13735,12673,40,70,-1062,30134.0,2800,0
2,0,2,66250,0,4,13320,20804,41,56,7484,13250.0,2296,0
5,0,2,65025,0,0,3462,3822,45,8,360,65025.0,360,1
0,0,2,79588,3,4,1042,987,42,70,-55,15917.6,2940,1
9,0,0,117022,0,3,2876,5404,77,34,2528,29255.5,2618,1
6,0,1,127714,1,3,13963,24776,3,45,10813,31928.5,135,1
0,0,2,102338,3,5,8625,13505,13,65,4880,17056.333333333332,845,1
4,2,2,82017,0,3,6777,7926,22,53,1149,20504.25,1166,2
3,2,1,96191,0,4,7711,6556,19,6,-1155,19238.2,114,1
9,0,2,98495,0,4,9965,16330,84,45,6365,19699.0,3780,1
9,0,0,108301,4,2,11022,20199,82,62,9177,36100.333333333336,5084,1
4,2,2,99810,0,5,13927,22755,60,55,8828,16635.0,3300,1
9,0,0,161321,4,4,3245,3023,37,57,-222,32264.2,2109,1
8,1,2,46498,0,1,8302,8431,17,41,129,23249.0,697,0
5,0,2,80217,0,2,12724,11307,1,65,-1417,26739.0,65,1
9,0,2,77813,0,5,6722,11528,81,49,4806,12968.833333333334,3969,1
5,0,2,65148,0,1,4802,5114,47,21,312,32574.0,987,1
1,2,1,58153,4,7,14758,10780,28,48,-3978,7269.125,1344,1
9,0,0,102400,4,2,5231,7816,54,57,2585,34133.333333333336,3078,1
8,1,2,25917,0,4,11616,15304,14,7,3688,5183.4,98,0
1,2,1,44600,4,8,11688,13449,37,32,1761,4955.555555555556,1184,1
9,0,0,107512,0,3,9204,16822,55,68,7618,26878.0,3740,1
0,0,2,91603,3,6,7574,5591,35,61,-1983,13086.142857142857,2135,1
6,0,1,148284,1,8,11183,10189,32,57,-994,16476.0,1824,1
7,1,2,27915,2,0,4929,4815,29,49,-114,27915.0,1421,0
4,2,2,109274,0,4,2110,3292,19,51,1182,21854.8,969,2
3,2,1,78639,0,3,10071,15096,28,62,5025,19659.75,1736,1
5,0,2,53470,0,3,13167,20382,16,54,7215,13367.5,864,2
4,1,0,43755,2,1,11508,8320,51,77,-3188,21877.5,3927,0
4,2,2,105083,0,5,3693,2655,29,64,-1038,17513.833333333332,1856,1
7,1,2,31787,2,2,11603,12371,45,61,768,10595.666666666666,2745,0
7,1,2,27495,2,0,9472,11711,41,42,2239,27495.0,1722,0
3,2,1,88703,0,5,638,570,27,57,-68,14783.833333333334,1539,1
9,0,0,121767,4,4,7237,11801,100,54,4564,24353.4,5400,1
1,2,1,55032,4,3,2202,3143,49,19,941,13758.0,931,1
7,1,2,26430,2,0,4094,4937,28,48,843,26430.0,1344,0
2,0,2,71082,0,5,3663,4188,44,42,525,11847.0,1848,2
9,0,0,116910,4,5,10648,13739,96,71,3091,19485.0,6816,1
9,0,0,123556,4,4,10234,8158,71,75,-2076,24711.2,5325,1
3,2,1,166583,1,6,10954,20025,21,42,9071,23797.571428571428,882,1
4,1,0,47467,2,2,2465,2054,67,51,-411,15822.333333333334,3417,0
0,0,2,100077,3,2,10407,9833,14,37,-574,33359.0,518,2
8,1,2,42525,0,2,11254,9482,10,59,-1772,14175.0,590,0
4,2,2,96912,0,6,3527,5947,24,45,2420,13844.57142857143,1080,2
4,1,0,42723,2,2,3518,3447,8,83,-71,14241.0,664,0
2,0,2,70524,0,3,8150,11912,23,12,3762,17631.0,276,2
3,2,1,82572,0,6,7929,11530,4,68,3601,11796.0,272,1
4,2,2,100274,0,1,7495,6242,33,35,-1253,50137.0,1155,1
2,0,2,71496,0,4,3153,4452,32,41,1299,14299.2,1312,0
2,0,2,65503,0,2,13232,21100,33,67,7868,21834.333333333332,2211,0
8,1,2,45751,0,1,6866,7063,24,38,197,22875.5,912,0
9,0,0,119331,4,4,4730,5884,57,51,1154,23866.2,2907,1
9,0,0,121028,4,3,7718,11805,71,48,4087,30257.0,3408,1
5,0,2,75380,0,2,3787,3611,12,46,-176,25126.666666666668,552,2
8,1,2,32385,0,2,3423,4424,43,34,1001,10795.0,1462,0
9,0,0,119085,0,1,2857,5251,69,69,2394,59542.5,4761,1
4,2,2,100622,0,2,7565,5450,41,25,-2115,33540.666666666664,1025,2
3,2,1,214848,1,9,11040,15547,51,48,4507,21484.8,2448,1
6,0,1,148024,1,5,7734,10380,47,55,2646,24670.666666666668,2585,1
9,0,0,101968,0,3,1071,1549,61,52,478,25492.0,3172,1
9,0,0,105544,0,3,9860,13700,72,44,3840,26386.0,3168,1
4,2,2,90923,0,3,7805,8680,19,26,875,22730.75,494,1
6,0,1,121516,1,7,8654,6179,12,41,-2475,15189.5,492,1
3,2,1,74497,0,1,10991,14454,59,50,3463,37248.5,2950,1
6,0,1,136101,1,8,1119,899,51,39,-220,15122.333333333334,1989,1
2,0,2,72061,0,4,2983,2660,39,30,-323,14412.2,1170,0
6,0,1,149123,1,6,6911,9670,27,55,2759,21303.285714285714,1485,1
9,0,0,111715,4,4,8944,14197,62,56,5253,22343.0,3472,1
5,0,2,68481,0,1,7644,11912,49,42,4268,34240.5,2058,1
0,0,2,88069,3,3,12423,13861,39,56,1438,22017.25,2184,1
1,2,1,60663,4,5,4200,2976,17,16,-1224,10110.5,272,1
8,1,2,38237,0,3,11792,8347,34,36,-3445,9559.25,1224,2
9,0,0,103791,0,3,9793,6925,60,25,-2868,25947.75,1500,1
6,0,1,134151,1,6,6380,7221,36,56,841,19164.428571428572,2016,1
3,2,1,83135,0,3,5461,8784,52,36,3323,20783.75,1872,1
9,0,0,125544,4,4,10859,14638,78,76,3779,25108.8,5928,1
7,1,2,33754,2,1,9259,9510,27,33,251,16877.0,891,0
9,0,0,122626,0,1,14281,20386,61,48,6105,61313.0,2928,2
4,2,2,93875,0,2,13058,12496,31,48,-562,31291.666666666668,1488,1
3,2,1,74485,0,3,3827,6693,18,17,2866,18621.25,306,1
1,2,1,42087,4,5,1144,1546,0,54,402,7014.5,0,1
3,2,1,85573,0,3,3629,3107,38,72,-522,21393.25,2736,1
4,1,0,53111,2,0,6891,5514,48,66,-1377,53111.0,3168,0
3,2,1,80868,0,2,11785,13743,43,45,1958,26956.0,1935,1
5,0,2,72228,0,2,1890,1714,49,23,-176,24076.0,1127,2
4,1,0,56561,2,2,3604,4006,10,59,402,18853.666666666668,590,0
9,0,0,156279,4,1,3663,5610,83,66,1947,78139.5,5478,1
4,1,0,48202,2,0,10214,12896,22,53,2682,48202.0,1166,0
5,0,2,59724,0,2,6869,10217,32,56,3348,19908.0,1792,1
4,2,2,76043,0,2,9356,10810,45,57,1454,25347.666666666668,2565,1
5,0,2,73650,0,3,9248,13466,1,59,4218,18412.5,59,2
9,0,0,135239,4,2,1106,1703,64,74,597,45079.666666666664,4736,1
9,0,0,156429,4,5,6033,4257,63,46,-1776,26071.5,2898,1
8,1,2,41598,0,2,2436,3125,41,49,689,13866.0,2009,0
4,2,2,109108,0,3,11212,13775,39,57,2563,27277.0,2223,2
5,0,2,63500,0,3,11609,17538,56,70,5929,15875.0,3920,1
9,0,0,138445,4,4,12641,20750,44,34,8109,27689.0,1496,1
9,0,2,83896,0,2,1680,2160,83,44,480,27965.333333333332,3652,1
4,1,0,50640,2,0,2819,2425,14,48,-394,50640.0,672,0
3,2,1,75152,0,3,812,1070,38,32,258,18788.0,1216,1
6,0,1,199748,1,7,10631,8596,29,62,-2035,24968.5,1798,1
9,0,2,99044,0,4,11990,9704,79,70,-2286,19808.8,5530,1
9,0,0,142812,4,5,3322,5173,87,71,1851,23802.0,6177,1
6,0,1,146344,1,6,5535,3995,59,37,-1540,20906.285714285714,2183,1
5,0,2,64531,0,3,10514,16489,25,95,5975,16132.75,2375,1
0,0,2,73456,3,3,10183,7331,28,55,-2852,18364.0,1540,1
0,0,2,88175,3,5,13893,10421,45,50,-3472,14695.833333333334,2250,1
9,0,0,124707,0,4,8645,13581,50,39,4936,24941.4,1950,2
4,2,2,96618,0,4,10586,7436,31,58,-3150,19323.6,1798,1
9,0,0,114577,0,4,13680,20512,60,38,6832,22915.4,2280,1
8,1,2,41801,0,3,6027,6253,4,39,226,10450.25,156,0
7,1,2,29308,2,0,2479,2521,38,36,42,29308.0,1368,0
1,2,1,63379,4,4,2750,3946,28,45,1196,12675.8,1260,1
0,0,2,98570,3,4,13494,18755,55,53,5261,19714.0,2915,1
4,2,2,98536,0,4,1246,1713,58,59,467,19707.2,3422,1
9,0,0,109209,4,5,5996,8289,58,60,2293,18201.5,3480,1
9,0,0,104196,0,5,4987,4539,57,41,-448,17366.0,2337,1
4,2,2,93497,0,2,7301,9545,32,41,2244,31165.666666666668,1312,1
4,1,0,46253,2,1,6560,6284,77,47,-276,23126.5,3619,0
9,0,0,138011,4,5,7687,7572,50,45,-115,23001.833333333332,2250,1
6,0,1,139335,1,8,10035,9234,67,47,-801,15481.666666666666,3149,1
9,0,0,152063,4,8,2137,3666,77,44,1529,16895.88888888889,3388,1
8,1,2,46009,0,1,13241,12954,52,49,-287,23004.5,2548,0
9,0,0,115311,4,5,14911,17323,53,52,2412,19218.5,2756,1
9,0,0,105120,0,5,604,558,88,47,-46,17520.0,4136,1
9,0,0,149123,4,5,1960,3938,86,39,1978,24853.833333333332,3354,1
6,0,1,131215,1,4,5148,6674,44,46,1526,26243.0,2024,1
4,1,0,46310,2,1,13728,14938,47,44,1210,23155.0,2068,0
4,1,0,40281,2,1,2579,2334,43,34,-245,20140.5,1462,0
9,0,0,137656,4,5,10982,11312,63,74,330,22942.666666666668,4662,1
1,2,1,61688,4,1,7879,11130,48,30,3251,30844.0,1440,1
9,0,2,105051,0,4,3359,4682,48,46,1323,21010.2,2208,1
4,1,0,46675,2,2,1116,1277,31,18,161,15558.333333333334,558,0
9,0,0,150594,4,5,12250,15154,92,52,2904,25099.0,4784,1
3,2,1,185317,1,7,1942,4383,0,69,2441,23164.625,0,1
7,1,2,27643,2,1,7361,6311,0,94,-1050,13821.5,0,0
1,2,1,63388,4,3,4360,5732,25,5,1372,15847.0,125,1
9,0,0,119332,0,3,9186,14229,69,45,5043,29833.0,3105,1
3,2,1,190324,1,4,6429,12109,26,40,5680,38064.8,1040,1
1,2,1,62120,4,1,4092,3822,18,73,-270,31060.0,1314,1
4,2,2,94051,0,3,10763,7712,13,54,-3051,23512.75,702,2
2,0,2,68514,0,2,1369,2135,45,65,766,22838.0,2925,2
9,0,0,87390,0,2,13551,17525,95,77,3974,29130.0,7315,1
3,2,1,85131,0,3,14324,28348,10,44,14024,21282.75,440,1
5,0,2,64530,0,6,3388,4015,59,75,627,9218.57142857143,4425,1
3,2,1,76935,0,4,1206,1260,26,48,54,15387.0,1248,1
3,2,1,89396,0,6,6466,8138,7,43,1672,12770.857142857143,301,1
9,0,2,90409,0,3,7621,5424,57,46,-2197,22602.25,2622,1
7,1,2,28607,2,0,10605,10894,37,41,289,28607.0,1517,0
9,0,0,109548,4,2,2210,3050,91,30,840,36516.0,2730,1
6,0,1,121004,1,5,9304,17673,9,74,8369,20167.333333333332,666,1
9,0,0,130903,4,1,13369,17996,67,62,4627,65451.5,4154,1
5,0,2,59274,0,2,8936,11625,54,32,2689,19758.0,1728,1
9,0,0,89643,0,4,4355,6928,72,50,2573,17928.6,3600,2
3,2,1,162795,1,8,9998,23671,78,45,13673,18088.333333333332,3510,1
8,1,2,35075,0,2,3756,3866,41,39,110,11691.666666666666,1599,0
9,0,2,116793,0,3,13262,10417,53,56,-2845,29198.25,2968,1
7,1,2,38942,2,2,4231,5108,16,79,877,12980.666666666666,1264,0
9,0,2,85927,0,5,12587,11196,77,60,-1391,14321.166666666666,4620,1
0,0,2,70076,3,5,3776,5728,67,21,1952,11679.333333333334,1407,1
6,0,1,158822,1,5,4115,6814,13,54,2699,26470.333333333332,702,1
5,0,2,60731,0,5,10086,13698,36,24,3612,10121.833333333334,864,1
9,0,0,122106,4,3,7641,6096,94,63,-1545,30526.5,5922,1
9,0,2,74384,0,3,10484,15224,89,44,4740,18596.0,3916,1
9,0,0,111121,4,5,6846,13784,63,66,6938,18520.166666666668,4158,1
9,0,0,136404,4,6,7999,13290,82,50,5291,19486.285714285714,4100,1
3,2,1,95543,0,4,6375,5880,50,55,-495,19108.6,2750,1
9,0,2,93540,0,2,6003,5709,91,44,-294,31180.0,4004,1
9,0,0,132614,4,2,11841,17645,84,50,5804,44204.666666666664,4200,1
9,0,0,115471,4,2,5097,9881,65,77,4784,38490.333333333336,5005,1
9,0,0,89057,0,0,14453,26083,84,58,11630,89057.0,4872,1
5,0,2,78711,0,2,7352,9533,11,23,2181,26237.0,253,1
4,2,2,82440,0,6,6129,8837,27,68,2708,11777.142857142857,1836,1
6,0,1,164348,1,6,5335,7768,74,47,2433,23478.285714285714,3478,1
9,0,0,149040,4,5,13435,10185,100,9,-3250,24840.0,900,1
6,0,1,135161,1,9,3284,6082,51,36,2798,13516.1,1836,1
1,2,1,37521,4,4,14508,11279,51,78,-3229,7504.2,3978,2
9,0,0,111655,0,2,7245,10994,73,38,3749,37218.333333333336,2774,2
5,0,2,56459,0,5,14626,18602,45,75,3976,9409.833333333334,3375,1
3,2,1,165088,1,8,8257,8196,31,47,-61,18343.11111111111,1457,1
2,0,2,76645,0,1,737,1126,18,16,389,38322.5,288,0
4,1,0,33026,2,0,14796,12339,55,60,-2457,33026.0,3300,0
9,0,2,87186,0,3,5862,9398,54,59,3536,21796.5,3186,1
3,2,1,150950,1,4,4143,9226,48,54,5083,30190.0,2592,1
9,0,0,172684,4,3,9899,16504,55,42,6605,43171.0,2310,1
8,1,2,54742,0,0,1224,1213,28,56,-11,54742.0,1568,0
5,0,2,61726,0,5,12517,15642,65,65,3125,10287.666666666666,4225,1
9,0,0,130869,4,3,7474,6031,59,83,-1443,32717.25,4897,1
8,1,2,41492,0,1,8352,11284,15,40,2932,20746.0,600,0
5,0,2,62638,0,3,8614,13492,42,57,4878,15659.5,2394,1
9,0,0,119661,0,2,9650,17897,67,45,8247,39887.0,3015,1
4,1,0,35133,2,0,12489,11363,16,53,-1126,35133.0,848,0
9,0,2,82786,0,4,2674,2708,85,39,34,16557.2,3315,1
2,0,2,69488,0,3,4416,4247,59,83,-169,17372.0,4897,0
9,0,0,113944,4,6,8360,12072,56,42,3712,16277.714285714286,2352,1
9,0,0,119295,4,4,12022,17525,44,24,5503,23859.0,1056,1
0,0,2,81985,3,2,9845,11467,41,67,1622,27328.333333333332,2747,1
9,0,0,119240,4,3,7952,14514,32,55,6562,29810.0,1760,1
4,2,2,93875,0,2,2771,3139,3,53,368,31291.666666666668,159,2
9,0,0,123298,4,4,13441,14208,54,30,767,24659.6,1620,1
3,2,1,88348,0,6,8107,8740,9,48,633,12621.142857142857,432,1
0,0,2,69617,3,3,10777,13461,0,30,2684,17404.25,0,2
8,1,2,38014,0,2,11817,16081,41,29,4264,12671.333333333334,1189,0
1,2,1,56015,4,4,1035,1015,44,52,-20,11203.0,2288,1
8,1,2,29285,0,1,12835,12226,17,27,-609,14642.5,459,0
4,1,0,42059,2,2,10535,12541,41,62,2006,14019.666666666666,2542,0
3,2,1,195026,1,8,13516,29438,20,61,15922,21669.555555555555,1220,1
4,2,2,84346,0,5,11717,9456,45,24,-2261,14057.666666666666,1080,2
3,2,1,186448,1,11,14931,32306,47,41,17375,15537.333333333334,1927,1
4,1,0,45386,2,3,1398,1494,3,69,96,11346.5,207,0
6,0,1,105325,1,8,11553,14776,31,51,3223,11702.777777777777,1581,1
6,0,1,149311,1,8,1344,2319,18,44,975,16590.11111111111,792,1
8,1,2,45905,0,2,6489,7771,23,37,1282,15301.666666666666,851,0
3,2,1,199368,1,6,1169,1846,21,62,677,28481.14285714286,1302,1
7,1,2,28414,2,0,3371,3524,69,25,153,28414.0,1725,0
4,1,0,42339,2,4,1597,1743,32,63,146,8467.8,2016,0
4,1,0,55195,2,5,13174,13191,55,52,17,9199.166666666666,2860,0
9,0,0,158196,4,4,5987,13285,64,29,7298,31639.2,1856,1
1,2,1,39945,4,3,2360,1695,49,24,-665,9986.25,1176,1
4,1,0,50121,2,0,12825,9798,39,42,-3027,50121.0,1638,0
0,0,2,75365,3,6,12015,17306,3,48,5291,10766.42857142857,144,1
4,2,2,85797,0,6,12706,16586,24,44,3880,12256.714285714286,1056,2
7,1,2,33004,2,1,6278,7498,28,16,1220,16502.0,448,0
1,2,1,51006,4,4,11644,14305,0,44,2661,10201.2,0,1
2,0,2,59436,0,4,1392,985,31,49,-407,11887.2,1519,0
7,1,2,25000,2,1,6156,5328,48,30,-828,12500.0,1440,0
5,0,2,65789,0,5,8715,6737,37,61,-1978,10964.833333333334,2257,1
0,0,2,91334,3,9,2510,1813,38,47,-697,9133.4,1786,1
4,1,0,42063,2,1,9214,8145,78,95,-1069,21031.5,7410,0
6,0,1,151823,1,6,5288,7528,8,52,2240,21689.0,416,1
3,2,1,185533,1,7,6531,12756,25,15,6225,23191.625,375,1
9,0,2,106853,0,3,14983,22623,41,48,7640,26713.25,1968,1
9,0,0,116806,0,3,1813,3055,77,63,1242,29201.5,4851,1
6,0,1,160672,1,4,3429,4713,44,66,1284,32134.4,2904,1
9,0,0,115233,0,1,2291,2787,56,55,496,57616.5,3080,1
2,0,2,62058,0,5,2335,3306,36,54,971,10343.0,1944,0
5,0,2,66338,0,4,2965,4489,46,62,1524,13267.6,2852,1
1,2,1,57506,4,5,10777,11203,47,30,426,9584.333333333334,1410,1
2,0,2,54978,0,2,7324,10943,26,17,3619,18326.0,442,0
6,0,1,158862,1,7,2663,2448,26,43,-215,19857.75,1118,1
7,1,2,34538,2,0,7383,8359,49,32,976,34538.0,1568,0
4,1,0,39785,2,1,11062,9557,61,48,-1505,19892.5,2928,0
2,0,2,65215,0,4,3597,4980,58,22,1383,13043.0,1276,0
9,0,0,127248,4,4,14783,22096,54,54,7313,25449.6,2916,1
0,0,2,87488,3,4,9013,13607,8,57,4594,17497.6,456,1
8,1,2,34595,0,4,9981,9437,63,69,-544,6919.0,4347,0
3,2,1,85063,0,2,11084,14338,71,68,3254,28354.333333333332,4828,1
5,0,2,67684,0,3,10221,12240,7,45,2019,16921.0,315,1
0,0,2,88411,3,3,9486,9540,51,26,54,22102.75,1326,2
5,0,2,79459,0,0,5482,6758,30,51,1276,79459.0,1530,1
9,0,0,158755,4,3,13432,17925,91,44,4493,39688.75,4004,1
9,0,0,110378,4,4,13431,19965,80,69,6534,22075.6,5520,1
9,0,2,116056,0,4,8433,14544,95,52,6111,23211.2,4940,1
2,0,2,85596,0,3,13111,18315,35,53,5204,21399.0,1855,0
9,0,0,129531,4,5,6285,6991,53,41,706,21588.5,2173,1
5,0,2,62416,0,2,3225,2458,75,66,-767,20805.333333333332,4950,1
6,0,1,121574,1,6,3134,3695,44,52,561,17367.714285714286,2288,1
2,0,2,63885,0,2,3486,3867,9,57,381,21295.0,513,0
0,0,2,73381,3,3,12101,13898,33,45,1797,18345.25,1485,2
9,0,0,129357,4,5,4397,4503,57,50,106,21559.5,2850,1
9,0,0,124555,4,6,5687,9029,71,53,3342,17793.571428571428,3763,1
9,0,0,142978,4,5,7723,7459,73,32,-264,23829.666666666668,2336,1
7,1,2,33330,2,0,3522,3414,59,29,-108,33330.0,1711,0
1,2,1,62238,4,6,12085,16908,40,36,4823,8891.142857142857,1440,1
3,2,1,68984,0,3,5692,5442,51,22,-250,17246.0,1122,1
9,0,0,140946,4,5,6609,12287,67,62,5678,23491.0,4154,1
1,2,1,60963,4,6,3163,3141,0,31,-22,8709.0,0,1
2,0,2,72197,0,0,2490,3773,32,37,1283,72197.0,1184,0
8,1,2,38838,0,4,8682,9591,3,54,909,7767.6,162,2
5,0,2,71697,0,3,5746,5812,30,43,66,17924.25,1290,1
9,0,0,108172,4,3,12599,12439,48,48,-160,27043.0,2304,1
1,2,1,50515,4,5,5927,7297,24,62,1370,8419.166666666666,1488,2
5,0,2,63456,0,2,5248,5228,9,46,-20,21152.0,414,1
3,2,1,88851,0,4,2909,5768,53,69,2859,17770.2,3657,1
4,1,0,49097,2,1,7743,5471,35,72,-2272,24548.5,2520,0
4,1,0,33095,2,0,2340,2926,52,44,586,33095.0,2288,0
6,0,1,155616,1,9,1156,1791,29,39,635,15561.6,1131,1
3,2,1,78715,0,3,9526,10318,48,46,792,19678.75,2208,1
2,0,2,72097,0,2,906,899,63,44,-7,24032.333333333332,2772,0
3,2,1,165526,1,9,14276,10247,36,55,-4029,16552.6,1980,1
5,0,2,66972,0,3,6355,6110,91,33,-245,16743.0,3003,2
7,1,2,25584,2,0,1401,1053,0,37,-348,25584.0,0,0
3,2,1,106625,0,4,3697,6946,14,29,3249,21325.0,406,1
1,2,1,64818,4,5,4139,3395,37,36,-744,10803.0,1332,1
9,0,2,102166,0,5,869,970,82,24,101,17027.666666666668,1968,2
1,2,1,56648,4,4,14417,10586,45,50,-3831,11329.6,2250,1
3,2,1,94646,0,5,11502,10964,26,7,-538,15774.333333333334,182,1
1,2,1,60261,4,2,6962,6863,46,34,-99,20087.0,1564,1
5,0,2,61731,0,1,5706,4861,73,25,-845,30865.5,1825,1
3,2,1,182497,1,6,8881,18424,57,41,9543,26071.0,2337,1
6,0,1,122485,1,9,11424,17535,52,68,6111,12248.5,3536,1
8,1,2,41346,0,1,2923,3529,37,54,606,20673.0,1998,0
7,1,2,34759,2,1,6826,7438,28,50,612,17379.5,1400,0
9,0,0,105368,4,5,5163,8716,83,29,3553,17561.333333333332,2407,1
7,1,2,31051,2,1,5547,6839,38,34,1292,15525.5,1292,0
0,0,2,92645,3,4,9691,14033,32,65,4342,18529.0,2080,1
9,0,2,87673,0,6,12425,16557,55,35,4132,12524.714285714286,1925,2
4,1,0,43982,2,1,7309,6520,12,83,-789,21991.0,996,0
2,0,2,69586,0,6,3183,2418,34,50,-765,9940.857142857143,1700,0
4,1,0,46579,2,1,7286,5621,4,14,-1665,23289.5,56,0
0,0,2,92397,3,2,10120,15359,60,55,5239,30799.0,3300,1
9,0,0,122259,0,2,2853,3320,100,21,467,40753.0,2100,1
2,0,2,61836,0,0,8276,7910,32,38,-366,61836.0,1216,0
7,1,2,30644,2,0,1583,1621,13,62,38,30644.0,806,0
4,2,2,64827,0,6,6656,11168,47,60,4512,9261.0,2820,1
9,0,0,139769,4,5,7208,11883,58,42,4675,23294.833333333332,2436,1
8,1,2,37035,0,1,3365,3938,38,40,573,18517.5,1520,0
5,0,2,58729,0,4,12136,14210,24,76,2074,11745.8,1824,1
4,2,2,91273,0,3,2743,4461,24,43,1718,22818.25,1032,2
9,0,0,135221,4,5,14136,16206,60,59,2070,22536.833333333332,3540,1
2,0,2,64157,0,0,9574,12312,29,51,2738,64157.0,1479,0
9,0,0,111402,4,2,13980,16689,84,38,2709,37134.0,3192,1
0,0,2,79893,3,3,10088,10993,26,41,905,19973.25,1066,1
5,0,2,67812,0,5,9663,7544,46,47,-2119,11302.0,2162,1
9,0,2,108835,0,3,939,1162,33,42,223,27208.75,1386,1
9,0,0,121233,4,6,4803,7721,55,58,2918,17319.0,3190,1
3,2,1,82379,0,1,14168,12179,41,64,-1989,41189.5,2624,1
9,0,0,125181,0,0,11212,8772,72,52,-2440,125181.0,3744,1
8,1,2,35873,0,0,3438,4247,5,44,809,35873.0,220,0
6,0,1,183501,1,7,11769,18981,63,66,7212,22937.625,4158,1
9,0,0,96735,4,3,2455,3033,57,67,578,24183.75,3819,1
5,0,2,72221,0,2,1593,1436,33,37,-157,24073.666666666668,1221,1
4,1,0,54833,2,4,6427,5479,26,53,-948,10966.6,1378,0
5,0,2,77841,0,1,9766,14117,47,29,4351,38920.5,1363,2
0,0,2,81690,3,5,4725,7155,28,54,2430,13615.0,1512,2
4,1,0,49996,2,4,13906,16158,15,32,2252,9999.2,480,0
7,1,2,29073,2,2,8897,10604,8,57,1707,9691.0,456,0
9,0,0,120872,4,3,14349,28156,46,38,13807,30218.0,1748,1
9,0,0,153011,4,4,10029,13132,78,45,3103,30602.2,3510,1
9,0,0,138416,4,6,5737,5988,76,68,251,19773.714285714286,5168,1
6,0,1,148567,1,9,11858,14404,0,53,2546,14856.7,0,1
7,1,2,25000,2,2,3175,2816,53,61,-359,8333.333333333334,3233,0
2,0,2,75681,0,3,6417,9677,45,25,3260,18920.25,1125,0
3,2,1,77339,0,5,6332,10529,45,65,4197,12889.833333333334,2925,1
2,0,2,60272,0,4,5278,5893,19,76,615,12054.4,1444,2
3,2,1,81313,0,3,1758,1407,53,75,-351,20328.25,3975,1
9,0,2,91574,0,3,13057,12320,56,35,-737,22893.5,1960,1
4,2,2,104165,0,2,2048,2684,38,58,636,34721.666666666664,2204,1
4,2,2,89575,0,5,3238,4633,17,42,1395,14929.166666666666,714,2
7,1,2,37286,2,0,14794,11542,44,44,-3252,37286.0,1936,0
0,0,2,64434,3,7,14344,16679,11,28,2335,8054.25,308,1
2,0,2,68856,0,2,11730,10573,33,47,-1157,22952.0,1551,0
9,0,0,99987,0,2,9255,10588,45,63,1333,33329.0,2835,1
7,1,2,36319,2,0,13989,13126,46,47,-863,36319.0,2162,0
9,0,0,85697,4,4,2743,5147,73,21,2404,17139.4,1533,1
2,0,2,67727,0,3,6611,10385,21,38,3774,16931.75,798,0
8,1,2,42513,0,1,6075,5020,17,51,-1055,21256.5,867,0
9,0,0,100520,0,2,4069,5546,70,46,1477,33506.666666666664,3220,2
1,2,1,50594,4,4,4122,3125,40,31,-997,10118.8,1240,1
4,2,2,101085,0,7,9653,9165,38,51,-488,12635.625,1938,1
4,1,0,43760,2,0,14121,13844,38,55,-277,43760.0,2090,0
0,0,2,80848,3,5,9217,11450,75,36,2233,13474.666666666666,2700,1
4,1,0,43564,2,0,12891,16516,13,77,3625,43564.0,1001,0
8,1,2,50425,0,1,8044,5943,25,42,-2101,25212.5,1050,0
9,0,0,108113,0,3,13915,20684,78,53,6769,27028.25,4134,1
6,0,1,118045,1,9,784,685,21,53,-99,11804.5,1113,1
7,1,2,28259,2,2,5604,5211,61,29,-393,9419.666666666666,1769,0
9,0,0,136179,4,7,13886,30582,68,48,16696,17022.375,3264,1
6,0,1,161969,1,5,10291,14291,35,49,4000,26994.833333333332,1715,1
4,2,2,84335,0,4,6104,6460,21,11,356,16867.0,231,1
4,1,0,50895,2,0,5491,4787,68,68,-704,50895.0,4624,0
4,1,0,45311,2,1,13845,9872,20,30,-3973,22655.5,600,0
9,0,2,95897,0,4,2608,2061,96,66,-547,19179.4,6336,1
4,1,0,36329,2,1,4212,4893,51,53,681,18164.5,2703,0
9,0,0,143771,4,3,3938,5279,42,44,1341,35942.75,1848,1
9,0,0,118912,0,0,7460,9981,71,57,2521,118912.0,4047,2
9,0,0,94641,0,2,808,1191,88,28,383,31547.0,2464,1
4,2,2,108549,0,4,7565,11756,34,8,4191,21709.8,272,2
9,0,2,111821,0,3,2266,3467,56,46,1201,27955.25,2576,1
4,2,2,90426,0,3,11309,9131,35,74,-2178,22606.5,2590,1
3,2,1,179564,1,7,1471,2814,22,30,1343,22445.5,660,1
9,0,0,112469,0,2,4645,8663,72,56,4018,37489.666666666664,4032,1
9,0,0,144861,0,4,5442,4998,63,66,-444,28972.2,4158,1
4,2,2,99863,0,4,2081,1967,47,34,-114,19972.6,1598,2
6,0,1,130198,1,7,10359,11974,30,54,1615,16274.75,1620,1
3,2,1,225343,1,6,3777,8609,0,37,4832,32191.85714285714,0,1
3,2,1,92914,0,3,6259,10769,20,37,4510,23228.5,740,1
9,0,0,119313,0,3,2884,3010,61,68,126,29828.25,4148,1
3,2,1,162768,1,9,6198,13487,47,58,7289,16276.8,2726,1
9,0,0,139637,4,7,14510,28529,96,47,14019,17454.625,4512,1
4,2,2,92850,0,4,12436,13268,67,37,832,18570.0,2479,1
9,0,2,78094,0,3,8772,7735,100,53,-1037,19523.5,5300,1
9,0,0,90613,0,2,2123,3670,86,28,1547,30204.333333333332,2408,1
4,2,2,73149,0,6,729,748,21,61,19,10449.857142857143,1281,1
9,0,2,98907,0,2,12227,20862,95,61,8635,32969.0,5795,1
2,0,2,73892,0,3,3314,5250,56,28,1936,18473.0,1568,0
9,0,0,103172,4,3,12384,19243,60,46,6859,25793.0,2760,1
6,0,1,111499,1,5,4006,7550,29,40,3544,18583.166666666668,1160,1
0,0,2,91645,3,5,12095,12950,36,63,855,15274.166666666666,2268,1
7,1,2,31838,2,0,11938,14786,47,41,2848,31838.0,1927,0
9,0,0,140332,4,7,7703,11577,49,73,3874,17541.5,3577,1
9,0,0,122812,4,5,14176,20806,77,26,6630,20468.666666666668,2002,1
8,1,2,46136,0,2,7448,8350,21,24,902,15378.666666666666,504,0
1,2,1,42949,4,5,4228,3893,46,70,-335,7158.166666666667,3220,1
9,0,0,120944,0,2,12974,19141,69,50,6167,40314.666666666664,3450,1
9,0,0,121197,0,2,8133,7694,32,53,-439,40399.0,1696,1
1,2,1,57983,4,3,2726,2065,58,24,-661,14495.75,1392,1
4,2,2,112981,0,2,6418,7953,32,56,1535,37660.333333333336,1792,1
1,2,1,55410,4,5,12331,13981,34,34,1650,9235.0,1156,1
9,0,0,108040,0,1,5875,4267,74,65,-1608,54020.0,4810,1
9,0,0,119981,0,2,6804,7099,51,25,295,39993.666666666664,1275,2
5,0,2,75026,0,3,10336,9388,57,5,-948,18756.5,285,1
3,2,1,92094,0,4,14280,25896,40,46,11616,18418.8,1840,1
9,0,2,112239,0,3,9575,13686,70,14,4111,28059.75,980,1
2,0,2,65153,0,4,14514,10714,33,62,-3800,13030.6,2046,2
9,0,2,86650,0,2,14537,10940,57,29,-3597,28883.333333333332,1653,1
6,0,1,163907,1,7,14279,26680,9,79,12401,20488.375,711,1
3,2,1,92456,0,5,6520,12122,42,50,5602,15409.333333333334,2100,1
9,0,0,122761,4,4,11545,22546,66,44,11001,24552.2,2904,1
3,2,1,114969,0,3,2223,3562,21,49,1339,28742.25,1029,1
5,0,2,59189,0,2,9063,13588,21,11,4525,19729.666666666668,231,2
9,0,0,100669,0,2,2848,3233,85,26,385,33556.333333333336,2210,1
8,1,2,32695,0,3,11887,14963,48,38,3076,8173.75,1824,0
9,0,0,86259,0,3,12647,13450,60,65,803,21564.75,3900,1
9,0,0,113872,0,1,6459,5616,70,43,-843,56936.0,3010,1
7,1,2,28652,2,0,3781,3137,21,59,-644,28652.0,1239,0
0,0,2,89318,3,6,7123,7287,29,26,164,12759.714285714286,754,1
9,0,2,76818,0,5,14231,20016,84,34,5785,12803.0,2856,1
4,1,0,33889,2,4,8677,7316,45,58,-1361,6777.8,2610,0
4,2,2,83803,0,6,12189,10452,12,10,-1737,11971.857142857143,120,2
3,2,1,148019,1,6,4972,10835,46,10,5863,21145.571428571428,460,1
7,1,2,32153,2,2,8295,7211,7,14,-1084,10717.666666666666,98,0
8,1,2,44623,0,2,8438,6767,64,32,-1671,14874.333333333334,2048,0
2,0,2,72973,0,0,2914,3368,21,42,454,72973.0,882,0
9,0,0,115830,0,4,2501,4168,49,32,1667,23166.0,1568,2
5,0,2,67313,0,3,8647,6319,44,65,-2328,16828.25,2860,1
3,2,1,92688,0,3,2705,2129,41,44,-576,23172.0,1804,1
9,0,0,119219,0,0,12588,13488,87,60,900,119219.0,5220,1
0,0,2,83205,3,4,1617,1590,52,34,-27,16641.0,1768,1
3,2,1,79951,0,5,938,1379,33,60,441,13325.166666666666,1980,1
8,1,2,46401,0,2,10405,9462,24,25,-943,15467.0,600,0
9,0,0,131147,4,4,5460,6964,76,75,1504,26229.4,5700,1
3,2,1,170643,1,5,2078,4169,49,72,2091,28440.5,3528,1
3,2,1,100634,0,5,12814,15375,29,49,2561,16772.333333333332,1421,1
4,2,2,79494,0,5,8564,9684,26,64,1120,13249.0,1664,1
9,0,2,89358,0,2,5309,7098,86,41,1789,29786.0,3526,2
5,0,2,61933,0,3,8770,10235,14,53,1465,15483.25,742,2
1,2,1,52770,4,3,6129,5544,38,17,-585,13192.5,646,1
1,2,1,56938,4,6,789,565,51,40,-224,8134.0,2040,1
8,1,2,29665,0,2,14919,13092,28,44,-1827,9888.333333333334,1232,0
8,1,2,39880,0,3,7874,7769,3,27,-105,9970.0,81,0
0,0,2,81648,3,4,6665,4897,40,57,-1768,16329.6,2280,2
5,0,2,72780,0,2,1089,1064,61,95,-25,24260.0,5795,2
9,0,0,115490,4,5,9620,16509,100,38,6889,19248.333333333332,3800,1
6,0,1,114311,1,7,12068,15514,29,56,3446,14288.875,1624,1
5,0,2,65146,0,3,7556,7254,12,35,-302,16286.5,420,2
2,0,2,77791,0,3,12226,17849,36,34,5623,19447.75,1224,0
5,0,2,71421,0,4,13017,11387,11,16,-1630,14284.2,176,1
3,2,1,204879,1,6,11559,16601,23,24,5042,29268.428571428572,552,1
3,2,1,91553,0,2,9573,15232,22,80,5659,30517.666666666668,1760,1
3,2,1,154209,1,5,8197,6878,25,41,-1319,25701.5,1025,1
1,2,1,55316,4,4,14497,20362,24,31,5865,11063.2,744,1
1,2,1,60476,4,4,1413,1432,13,61,19,12095.2,793,1
2,0,2,77316,0,0,8605,13411,31,39,4806,77316.0,1209,0
8,1,2,38686,0,1,10607,12287,33,44,1680,19343.0,1452,0
4,2,2,69523,0,2,5160,8761,0,22,3601,23174.333333333332,0,2
9,0,0,118116,4,0,961,1011,80,29,50,118116.0,2320,1
9,0,0,114443,4,4,2600,2339,71,48,-261,22888.6,3408,1
7,1,2,28582,2,1,13763,15311,33,60,1548,14291.0,1980,0
9,0,0,128578,4,3,13036,11441,78,54,-1595,32144.5,4212,1
8,1,2,40015,0,1,2094,1557,19,48,-537,20007.5,912,0
7,1,2,28022,2,0,6355,7065,39,49,710,28022.0,1911,0
7,1,2,29790,2,0,1424,1558,54,19,134,29790.0,1026,0
9,0,2,91045,0,1,4344,6548,71,42,2204,45522.5,2982,2
3,2,1,185594,1,8,1891,3438,10,35,1547,20621.555555555555,350,1
0,0,2,98959,3,3,5495,8065,58,40,2570,24739.75,2320,1
7,1,2,25000,2,0,3281,3305,23,54,24,25000.0,1242,0
1,2,1,61502,4,2,5843,7010,14,26,1167,20500.666666666668,364,1
5,0,2,80125,0,3,11276,17932,28,43,6656,20031.25,1204,1
3,2,1,185726,1,7,8933,8091,44,70,-842,23215.75,3080,1
2,0,2,73955,0,5,834,1268,65,40,434,12325.833333333334,2600,2
3,2,1,172763,1,6,864,1713,38,33,849,24680.428571428572,1254,1
8,1,2,37575,0,4,9844,9179,44,48,-665,7515.0,2112,0
7,1,2,29316,2,1,9880,12336,35,53,2456,14658.0,1855,0
4,2,2,115990,0,0,8501,9935,42,48,1434,115990.0,2016,2
4,1,0,50729,2,2,11561,14077,0,30,2516,16909.666666666668,0,0
7,1,2,37371,2,0,8638,10769,22,40,2131,37371.0,880,0
4,2,2,94689,0,5,13032,16547,24,78,3515,15781.5,1872,2
9,0,0,122550,4,3,10573,23014,70,51,12441,30637.5,3570,1
7,1,2,38476,2,0,7643,5798,21,83,-1845,38476.0,1743,0
5,0,2,79219,0,3,10911,10088,46,62,-823,19804.75,2852,1
0,0,2,73293,3,5,14431,21861,32,44,7430,12215.5,1408,1
9,0,2,107990,0,4,5208,7386,52,21,2178,21598.0,1092,1
9,0,0,118532,4,3,5371,6492,75,33,1121,29633.0,2475,1
8,1,2,50008,0,0,13682,11808,19,5,-1874,50008.0,95,0
3,2,1,214405,1,8,12671,17053,45,43,4382,23822.777777777777,1935,1
4,1,0,47330,2,4,14331,10759,57,57,-3572,9466.0,3249,0
9,0,0,135801,0,1,10197,18258,75,24,8061,67900.5,1800,1
2,0,2,72625,0,3,1602,1194,19,43,-408,18156.25,817,2
4,2,2,106940,0,3,9200,10661,25,33,1461,26735.0,825,1
8,1,2,39086,0,4,3936,2926,60,13,-1010,7817.2,780,2
4,2,2,97245,0,1,1756,1836,59,51,80,48622.5,3009,1
1,2,1,47812,4,2,13674,17530,36,93,3856,15937.333333333334,3348,1
8,1,2,45100,0,2,11370,15700,51,45,4330,15033.333333333334,2295,0
7,1,2,29865,2,0,3778,3749,33,72,-29,29865.0,2376,0
8,1,2,39399,0,5,4616,4643,19,68,27,6566.5,1292,2
1,2,1,46179,4,5,7925,8274,71,24,349,7696.5,1704,1
9,0,0,139453,4,5,14932,26713,73,30,11781,23242.166666666668,2190,1
3,2,1,73833,0,4,12023,18553,23,64,6530,14766.6,1472,1
0,0,2,81694,3,2,3556,4628,56,62,1072,27231.333333333332,3472,1
5,0,2,59100,0,5,3989,4428,22,77,439,9850.0,1694,2
2,0,2,66104,0,3,10951,9503,44,66,-1448,16526.0,2904,2
4,2,2,91290,0,5,10566,9630,44,47,-936,15215.0,2068,1
6,0,1,142931,1,6,9775,7128,55,36,-2647,20418.714285714286,1980,1
1,2,1,54173,4,5,3787,4823,38,52,1036,9028.833333333334,1976,1
5,0,2,69137,0,2,2920,3269,64,56,349,23045.666666666668,3584,1
9,0,0,154700,4,6,12729,10957,92,25,-1772,22100.0,2300,1
0,0,2,92315,3,4,7633,11166,33,59,3533,18463.0,1947,1
7,1,2,27124,2,2,14593,14500,23,60,-93,9041.333333333334,1380,0
3,2,1,113964,0,4,3835,7386,38,56,3551,22792.8,2128,1
2,0,2,76933,0,3,13995,12870,58,40,-1125,19233.25,2320,0
3,2,1,75982,0,5,3131,4695,13,12,1564,12663.666666666666,156,1
3,2,1,87661,0,3,10350,15184,18,35,4834,21915.25,630,1
8,1,2,42396,0,1,4407,4440,52,26,33,21198.0,1352,0
9,0,0,128303,4,6,3644,2717,31,74,-927,18329.0,2294,1
9,0,2,104890,0,6,13558,14358,27,57,800,14984.285714285714,1539,1
5,0,2,78144,0,3,8452,11144,23,39,2692,19536.0,897,2
8,1,2,38427,0,2,7414,9882,65,45,2468,12809.0,2925,0
9,0,2,110541,0,5,3110,2930,66,21,-180,18423.5,1386,1
9,0,0,142502,4,4,977,1074,71,39,97,28500.4,2769,1
4,2,2,86051,0,2,13665,22808,47,63,9143,28683.666666666668,2961,2
3,2,1,88027,0,3,9522,14932,41,12,5410,22006.75,492,1
3,2,1,96605,0,2,14467,14610,53,43,143,32201.666666666668,2279,1
4,1,0,48240,2,1,8460,10184,54,26,1724,24120.0,1404,0
9,0,0,134912,4,3,14583,26416,79,36,11833,33728.0,2844,1
7,1,2,37192,2,0,10356,8226,23,23,-2130,37192.0,529,0
0,0,2,95385,3,4,1541,2052,58,62,511,19077.0,3596,1
6,0,1,130060,1,6,6454,6008,56,91,-446,18580.0,5096,1
8,1,2,37107,0,1,14259,16975,48,52,2716,18553.5,2496,0
9,0,2,93513,0,3,2333,2607,100,39,274,23378.25,3900,1
4,1,0,48739,2,2,8696,6398,24,40,-2298,16246.333333333334,960,0
1,2,1,60291,4,3,11382,10720,36,39,-662,15072.75,1404,1
4,2,2,102608,0,5,9105,13563,39,30,4458,17101.333333333332,1170,2
5,0,2,78138,0,3,14992,17166,38,95,2174,19534.5,3610,1
9,0,2,78504,0,1,10327,12815,32,45,2488,39252.0,1440,1
4,2,2,75839,0,5,13716,16891,61,22,3175,12639.833333333334,1342,2
7,1,2,31172,2,0,14136,13219,31,40,-917,31172.0,1240,0
4,1,0,37579,2,1,6888,8695,34,41,1807,18789.5,1394,0
6,0,1,151375,1,6,7428,9638,24,20,2210,21625.0,480,1
9,0,0,145676,4,2,2250,2833,78,49,583,48558.666666666664,3822,1
9,0,2,85818,0,3,4998,4432,60,24,-566,21454.5,1440,1
8,1,2,33931,0,2,4666,6500,19,48,1834,11310.333333333334,912,0
9,0,0,110293,4,4,8534,16502,76,13,7968,22058.6,988,1
7,1,2,36940,2,1,11962,10791,44,17,-1171,18470.0,748,2
7,1,2,32598,2,0,9441,10175,0,60,734,32598.0,0,0
5,0,2,61389,0,4,11685,10231,26,52,-1454,12277.8,1352,1
2,0,2,74368,0,2,14908,18398,47,39,3490,24789.333333333332,1833,0
7,1,2,27006,2,1,8286,8843,54,51,557,13503.0,2754,0
0,0,2,80283,3,6,5549,6107,56,62,558,11469.0,3472,1
3,2,1,97275,0,4,10425,13379,37,32,2954,19455.0,1184,1
0,0,2,70277,3,4,12615,18523,32,45,5908,14055.4,1440,1
4,1,0,35064,2,1,13423,13242,47,46,-181,17532.0,2162,0
2,0,2,68313,0,3,9555,7063,11,44,-2492,17078.25,484,2
2,0,2,94614,0,5,10968,17268,11,35,6300,15769.0,385,0
6,0,1,133975,1,8,13807,19769,54,46,5962,14886.111111111111,2484,1
1,2,1,43906,4,6,14704,14780,44,28,76,6272.285714285715,1232,1
0,0,2,91542,3,4,7748,7956,39,15,208,18308.4,585,1
9,0,0,135245,4,4,6938,6503,50,45,-435,27049.0,2250,1
2,0,2,68014,0,4,1978,2204,51,80,226,13602.8,4080,0
2,0,2,80659,0,5,3946,5126,23,12,1180,13443.166666666666,276,2
6,0,1,106222,1,6,7690,6882,57,32,-808,15174.57142857143,1824,1
6,0,1,136277,1,9,13807,21405,51,45,7598,13627.7,2295,1
4,2,2,102172,0,4,1055,1011,61,39,-44,20434.4,2379,2
0,0,2,86287,3,4,1812,1909,51,50,97,17257.4,2550,1
5,0,2,73341,0,2,12574,13422,3,39,848,24447.0,117,1
6,0,1,108811,1,7,14281,21321,22,36,7040,13601.375,792,1
4,1,0,45038,2,3,7420,8633,37,52,1213,11259.5,1924,0
0,0,2,97155,3,6,3127,3889,29,54,762,13879.285714285714,1566,1
1,2,1,52564,4,6,1587,1145,28,62,-442,7509.142857142857,1736,2
8,1,2,34381,0,0,10365,13170,34,30,2805,34381.0,1020,0
4,1,0,46463,2,5,5853,6704,46,27,851,7743.833333333333,1242,0
4,1,0,46658,2,2,948,787,29,47,-161,15552.666666666666,1363,0
3,2,1,84678,0,4,11011,7794,18,56,-3217,16935.6,1008,1
3,2,1,81221,0,2,7764,13217,30,73,5453,27073.666666666668,2190,1
9,0,0,134977,4,2,7064,10408,77,26,3344,44992.333333333336,2002,1
3,2,1,102307,0,6,5506,4706,27,43,-800,14615.285714285714,1161,1
3,2,1,143694,1,8,1847,1676,10,80,-171,15966.0,800,1
9,0,0,149849,4,5,4589,8478,76,27,3889,24974.833333333332,2052,1
4,1,0,44396,2,0,13076,13103,43,51,27,44396.0,2193,0
0,0,2,100995,3,5,10232,9752,8,55,-480,16832.5,440,1
4,2,2,98738,0,3,5733,4434,37,45,-1299,24684.5,1665,2
5,0,2,67992,0,2,14811,10876,33,72,-3935,22664.0,2376,1
2,0,2,60815,0,3,3342,4509,40,31,1167,15203.75,1240,0
0,0,2,95172,3,4,5867,6270,15,32,403,19034.4,480,1
9,0,2,79118,0,2,1882,1415,54,32,-467,26372.666666666668,1728,1
7,1,2,25000,2,2,3480,3535,52,7,55,8333.333333333334,364,0
6,0,1,140513,1,7,6682,7833,49,48,1151,17564.125,2352,1
9,0,2,93505,0,3,839,1227,73,47,388,23376.25,3431,1
6,0,1,129549,1,7,9650,7351,44,30,-2299,16193.625,1320,1
3,2,1,81571,0,3,4247,7968,72,61,3721,20392.75,4392,1
5,0,2,66634,0,4,3748,5359,36,80,1611,13326.8,2880,1
4,1,0,41498,2,0,14456,13980,40,62,-476,41498.0,2480,0
9,0,0,146617,4,1,7070,9092,75,53,2022,73308.5,3975,1
8,1,2,40518,0,2,10336,11047,4,55,711,13506.0,220,0
9,0,0,170193,4,3,1959,2214,100,52,255,42548.25,5200,1
9,0,0,118972,4,5,9793,7931,98,53,-1862,19828.666666666668,5194,1
9,0,0,100112,4,2,12273,23053,43,65,10780,33370.666666666664,2795,1
8,1,2,36616,0,1,13170,18014,45,19,4844,18308.0,855,0
0,0,2,71983,3,5,11536,18773,36,59,7237,11997.166666666666,2124,2
9,0,0,130507,0,3,4177,7233,100,87,3056,32626.75,8700,1
9,0,2,111232,0,3,14621,13430,84,41,-1191,27808.0,3444,1
2,0,2,77778,0,2,12729,15983,31,48,3254,25926.0,1488,0
8,1,2,44052,0,2,2633,3596,29,31,963,14684.0,899,0
0,0,2,80583,3,8,3885,4000,25,45,115,8953.666666666666,1125,1
9,0,2,72765,0,1,14001,22014,52,46,8013,36382.5,2392,1
4,1,0,44119,2,3,11595,10088,34,46,-1507,11029.75,1564,0
8,1,2,43073,0,0,3455,2765,40,44,-690,43073.0,1760,0
4,2,2,99447,0,3,2891,2371,60,34,-520,24861.75,2040,2
2,0,2,64725,0,3,4789,5630,25,46,841,16181.25,1150,0
3,2,1,159565,1,9,7888,18703,18,28,10815,15956.5,504,1
7,1,2,35955,2,1,10050,11590,24,58,1540,17977.5,1392,0
9,0,0,94143,0,1,669,506,100,42,-163,47071.5,4200,1
9,0,0,157310,4,6,14777,21001,78,71,6224,22472.85714285714,5538,1
4,1,0,47920,2,0,7013,7752,19,60,739,47920.0,1140,0
4,1,0,45793,2,2,6783,6435,16,44,-348,15264.333333333334,704,0
4,1,0,47980,2,2,10284,10251,80,47,-33,15993.333333333334,3760,0
9,0,0,90095,0,2,2061,2273,64,70,212,30031.666666666668,4480,2
9,0,0,135782,4,1,1353,1074,75,30,-279,67891.0,2250,1
6,0,1,158932,1,8,4347,7975,34,34,3628,17659.11111111111,1156,1
6,0,1,145815,1,7,6304,8025,47,71,1721,18226.875,3337,1
3,2,1,84871,0,3,13644,17092,28,57,3448,21217.75,1596,1
4,1,0,52310,2,4,12759,9946,62,29,-2813,10462.0,1798,0
9,0,0,122197,4,3,4655,6530,45,31,1875,30549.25,1395,1
3,2,1,205641,1,6,6741,7850,38,57,1109,29377.285714285714,2166,1
8,1,2,51643,0,0,11497,12715,18,49,1218,51643.0,882,0
9,0,0,140494,4,3,9667,11424,33,37,1757,35123.5,1221,1
3,2,1,226299,1,7,3438,6987,40,14,3549,28287.375,560,1
9,0,0,103595,4,5,8753,12527,82,31,3774,17265.833333333332,2542,1
6,0,1,155652,1,6,6057,5962,33,69,-95,22236.0,2277,1
9,0,0,124271,4,3,1968,3869,58,57,1901,31067.75,3306,1
4,1,0,55362,2,3,9190,7644,33,53,-1546,13840.5,1749,0
9,0,0,150552,4,5,4766,6718,84,52,1952,25092.0,4368,1
7,1,2,27349,2,1,1223,981,49,34,-242,13674.5,1666,0
5,0,2,65253,0,1,14781,11273,29,91,-3508,32626.5,2639,1
4,1,0,39397,2,1,6407,4794,36,32,-1613,19698.5,1152,0
2,0,2,45841,0,1,14867,20850,48,42,5983,22920.5,2016,0
3,2,1,194927,1,7,14091,31127,56,26,17036,24365.875,1456,1
1,2,1,47974,4,5,5628,4971,54,50,-657,7995.666666666667,2700,1
6,0,1,152204,1,7,3203,2507,57,28,-696,19025.5,1596,1
4,1,0,39035,2,0,8549,8375,15,56,-174,39035.0,840,0
1,2,1,60292,4,6,14476,20040,10,51,5564,8613.142857142857,510,1
9,0,0,150702,4,1,3595,2776,77,39,-819,75351.0,3003,1
9,0,0,140181,4,4,4266,5320,40,84,1054,28036.2,3360,1
9,0,0,137044,4,4,8204,7828,57,43,-376,27408.8,2451,1
9,0,0,141075,4,7,12066,16286,48,48,4220,17634.375,2304,1
8,1,2,40714,0,1,2400,2868,13,42,468,20357.0,546,0
9,0,0,137209,4,3,7733,9575,71,66,1842,34302.25,4686,1
4,1,0,37915,2,2,9689,9203,37,42,-486,12638.333333333334,1554,0
5,0,2,61299,0,0,8577,6201,65,25,-2376,61299.0,1625,1
0,0,2,76701,3,6,12292,11144,19,32,-1148,10957.285714285714,608,1
9,0,0,141877,0,1,6227,7130,43,60,903,70938.5,2580,1
9,0,2,103993,0,5,14724,16573,40,57,1849,17332.166666666668,2280,1
9,0,0,148311,4,4,14179,19216,47,53,5037,29662.2,2491,1
4,1,0,45738,2,0,8835,10222,26,65,1387,45738.0,1690,0
3,2,1,181773,1,6,11364,24408,2,42,13044,25967.571428571428,84,1
9,0,2,98133,0,3,10060,9302,70,5,-758,24533.25,350,1
1,2,1,45625,4,4,13064,10488,68,62,-2576,9125.0,4216,1
9,0,0,135885,4,3,7322,12472,85,66,5150,33971.25,5610,1
9,0,2,110177,0,4,13087,12928,68,57,-159,22035.4,3876,1
3,2,1,65522,0,2,2045,3046,17,13,1001,21840.666666666668,221,1
9,0,0,146290,4,4,5157,5230,95,21,73,29258.0,1995,1
8,1,2,41428,0,1,6620,5198,12,16,-1422,20714.0,192,0
6,0,1,164227,1,7,2237,3399,18,70,1162,20528.375,1260,1
9,0,0,193365,4,5,973,1639,89,24,666,32227.5,2136,1
5,0,2,67236,0,1,14110,21555,20,73,7445,33618.0,1460,1
5,0,2,61270,0,2,10794,16286,30,65,5492,20423.333333333332,1950,2
3,2,1,161510,1,9,11280,9405,44,24,-1875,16151.0,1056,1
7,1,2,30108,2,0,1218,1042,0,56,-176,30108.0,0,0
5,0,2,76647,0,1,5823,5781,45,43,-42,38323.5,1935,1
9,0,0,140607,4,3,3963,6724,59,59,2761,35151.75,3481,1
4,2,2,88045,0,5,11045,13618,51,63,2573,14674.166666666666,3213,1
7,1,2,30826,2,0,13576,11591,62,60,-1985,30826.0,3720,0
4,1,0,39952,2,4,1658,1909,42,25,251,7990.4,1050,0
3,2,1,171606,1,7,6748,8335,17,43,1587,21450.75,731,1
8,1,2,34888,0,3,4680,5065,44,35,385,8722.0,1540,2
9,0,2,90586,0,3,13130,20108,96,28,6978,22646.5,2688,1
9,0,0,118111,0,0,836,1010,79,45,174,118111.0,3555,1
9,0,0,131595,4,4,6865,9507,70,49,2642,26319.0,3430,1
2,0,2,68163,0,0,11103,15615,15,51,4512,68163.0,765,0
9,0,0,110098,0,3,5391,4377,61,29,-1014,27524.5,1769,1
4,2,2,95841,0,0,7583,9042,1,45,1459,95841.0,45,1
6,0,1,137712,1,9,11722,19331,24,46,7609,13771.2,1104,1
9,0,0,132099,4,4,6382,7035,77,30,653,26419.8,2310,1
0,0,2,76841,3,2,6520,8623,52,54,2103,25613.666666666668,2808,1
9,0,2,94978,0,1,8521,7694,70,79,-827,47489.0,5530,1
6,0,1,164020,1,7,6858,10774,0,85,3916,20502.5,0,1
2,0,2,76379,0,2,9725,9744,14,40,19,25459.666666666668,560,2
8,1,2,38620,0,1,1978,1901,32,14,-77,19310.0,448,0
4,2,2,81737,0,3,6533,11060,24,48,4527,20434.25,1152,1
9,0,0,122575,4,4,7612,6798,69,18,-814,24515.0,1242,1
9,0,0,124938,0,0,1162,1242,76,52,80,124938.0,3952,1
7,1,2,33728,2,1,8094,6201,56,28,-1893,16864.0,1568,0
3,2,1,86340,0,5,11743,10908,36,58,-835,14390.0,2088,1
6,0,1,120435,1,6,8615,14471,5,67,5856,17205.0,335,1
3,2,1,82781,0,3,11104,20927,30,23,9823,20695.25,690,1
9,0,0,112058,0,2,5262,5056,85,76,-206,37352.666666666664,6460,1
8,1,2,35240,0,4,1797,1577,17,24,-220,7048.0,408,0
2,0,2,65826,0,3,2934,4339,0,22,1405,16456.5,0,0
3,2,1,97969,0,5,5421,5978,19,35,557,16328.166666666666,665,1
1,2,1,54926,4,7,7507,8417,36,50,910,6865.75,1800,2
3,2,1,156497,1,8,1281,2927,47,29,1646,17388.555555555555,1363,1
9,0,0,105760,0,4,1238,1920,77,14,682,21152.0,1078,1
9,0,0,114730,0,5,8866,6332,69,83,-2534,19121.666666666668,5727,2
8,1,2,43419,0,0,2048,1868,30,54,-180,43419.0,1620,2
3,2,1,87130,0,3,12301,9681,16,73,-2620,21782.5,1168,1
0,0,2,74652,3,6,4651,6986,47,45,2335,10664.57142857143,2115,1
2,0,2,63057,0,3,10093,7275,60,15,-2818,15764.25,900,0
4,2,2,106766,0,4,8748,9563,60,58,815,21353.2,3480,1
9,0,0,107425,0,2,12632,8845,90,36,-3787,35808.333333333336,3240,1
9,0,0,142908,4,4,13380,21384,77,54,8004,28581.6,4158,1
0,0,2,92958,3,5,6938,7147,22,56,209,15493.0,1232,2
9,0,0,129705,0,4,7319,10934,68,22,3615,25941.0,1496,1
7,1,2,33629,2,0,10120,9414,28,48,-706,33629.0,1344,0
4,2,2,100494,0,3,11481,8483,27,62,-2998,25123.5,1674,1
3,2,1,170836,1,8,13735,28863,31,44,15128,18981.777777777777,1364,1
7,1,2,26306,2,1,14776,11887,38,45,-2889,13153.0,1710,0
9,0,2,95028,0,0,3532,5845,93,41,2313,95028.0,3813,1
4,1,0,40892,2,2,10396,9604,59,27,-792,13630.666666666666,1593,0
0,0,2,81714,3,7,11533,13354,47,20,1821,10214.25,940,1
8,1,2,33880,0,2,9255,9106,40,53,-149,11293.333333333334,2120,0
9,0,0,135357,4,4,6970,13064,79,33,6094,27071.4,2607,1
9,0,0,132742,4,6,3313,3073,46,30,-240,18963.14285714286,1380,1
5,0,2,55244,0,4,11834,16186,35,27,4352,11048.8,945,1
0,0,2,85812,3,4,11276,11943,33,34,667,17162.4,1122,1
4,1,0,49573,2,3,8474,11005,5,45,2531,12393.25,225,0
3,2,1,193688,1,8,13822,20521,13,29,6699,21520.88888888889,377,1
7,1,2,33707,2,0,11815,13676,2,32,1861,33707.0,64,0
4,2,2,90963,0,4,5458,7941,34,23,2483,18192.6,782,1
9,0,0,106274,4,4,2713,5435,58,24,2722,21254.8,1392,1
9,0,2,82468,0,5,2333,2888,70,52,555,13744.666666666666,3640,1
4,1,0,39341,2,1,3583,2702,36,15,-881,19670.5,540,0
9,0,2,104580,0,3,8382,11254,71,43,2872,26145.0,3053,1
3,2,1,76047,0,3,4461,3651,43,16,-810,19011.75,688,1
0,0,2,77123,3,4,10757,10093,17,55,-664,15424.6,935,2
9,0,2,119990,0,1,1910,2382,75,38,472,59995.0,2850,1
4,2,2,76237,0,4,8092,7740,24,68,-352,15247.4,1632,1
5,0,2,75335,0,3,7412,11106,10,46,3694,18833.75,460,1
9,0,0,108172,0,1,3221,6032,95,41,2811,54086.0,3895,1
4,1,0,48378,2,2,12011,9176,45,48,-2835,16126.0,2160,0
5,0,2,72806,0,1,8224,9645,34,47,1421,36403.0,1598,1
0,0,2,105743,3,4,7864,7221,45,37,-643,21148.6,1665,1
9,0,2,69689,0,3,3798,4829,83,60,1031,17422.25,4980,1
3,2,1,191759,1,7,14089,28641,48,26,14552,23969.875,1248,1
9,0,0,114739,4,2,5969,9205,84,23,3236,38246.333333333336,1932,1
9,0,0,105844,0,3,10828,17918,59,16,7090,26461.0,944,1
8,1,2,37367,0,2,14403,11283,74,73,-3120,12455.666666666666,5402,0
4,1,0,48952,2,1,9980,8414,23,51,-1566,24476.0,1173,0
4,1,0,42258,2,1,9581,8163,29,53,-1418,21129.0,1537,0
9,0,0,125543,4,1,8487,7781,61,36,-706,62771.5,2196,1
5,0,2,65045,0,3,8910,10601,59,8,1691,16261.25,472,1
4,1,0,43169,2,2,10518,9198,32,30,-1320,14389.666666666666,960,0
9,0,2,101741,0,2,12202,13750,82,49,1548,33913.666666666664,4018,1
1,2,1,46188,4,6,811,956,59,61,145,6598.285714285715,3599,1
3,2,1,147093,1,8,5674,12538,74,48,6864,16343.666666666666,3552,1
9,0,0,111910,0,1,4888,8433,78,73,3545,55955.0,5694,2
6,0,1,137620,1,7,8255,8151,64,82,-104,17202.5,5248,1
5,0,2,58617,0,6,10702,15411,18,28,4709,8373.857142857143,504,1
5,0,2,62931,0,5,11928,11819,14,44,-109,10488.5,616,1
9,0,0,93326,4,5,3143,3804,83,61,661,15554.333333333334,5063,1
4,1,0,41922,2,1,3649,4513,55,65,864,20961.0,3575,0
7,1,2,30788,2,0,7678,7950,48,28,272,30788.0,1344,0
1,2,1,58749,4,6,4099,2889,25,23,-1210,8392.714285714286,575,1
6,0,1,151157,1,7,11722,11357,34,67,-365,18894.625,2278,1
6,0,1,148338,1,7,10364,11493,46,27,1129,18542.25,1242,1
9,0,0,119810,4,3,14969,29290,72,38,14321,29952.5,2736,1
4,1,0,31815,2,1,12155,13772,24,15,1617,15907.5,360,2
8,1,2,37177,0,1,14149,15634,47,33,1485,18588.5,1551,0
4,2,2,82049,0,5,8238,11381,44,70,3143,13674.833333333334,3080,2
3,2,1,220866,1,8,3894,6018,24,41,2124,24540.666666666668,984,1
4,1,0,49740,2,0,12775,9849,38,59,-2926,49740.0,2242,0
3,2,1,80209,0,5,8411,15125,13,22,6714,13368.166666666666,286,1
9,0,0,116186,4,3,3768,7665,37,20,3897,29046.5,740,1
3,2,1,190718,1,8,8563,12302,6,42,3739,21190.88888888889,252,1
4,2,2,104535,0,4,7315,11348,44,40,4033,20907.0,1760,1
2,0,2,79033,0,1,4345,3747,20,81,-598,39516.5,1620,0
1,2,1,65508,4,3,1270,1851,33,30,581,16377.0,990,1
7,1,2,25000,2,3,14932,13672,35,35,-1260,6250.0,1225,0
7,1,2,28439,2,1,11590,10118,24,36,-1472,14219.5,864,0
9,0,0,127466,4,7,14065,28163,61,31,14098,15933.25,1891,1
9,0,0,95246,4,4,13718,13268,60,40,-450,19049.2,2400,1
7,1,2,34188,2,2,7555,6174,56,6,-1381,11396.0,336,0
3,2,1,194306,1,11,4214,6537,33,71,2323,16192.166666666666,2343,1
1,2,1,39751,4,5,4171,5330,50,65,1159,6625.166666666667,3250,1
2,0,2,66615,0,3,6075,9717,33,38,3642,16653.75,1254,0
4,2,2,104835,0,3,1264,1208,50,19,-56,26208.75,950,2
2,0,2,68310,0,4,2976,3098,0,40,122,13662.0,0,0
3,2,1,169760,1,9,11468,18793,42,59,7325,16976.0,2478,1
4,1,0,51614,2,0,1326,1690,30,43,364,51614.0,1290,0
4,2,2,96868,0,4,7989,10587,25,33,2598,19373.6,825,1
9,0,0,114230,0,1,13306,16932,47,34,3626,57115.0,1598,1
3,2,1,170237,1,9,13314,24702,30,40,11388,17023.7,1200,1
0,0,2,76727,3,6,9715,12741,34,33,3026,10961.0,1122,1
1,2,1,57023,4,5,2227,2049,8,54,-178,9503.833333333334,432,1
3,2,1,103787,0,3,2434,3362,22,63,928,25946.75,1386,1
6,0,1,144466,1,5,6425,5482,62,32,-943,24077.666666666668,1984,1
4,1,0,45360,2,0,5286,6353,36,33,1067,45360.0,1188,0
4,2,2,77737,0,3,8788,11370,36,23,2582,19434.25,828,2
4,1,0,47322,2,1,14762,16051,54,59,1289,23661.0,3186,0
9,0,0,137717,4,4,11101,15845,67,57,4744,27543.4,3819,1
7,1,2,26678,2,0,13921,12664,55,52,-1257,26678.0,2860,0
9,0,0,113020,0,3,14403,18160,26,47,3757,28255.0,1222,1
5,0,2,62499,0,5,7311,5271,38,61,-2040,10416.5,2318,1
9,0,2,91262,0,2,14177,16214,80,50,2037,30420.666666666668,4000,1
7,1,2,34901,2,0,5198,5877,35,49,679,34901.0,1715,0
9,0,0,141050,4,6,1896,2668,56,53,772,20150.0,2968,1
7,1,2,28240,2,0,12217,14365,53,56,2148,28240.0,2968,0
7,1,2,27092,2,0,10812,10066,7,57,-746,27092.0,399,0
9,0,0,133918,4,6,12840,28180,83,48,15340,19131.14285714286,3984,1
8,1,2,35679,0,1,13397,15225,21,66,1828,17839.5,1386,0
9,0,0,135021,4,3,13636,24632,91,55,10996,33755.25,5005,1
8,1,2,37715,0,1,7206,6050,20,57,-1156,18857.5,1140,0
0,0,2,77317,3,4,8956,11631,43,47,2675,15463.4,2021,1
9,0,0,130840,4,3,7751,11505,100,35,3754,32710.0,3500,1
4,2,2,94064,0,4,662,645,51,19,-17,18812.8,969,2
9,0,0,108331,0,3,1889,1705,82,60,-184,27082.75,4920,2
7,1,2,29068,2,1,7080,8806,40,28,1726,14534.0,1120,0
8,1,2,48698,0,3,1507,1735,33,44,228,12174.5,1452,0
4,2,2,87152,0,4,1107,1640,20,14,533,17430.4,280,1
6,0,1,148749,1,8,9913,15325,57,42,5412,16527.666666666668,2394,1
3,2,1,79939,0,4,12187,21887,6,51,9700,15987.8,306,1
2,0,2,62935,0,0,7369,7271,21,33,-98,62935.0,693,0
6,0,1,150256,1,7,11655,15399,8,34,3744,18782.0,272,1
0,0,2,89197,3,0,5486,7271,29,31,1785,89197.0,899,1
6,0,1,141350,1,9,6138,7633,48,46,1495,14135.0,2208,1
0,0,2,89245,3,8,5083,7462,1,66,2379,9916.111111111111,66,2
3,2,1,181768,1,8,2906,4023,54,44,1117,20196.444444444445,2376,1
5,0,2,62498,0,2,11049,15486,65,44,4437,20832.666666666668,2860,1
6,0,1,131065,1,6,9419,11453,0,58,2034,18723.571428571428,0,1
4,2,2,77574,0,6,10628,15719,10,69,5091,11082.0,690,1
4,1,0,36424,2,5,6156,7525,28,62,1369,6070.666666666667,1736,0
4,2,2,68522,0,2,3732,5103,56,54,1371,22840.666666666668,3024,2
9,0,0,113573,0,1,1105,1492,63,78,387,56786.5,4914,2
7,1,2,25000,2,3,6889,4975,38,48,-1914,6250.0,1824,0
1,2,1,62329,4,3,9360,7730,55,32,-1630,15582.25,1760,1
9,0,2,97922,0,2,2020,1949,74,43,-71,32640.666666666668,3182,1
1,2,1,58793,4,5,5615,8397,53,32,2782,9798.833333333334,1696,1
7,1,2,29880,2,2,12903,10480,68,49,-2423,9960.0,3332,0
9,0,0,137714,4,2,956,1017,85,67,61,45904.666666666664,5695,1
3,2,1,192766,1,6,4738,7015,28,57,2277,27538.0,1596,1
0,0,2,78541,3,4,13183,20757,29,44,7574,15708.2,1276,1
4,1,0,40698,2,0,7426,8161,4,23,735,40698.0,92,0
9,0,0,118080,0,4,12492,13635,91,18,1143,23616.0,1638,2
0,0,2,90254,3,5,6610,5107,51,50,-1503,15042.333333333334,2550,2
3,2,1,72267,0,3,8814,12902,65,74,4088,18066.75,4810,1
9,0,0,124972,0,1,1282,1258,75,45,-24,62486.0,3375,1
5,0,2,76161,0,4,5381,4924,49,40,-457,15232.2,1960,2
4,1,0,35912,2,1,585,630,50,33,45,17956.0,1650,0
7,1,2,27471,2,1,4368,3649,1,13,-719,13735.5,13,0
3,2,1,200165,1,9,12208,27982,29,48,15774,20016.5,1392,1
0,0,2,104547,3,6,10257,12609,39,46,2352,14935.285714285714,1794,2
7,1,2,29569,2,2,5402,4347,44,26,-1055,9856.333333333334,1144,0
3,2,1,73618,0,4,13357,16041,24,58,2684,14723.6,1392,1
3,2,1,89556,0,4,2793,2086,28,36,-707,17911.2,1008,1
1,2,1,60193,4,5,12583,13582,31,34,999,10032.166666666666,1054,1
9,0,0,104809,0,2,5871,5205,82,48,-666,34936.333333333336,3936,1
3,2,1,149488,1,8,3654,4090,35,37,436,16609.777777777777,1295,1
5,0,2,79366,0,1,2105,2242,38,33,137,39683.0,1254,1
4,1,0,41988,2,0,7474,8650,42,63,1176,41988.0,2646,0
9,0,0,127297,0,4,2011,3735,88,38,1724,25459.4,3344,2
8,1,2,40676,0,1,2630,2026,42,52,-604,20338.0,2184,0
9,0,2,105044,0,2,7809,8160,95,43,351,35014.666666666664,4085,1
7,1,2,28473,2,0,11589,13623,36,48,2034,28473.0,1728,0
8,1,2,40608,0,0,10137,9283,45,39,-854,40608.0,1755,0
1,2,1,53782,4,6,13260,16740,30,28,3480,7683.142857142857,840,1
0,0,2,95513,3,6,4820,3679,40,26,-1141,13644.714285714286,1040,2
5,0,2,64785,0,1,10927,12002,22,48,1075,32392.5,1056,1
5,0,2,53535,0,4,11788,16253,51,37,4465,10707.0,1887,1
4,1,0,46344,2,2,7330,7779,32,47,449,15448.0,1504,0
9,0,0,131678,4,3,8786,11685,27,39,2899,32919.5,1053,1
5,0,2,71052,0,0,12151,11823,57,77,-328,71052.0,4389,1
9,0,0,133761,4,7,12042,16705,74,43,4663,16720.125,3182,1
0,0,2,79499,3,3,9169,11861,33,52,2692,19874.75,1716,1
4,1,0,45477,2,1,3983,4000,46,50,17,22738.5,2300,0
5,0,2,68998,0,3,1034,1528,25,5,494,17249.5,125,1
1,2,1,60512,4,6,6551,7018,25,41,467,8644.57142857143,1025,1
3,2,1,188327,1,7,14464,26980,40,67,12516,23540.875,2680,1
9,0,0,119706,0,4,2480,4643,71,57,2163,23941.2,4047,1
3,2,1,155480,1,7,5244,6823,21,93,1579,19435.0,1953,1
1,2,1,49141,4,5,3011,3701,37,69,690,8190.166666666667,2553,1
7,1,2,28132,2,2,5495,4480,38,38,-1015,9377.333333333334,1444,0
2,0,2,86926,0,4,5316,4298,0,8,-1018,17385.2,0,2
9,0,0,157551,4,4,13463,26178,84,82,12715,31510.2,6888,1
9,0,0,149870,4,2,13341,25856,95,47,12515,49956.666666666664,4465,1
8,1,2,47841,0,0,1297,1185,49,5,-112,47841.0,245,0
6,0,1,158474,1,3,5144,6705,74,65,1561,39618.5,4810,1
9,0,0,134348,4,5,13920,11495,58,13,-2425,22391.333333333332,754,1
9,0,0,129731,4,3,2504,4677,85,17,2173,32432.75,1445,1
7,1,2,25000,2,2,1606,1808,31,31,202,8333.333333333334,961,0
8,1,2,47888,0,2,8383,8820,29,56,437,15962.666666666666,1624,0
2,0,2,82175,0,2,9769,8251,43,48,-1518,27391.666666666668,2064,0
6,0,1,105119,1,10,6034,5223,34,41,-811,9556.272727272728,1394,1
5,0,2,64183,0,1,14171,10247,27,56,-3924,32091.5,1512,1
9,0,0,132593,4,4,12983,14030,24,27,1047,26518.6,648,1
1,2,1,64386,4,4,10927,7930,25,33,-2997,12877.2,825,1
4,2,2,84864,0,4,7871,8234,25,40,363,16972.8,1000,1
9,0,0,144682,4,7,14694,18581,76,32,3887,18085.25,2432,1
9,0,0,123812,0,2,13604,16149,62,69,2545,41270.666666666664,4278,1
3,2,1,85603,0,6,10716,8048,52,46,-2668,12229.0,2392,1
8,1,2,36124,0,0,4314,5132,52,64,818,36124.0,3328,0
7,1,2,31043,2,0,9363,11466,45,55,2103,31043.0,2475,0
3,2,1,94359,0,2,7759,13433,54,44,5674,31453.0,2376,1
3,2,1,81636,0,5,1950,3136,35,38,1186,13606.0,1330,1
4,1,0,46920,2,3,906,1148,36,37,242,11730.0,1332,0
3,2,1,99717,0,3,13544,19345,33,48,5801,24929.25,1584,1
1,2,1,59655,4,3,11070,9418,57,15,-1652,14913.75,855,1
3,2,1,88430,0,1,9664,15656,21,59,5992,44215.0,1239,1
9,0,2,108231,0,2,10636,9076,97,45,-1560,36077.0,4365,1
3,2,1,211335,1,9,12912,15607,15,37,2695,21133.5,555,1
3,2,1,178096,1,9,9048,12488,28,63,3440,17809.6,1764,1
4,2,2,72712,0,4,8296,13457,37,26,5161,14542.4,962,1
6,0,1,174593,1,6,805,1406,7,17,601,24941.85714285714,119,1
3,2,1,75323,0,1,9213,17321,81,44,8108,37661.5,3564,1
9,0,0,105223,4,4,5004,5162,84,42,158,21044.6,3528,1
9,0,2,88766,0,4,14093,18888,96,5,4795,17753.2,480,1
5,0,2,67872,0,0,1886,2215,43,46,329,67872.0,1978,1
3,2,1,205790,1,10,5749,11986,30,28,6237,18708.18181818182,840,1
3,2,1,188093,1,7,1237,1611,38,54,374,23511.625,2052,1
0,0,2,94089,3,5,881,1210,42,60,329,15681.5,2520,1
8,1,2,47724,0,3,3457,3135,31,32,-322,11931.0,992,0
9,0,0,132268,4,5,14584,13412,70,5,-1172,22044.666666666668,350,1
7,1,2,30749,2,0,6758,5080,49,27,-1678,30749.0,1323,0
9,0,0,95899,0,3,2378,1983,92,63,-395,23974.75,5796,2
1,2,1,52341,4,4,3255,2781,64,55,-474,10468.2,3520,1
9,0,0,153333,4,2,3492,6738,100,47,3246,51111.0,4700,1
4,2,2,105304,0,4,1968,3110,78,29,1142,21060.8,2262,1
2,0,2,71525,0,2,7172,7678,38,46,506,23841.666666666668,1748,2
9,0,0,110391,4,3,10567,12241,90,40,1674,27597.75,3600,1
9,0,0,133791,4,4,945,1049,39,40,104,26758.2,1560,1
2,0,2,72635,0,1,6888,10735,41,67,3847,36317.5,2747,0
7,1,2,25000,2,0,2834,2315,44,60,-519,25000.0,2640,0
6,0,1,134793,1,5,5811,7295,7,62,1484,22465.5,434,1
8,1,2,52017,0,0,14061,10138,16,79,-3923,52017.0,1264,2
9,0,0,153554,4,5,3818,3840,87,50,22,25592.333333333332,4350,1
4,2,2,92224,0,6,10281,11692,44,38,1411,13174.857142857143,1672,1
9,0,2,106994,0,4,8576,11607,39,41,3031,21398.8,1599,1
4,2,2,84168,0,4,8764,8089,68,51,-675,16833.6,3468,1
9,0,0,84040,0,2,4912,8939,80,25,4027,28013.333333333332,2000,2
7,1,2,32052,2,2,8115,9775,24,69,1660,10684.0,1656,0
8,1,2,43803,0,0,1572,2026,36,53,454,43803.0,1908,0
9,0,0,136705,4,2,7176,13527,72,25,6351,45568.333333333336,1800,1
6,0,1,155959,1,9,805,1372,44,39,567,15595.9,1716,1
1,2,1,48481,4,3,10103,8586,29,61,-1517,12120.25,1769,1
9,0,2,80130,0,3,13000,13023,73,57,23,20032.5,4161,1
3,2,1,101865,0,3,13364,9515,22,54,-3849,25466.25,1188,1
2,0,2,50755,0,3,9810,14477,25,18,4667,12688.75,450,2
5,0,2,58697,0,4,1874,1509,22,44,-365,11739.4,968,1
9,0,2,87476,0,4,13326,10334,100,35,-2992,17495.2,3500,2
7,1,2,25748,2,0,9354,11356,5,28,2002,25748.0,140,0
4,2,2,105794,0,3,4516,6063,25,34,1547,26448.5,850,1
8,1,2,44520,0,2,9595,11524,47,12,1929,14840.0,564,0
9,0,0,106839,4,1,516,461,63,45,-55,53419.5,2835,1
0,0,2,79998,3,4,10670,14627,17,66,3957,15999.6,1122,1
3,2,1,75541,0,4,3242,3628,57,38,386,15108.2,2166,1
9,0,0,127805,4,4,8400,6174,58,54,-2226,25561.0,3132,1
3,2,1,162626,1,5,4610,9025,33,45,4415,27104.333333333332,1485,1
7,1,2,34677,2,3,14302,11144,53,46,-3158,8669.25,2438,0
3,2,1,157964,1,5,14273,17407,65,30,3134,26327.333333333332,1950,1
2,0,2,66741,0,3,1245,1745,13,6,500,16685.25,78,0
4,1,0,54638,2,3,9250,11047,38,40,1797,13659.5,1520,0
9,0,0,111146,0,4,5425,4475,74,85,-950,22229.2,6290,1
8,1,2,39356,0,0,11943,10217,16,63,-1726,39356.0,1008,0
0,0,2,70684,3,3,2788,1954,38,5,-834,17671.0,190,1
2,0,2,75210,0,3,14889,15574,58,38,685,18802.5,2204,0
9,0,2,85301,0,4,10501,14505,93,48,4004,17060.2,4464,1
4,2,2,98107,0,6,5715,6839,41,48,1124,14015.285714285714,1968,2
3,2,1,94424,0,4,4782,8634,53,35,3852,18884.8,1855,1
2,0,2,72153,0,1,4529,4134,44,28,-395,36076.5,1232,2
7,1,2,26612,2,0,3950,3403,34,54,-547,26612.0,1836,0
3,2,1,188266,1,7,5881,11848,57,43,5967,23533.25,2451,1
6,0,1,159093,1,9,11835,19669,15,51,7834,15909.3,765,1
3,2,1,95275,0,4,533,579,46,39,46,19055.0,1794,1
5,0,2,71965,0,2,570,846,58,49,276,23988.333333333332,2842,1
3,2,1,81622,0,3,3343,5407,47,30,2064,20405.5,1410,1
1,2,1,61741,4,6,11911,14447,71,48,2536,8820.142857142857,3408,1
4,2,2,92723,0,4,6935,5690,66,37,-1245,18544.6,2442,2
9,0,0,116135,0,4,13399,16435,61,5,3036,23227.0,305,1
1,2,1,57145,4,3,1007,1152,35,22,145,14286.25,770,1
3,2,1,75415,0,2,2522,1992,25,78,-530,25138.333333333332,1950,1
0,0,2,84949,3,3,6666,5326,17,27,-1340,21237.25,459,1
7,1,2,33096,2,1,6836,6495,23,44,-341,16548.0,1012,0
0,0,2,84678,3,5,13082,21436,1,67,8354,14113.0,67,1
9,0,0,135034,0,4,8080,13633,78,66,5553,27006.8,5148,2
6,0,1,153678,1,6,3661,5587,28,64,1926,21954.0,1792,1
9,0,0,97647,4,2,4129,7883,65,46,3754,32549.0,2990,1
4,2,2,75275,0,3,5106,7714,49,60,2608,18818.75,2940,1
9,0,2,99209,0,2,1974,2844,61,49,870,33069.666666666664,2989,1
3,2,1,89468,0,3,5467,4024,3,7,-1443,22367.0,21,1
9,0,2,78325,0,4,8590,13018,82,35,4428,15665.0,2870,1
9,0,0,100604,4,4,5099,6390,48,42,1291,20120.8,2016,1
6,0,1,110989,1,9,12035,17875,35,57,5840,11098.9,1995,1
9,0,2,103839,0,1,616,1046,53,71,430,51919.5,3763,1
0,0,2,78253,3,6,10960,9508,75,41,-1452,11179.0,3075,2
9,0,0,126959,0,2,14752,20511,87,22,5759,42319.666666666664,1914,1
3,2,1,171904,1,8,8697,18771,40,59,10074,19100.444444444445,2360,1
9,0,0,114517,4,3,9540,13700,93,42,4160,28629.25,3906,1
3,2,1,75020,0,3,12604,14813,57,38,2209,18755.0,2166,1
3,2,1,66735,0,4,11680,13295,38,42,1615,13347.0,1596,1
3,2,1,173403,1,4,3375,7857,23,24,4482,34680.6,552,1
3,2,1,150736,1,7,2601,1868,62,72,-733,18842.0,4464,1
9,0,0,156030,4,7,4753,6869,57,62,2116,19503.75,3534,1
0,0,2,97146,3,4,4234,5893,27,16,1659,19429.2,432,1
4,1,0,47597,2,0,13316,15078,53,27,1762,47597.0,1431,0
9,0,2,108499,0,4,14388,13489,51,28,-899,21699.8,1428,1
4,1,0,53470,2,2,11604,9927,64,31,-1677,17823.333333333332,1984,0
3,2,1,180957,1,7,4643,11514,30,22,6871,22619.625,660,1
6,0,1,155528,1,5,7937,7559,29,36,-378,25921.333333333332,1044,1
8,1,2,40941,0,2,11001,8639,28,23,-2362,13647.0,644,0
0,0,2,75852,3,3,5792,7222,17,5,1430,18963.0,85,1
0,0,2,92220,3,4,7166,9241,40,20,2075,18444.0,800,1
9,0,0,104079,0,4,11643,17666,71,17,6023,20815.8,1207,2
5,0,2,59784,0,3,8619,11193,43,40,2574,14946.0,1720,2
1,2,1,48377,4,6,12935,15258,32,40,2323,6911.0,1280,1
6,0,1,143485,1,3,12316,13677,37,44,1361,35871.25,1628,1
9,0,0,106461,4,3,5053,7567,63,11,2514,26615.25,693,1
1,2,1,43553,4,5,7854,6310,24,59,-1544,7258.833333333333,1416,1
9,0,0,117731,4,1,6920,7401,68,28,481,58865.5,1904,1
7,1,2,32839,2,0,1840,2100,14,27,260,32839.0,378,0
4,2,2,87290,0,4,915,1204,31,61,289,17458.0,1891,1
4,1,0,47499,2,0,7443,5260,24,41,-2183,47499.0,984,0
6,0,1,133091,1,5,4595,7520,40,29,2925,22181.833333333332,1160,1
9,0,0,138122,4,5,5894,4933,69,48,-961,23020.333333333332,3312,1
9,0,0,141024,0,4,10756,14982,64,39,4226,28204.8,2496,2
9,0,0,125147,4,2,8363,14731,84,39,6368,41715.666666666664,3276,1
4,2,2,86144,0,2,893,658,8,24,-235,28714.666666666668,192,2
4,2,2,90665,0,6,10761,8199,9,30,-2562,12952.142857142857,270,1
0,0,2,90803,3,2,4602,5794,16,28,1192,30267.666666666668,448,1
9,0,0,101046,0,0,8259,9054,100,46,795,101046.0,4600,1
7,1,2,27786,2,2,14139,16625,31,55,2486,9262.0,1705,0
0,0,2,107535,3,4,5965,9781,29,42,3816,21507.0,1218,1
4,2,2,82441,0,2,4378,5301,25,36,923,27480.333333333332,900,1
4,2,2,79758,0,4,10329,10840,21,40,511,15951.6,840,1
5,0,2,71522,0,3,13018,12466,49,54,-552,17880.5,2646,1
3,2,1,73282,0,4,7814,10685,20,30,2871,14656.4,600,1
9,0,0,90726,0,2,1901,2136,53,47,235,30242.0,2491,1
6,0,1,145199,1,8,1046,1080,4,62,34,16133.222222222223,248,1
7,1,2,25000,2,1,14388,12079,16,67,-2309,12500.0,1072,0
4,2,2,77965,0,3,2589,2417,52,43,-172,19491.25,2236,1
6,0,1,156907,1,8,13646,9847,63,69,-3799,17434.11111111111,4347,1
9,0,0,114949,4,6,5439,7463,56,19,2024,16421.285714285714,1064,1
3,2,1,78732,0,3,7575,15031,44,39,7456,19683.0,1716,1
9,0,0,100222,0,3,11601,20376,67,45,8775,25055.5,3015,1
1,2,1,56566,4,3,1355,1497,15,39,142,14141.5,585,1
0,0,2,84377,3,3,6749,10621,68,75,3872,21094.25,5100,1
9,0,0,115750,0,2,10613,7636,77,53,-2977,38583.333333333336,4081,1
9,0,2,118972,0,4,14665,13409,61,34,-1256,23794.4,2074,1
4,2,2,107959,0,5,11308,18707,38,31,7399,17993.166666666668,1178,2
9,0,0,124447,4,1,7928,8379,63,24,451,62223.5,1512,1
5,0,2,54434,0,1,13527,21384,37,31,7857,27217.0,1147,2
6,0,1,105933,1,7,10661,10186,43,56,-475,13241.625,2408,1
9,0,0,94609,0,1,6064,6027,60,47,-37,47304.5,2820,1
5,0,2,58404,0,2,8974,10831,18,25,1857,19468.0,450,1
3,2,1,141753,1,6,3653,8575,43,25,4922,20250.428571428572,1075,1
9,0,0,122282,0,0,701,616,62,14,-85,122282.0,868,2
4,1,0,42542,2,3,1606,1459,73,30,-147,10635.5,2190,0
4,2,2,102489,0,1,14275,20219,59,32,5944,51244.5,1888,1
6,0,1,155908,1,6,9891,13728,0,67,3837,22272.571428571428,0,1
3,2,1,89055,0,4,8837,13555,51,54,4718,17811.0,2754,1
7,1,2,36353,2,0,7397,6711,40,41,-686,36353.0,1640,0
4,1,0,37516,2,2,10672,9590,28,17,-1082,12505.333333333334,476,0
9,0,0,132110,4,5,4483,6098,70,61,1615,22018.333333333332,4270,1
4,2,2,101546,0,3,1222,1070,63,35,-152,25386.5,2205,2
9,0,0,124071,4,5,5606,4488,87,22,-1118,20678.5,1914,1
8,1,2,38318,0,5,8907,9057,13,52,150,6386.333333333333,676,0
2,0,2,63520,0,3,10062,10595,19,24,533,15880.0,456,0
4,2,2,93130,0,4,2885,3966,17,39,1081,18626.0,663,1
5,0,2,61021,0,2,5557,4343,34,54,-1214,20340.333333333332,1836,2
7,1,2,29528,2,0,5268,4481,27,15,-787,29528.0,405,0
9,0,0,127151,4,1,8981,14100,83,39,5119,63575.5,3237,1
3,2,1,82758,0,1,11613,9411,38,50,-2202,41379.0,1900,1
9,0,0,113085,4,5,4389,8656,100,44,4267,18847.5,4400,1
0,0,2,104777,3,1,14183,13585,29,51,-598,52388.5,1479,1
0,0,2,87665,3,6,1394,2007,43,21,613,12523.57142857143,903,1
7,1,2,30727,2,1,3701,3336,14,95,-365,15363.5,1330,0
3,2,1,80863,0,4,3797,2819,19,56,-978,16172.6,1064,1
7,1,2,37366,2,3,3602,2753,11,32,-849,9341.5,352,0
4,1,0,43396,2,5,11835,9538,23,52,-2297,7232.666666666667,1196,0
3,2,1,205397,1,7,11844,13245,32,89,1401,25674.625,2848,1
0,0,2,80008,3,8,9976,13089,50,26,3113,8889.777777777777,1300,1
7,1,2,34401,2,0,10594,8433,58,36,-2161,34401.0,2088,0
8,1,2,41332,0,2,5884,6819,51,52,935,13777.333333333334,2652,0
9,0,0,129808,0,3,7943,13242,61,39,5299,32452.0,2379,1
5,0,2,64387,0,2,4094,3455,29,47,-639,21462.333333333332,1363,2
3,2,1,99567,0,6,4154,5194,33,62,1040,14223.857142857143,2046,1
5,0,2,63455,0,3,10722,13336,0,53,2614,15863.75,0,1
9,0,2,102677,0,5,8376,6573,62,50,-1803,17112.833333333332,3100,1
4,2,2,85684,0,5,12625,18246,56,73,5621,14280.666666666666,4088,1
9,0,2,97085,0,4,7058,9018,56,60,1960,19417.0,3360,2
0,0,2,91010,3,4,610,497,51,45,-113,18202.0,2295,1
9,0,0,146534,4,2,1708,3346,40,20,1638,48844.666666666664,800,1
9,0,0,113362,4,5,9588,18998,100,47,9410,18893.666666666668,4700,1
9,0,0,114107,4,2,5260,8926,37,52,3666,38035.666666666664,1924,1
9,0,2,111802,0,3,10843,12636,60,38,1793,27950.5,2280,1
6,0,1,135079,1,8,13042,10267,0,19,-2775,15008.777777777777,0,1
9,0,0,130945,4,3,986,1686,82,57,700,32736.25,4674,1
9,0,2,84958,0,6,5154,4268,48,26,-886,12136.857142857143,1248,1
9,0,2,105270,0,3,4792,5738,100,19,946,26317.5,1900,1
7,1,2,25297,2,2,14386,10184,47,36,-4202,8432.333333333334,1692,0
9,0,2,79798,0,2,3425,4801,62,8,1376,26599.333333333332,496,1
9,0,0,139300,4,7,3384,6299,72,74,2915,17412.5,5328,1
6,0,1,109824,1,7,2157,4091,10,20,1934,13728.0,200,1
0,0,2,91852,3,0,11599,13117,13,56,1518,91852.0,728,1
8,1,2,40323,0,2,11229,10478,24,56,-751,13441.0,1344,0
7,1,2,25000,2,0,3944,2997,25,35,-947,25000.0,875,0
5,0,2,54595,0,3,4434,6582,46,51,2148,13648.75,2346,2
4,2,2,101325,0,0,6600,6096,35,47,-504,101325.0,1645,2
1,2,1,60002,4,5,13591,13394,53,65,-197,10000.333333333334,3445,1
6,0,1,162942,1,6,7606,14256,27,34,6650,23277.428571428572,918,1
9,0,0,85070,0,1,2866,4695,77,67,1829,42535.0,5159,1
4,2,2,68179,0,4,3607,5217,41,20,1610,13635.8,820,2
1,2,1,51634,4,2,6696,6735,32,11,39,17211.333333333332,352,1
7,1,2,33754,2,2,10323,12472,69,40,2149,11251.333333333334,2760,0
3,2,1,78491,0,5,4506,4125,74,46,-381,13081.833333333334,3404,1
4,2,2,104898,0,2,10593,16179,44,81,5586,34966.0,3564,1
9,0,2,92760,0,5,14499,13728,85,22,-771,15460.0,1870,2
2,0,2,59174,0,0,13436,17993,21,80,4557,59174.0,1680,2
7,1,2,25000,2,0,4549,3893,30,54,-656,25000.0,1620,0
3,2,1,65348,0,3,13535,26097,59,61,12562,16337.0,3599,1
0,0,2,74837,3,5,2571,3564,38,35,993,12472.833333333334,1330,2
3,2,1,219589,1,4,8511,16947,45,52,8436,43917.8,2340,1
4,1,0,44171,2,2,1833,1766,48,76,-67,14723.666666666666,3648,0
4,2,2,81132,0,1,11370,15307,41,27,3937,40566.0,1107,2
9,0,0,110098,0,2,3243,3830,72,50,587,36699.333333333336,3600,1
8,1,2,40455,0,2,12809,13260,49,43,451,13485.0,2107,0
7,1,2,33566,2,0,8668,7898,3,41,-770,33566.0,123,0
5,0,2,64146,0,1,3432,4274,73,48,842,32073.0,3504,2
4,1,0,49356,2,3,6625,6621,45,78,-4,12339.0,3510,0
4,1,0,37964,2,0,8418,8031,85,46,-387,37964.0,3910,0
5,0,2,62460,0,2,4896,6553,24,74,1657,20820.0,1776,2
8,1,2,49590,0,1,10954,14544,29,59,3590,24795.0,1711,0
3,2,1,101384,0,3,1099,1604,20,49,505,25346.0,980,1
9,0,2,89766,0,5,3825,6355,89,9,2530,14961.0,801,1
0,0,2,87147,3,5,4340,4325,46,75,-15,14524.5,3450,2
9,0,2,112304,0,3,5513,4253,86,54,-1260,28076.0,4644,1
6,0,1,148181,1,7,6678,5504,41,23,-1174,18522.625,943,1
9,0,0,147877,4,4,14302,30533,73,35,16231,29575.4,2555,1
2,0,2,86410,0,3,9520,10870,13,82,1350,21602.5,1066,0
9,0,0,122274,4,5,12814,19568,46,38,6754,20379.0,1748,1
2,0,2,63521,0,4,7782,7156,51,56,-626,12704.2,2856,0
7,1,2,28611,2,0,4271,3993,58,57,-278,28611.0,3306,0
9,0,0,156665,4,3,8122,11381,86,37,3259,39166.25,3182,1
3,2,1,151755,1,10,6011,11282,38,43,5271,13795.90909090909,1634,1
5,0,2,63651,0,2,8160,8218,45,63,58,21217.0,2835,1
8,1,2,34468,0,2,6521,5395,40,46,-1126,11489.333333333334,1840,0
7,1,2,33510,2,0,4973,4730,31,36,-243,33510.0,1116,0
9,0,0,106125,4,0,3442,6601,66,48,3159,106125.0,3168,1
9,0,2,103385,0,5,4851,5926,54,74,1075,17230.833333333332,3996,1
7,1,2,28596,2,0,1850,1847,42,61,-3,28596.0,2562,0
0,0,2,80535,3,3,8720,13552,26,66,4832,20133.75,1716,1
1,2,1,54197,4,4,11045,15966,47,40,4921,10839.4,1880,1
4,2,2,90152,0,4,5028,4454,62,48,-574,18030.4,2976,1
9,0,0,112602,0,4,2442,3203,73,55,761,22520.4,4015,2
7,1,2,27307,2,0,1127,1005,13,36,-122,27307.0,468,0
9,0,2,86138,0,3,5968,8558,63,42,2590,21534.5,2646,1
3,2,1,75920,0,2,5894,5766,37,63,-128,25306.666666666668,2331,1
2,0,2,74194,0,2,12709,16226,11,59,3517,24731.333333333332,649,0
9,0,2,93915,0,5,12061,17526,70,60,5465,15652.5,4200,1
9,0,0,140298,4,2,14508,22010,38,37,7502,46766.0,1406,1
6,0,1,146664,1,6,4778,3847,46,50,-931,20952.0,2300,1
4,2,2,96348,0,1,5406,5767,46,44,361,48174.0,2024,2
0,0,2,96943,3,3,6179,6424,78,34,245,24235.75,2652,1
8,1,2,42939,0,0,13965,10516,30,52,-3449,42939.0,1560,0
4,2,2,78039,0,4,11236,8465,33,65,-2771,15607.8,2145,1
5,0,2,75834,0,3,11216,11938,17,42,722,18958.5,714,2
4,2,2,80309,0,3,2945,4633,22,63,1688,20077.25,1386,1
9,0,2,108124,0,3,4217,4511,79,25,294,27031.0,1975,1
5,0,2,72984,0,1,4329,3031,33,43,-1298,36492.0,1419,1
3,2,1,175354,1,6,13377,16586,42,32,3209,25050.571428571428,1344,1
4,2,2,70904,0,2,8179,10121,26,82,1942,23634.666666666668,2132,2
7,1,2,25083,2,1,13474,10608,44,52,-2866,12541.5,2288,0
7,1,2,25000,2,0,14357,14004,43,31,-353,25000.0,1333,0
8,1,2,40799,0,2,13117,12084,50,36,-1033,13599.666666666666,1800,0
9,0,2,103662,0,3,7687,5662,53,58,-2025,25915.5,3074,1
0,0,2,89079,3,4,9649,6975,28,61,-2674,17815.8,1708,1
7,1,2,35347,2,0,2776,2698,30,26,-78,35347.0,780,0
0,0,2,86894,3,3,2602,3487,50,72,885,21723.5,3600,2
4,1,0,40069,2,0,658,801,56,69,143,40069.0,3864,0
4,2,2,76309,0,2,11294,14927,36,42,3633,25436.333333333332,1512,2
7,1,2,29508,2,0,4194,4352,29,31,158,29508.0,899,0
8,1,2,33605,0,0,11735,12754,32,21,1019,33605.0,672,0
4,2,2,85626,0,4,13257,16012,50,70,2755,17125.2,3500,2
2,0,2,58823,0,2,5842,6889,29,37,1047,19607.666666666668,1073,0
9,0,0,143327,4,5,9799,8303,46,62,-1496,23887.833333333332,2852,1
6,0,1,143164,1,10,2779,3138,39,30,359,13014.90909090909,1170,1
7,1,2,26605,2,3,9809,7895,52,29,-1914,6651.25,1508,0
6,0,1,160371,1,8,10458,15447,65,59,4989,17819.0,3835,1
0,0,2,90301,3,3,6904,8637,38,29,1733,22575.25,1102,1
9,0,2,106165,0,2,6900,11785,71,34,4885,35388.333333333336,2414,1
1,2,1,56665,4,4,6831,9693,48,42,2862,11333.0,2016,1
5,0,2,61332,0,1,2279,2917,21,62,638,30666.0,1302,2
3,2,1,174206,1,12,7897,10295,40,24,2398,13400.461538461539,960,1
9,0,0,94861,0,0,3308,2605,44,5,-703,94861.0,220,1
3,2,1,85172,0,2,9558,18609,35,12,9051,28390.666666666668,420,1
9,0,0,126934,4,3,14040,16202,69,41,2162,31733.5,2829,1
5,0,2,80376,0,5,939,899,56,41,-40,13396.0,2296,1
9,0,2,98143,0,7,1638,2650,100,34,1012,12267.875,3400,1
2,0,2,63333,0,3,3873,4739,17,8,866,15833.25,136,2
2,0,2,56861,0,4,11306,11263,47,17,-43,11372.2,799,0
9,0,0,97378,0,1,7949,12034,49,51,4085,48689.0,2499,1
7,1,2,32637,2,3,8995,6853,15,42,-2142,8159.25,630,0
9,0,0,133199,4,4,5853,5464,95,43,-389,26639.8,4085,1
8,1,2,29650,0,2,3072,3709,41,27,637,9883.333333333334,1107,0
9,0,0,122412,4,3,9289,14379,63,50,5090,30603.0,3150,1
5,0,2,73058,0,4,12675,17186,30,59,4511,14611.6,1770,1
8,1,2,38290,0,0,14683,13226,38,52,-1457,38290.0,1976,2
9,0,0,127348,4,4,14761,27400,48,40,12639,25469.6,1920,1
2,0,2,80024,0,2,7581,12064,56,46,4483,26674.666666666668,2576,0
9,0,0,144202,4,5,10391,11883,99,64,1492,24033.666666666668,6336,1
2,0,2,85284,0,4,10125,14887,19,51,4762,17056.8,969,0
1,2,1,54823,4,6,12243,16536,36,68,4293,7831.857142857143,2448,1
2,0,2,78445,0,0,3804,4143,46,65,339,78445.0,2990,0
9,0,0,118044,4,1,7802,10455,68,59,2653,59022.0,4012,1
0,0,2,75543,3,3,7041,6364,14,35,-677,18885.75,490,1
4,2,2,96841,0,2,4544,7626,39,41,3082,32280.333333333332,1599,2
7,1,2,32748,2,2,9826,11349,40,60,1523,10916.0,2400,0
5,0,2,59564,0,2,8080,8305,19,65,225,19854.666666666668,1235,2
9,0,0,156104,4,3,12579,24449,57,49,11870,39026.0,2793,1
2,0,2,69970,0,5,11088,8825,4,25,-2263,11661.666666666666,100,2
7,1,2,31416,2,0,11973,8936,25,29,-3037,31416.0,725,0
8,1,2,38289,0,2,10543,8449,24,33,-2094,12763.0,792,0
8,1,2,37031,0,1,4581,5954,30,73,1373,18515.5,2190,0
6,0,1,160996,1,7,10620,13937,64,61,3317,20124.5,3904,1
5,0,2,54762,0,1,6802,6412,0,5,-390,27381.0,0,2
4,1,0,50361,2,4,9816,9131,66,38,-685,10072.2,2508,0
8,1,2,43177,0,1,11946,15857,56,54,3911,21588.5,3024,0
9,0,2,121915,0,3,14762,19860,55,39,5098,30478.75,2145,1
2,0,2,63123,0,1,14959,11268,33,42,-3691,31561.5,1386,2
2,0,2,74721,0,1,11422,8476,69,45,-2946,37360.5,3105,2
4,1,0,46725,2,2,12403,11499,20,60,-904,15575.0,1200,0
6,0,1,149310,1,6,8585,8726,50,45,141,21330.0,2250,1
4,2,2,87628,0,4,9557,14142,31,35,4585,17525.6,1085,2
7,1,2,32724,2,0,1753,1716,24,66,-37,32724.0,1584,0
1,2,1,52667,4,4,13058,15020,64,47,1962,10533.4,3008,1
8,1,2,39039,0,2,7888,9490,51,57,1602,13013.0,2907,0
2,0,2,79995,0,4,3897,3641,55,55,-256,15999.0,3025,0
9,0,0,120388,4,2,8072,12189,100,39,4117,40129.333333333336,3900,1
9,0,0,122346,0,2,10967,14386,78,47,3419,40782.0,3666,1
8,1,2,39313,0,2,6130,8006,37,89,1876,13104.333333333334,3293,0
0,0,2,83863,3,4,3685,4553,45,47,868,16772.6,2115,1
9,0,0,125236,4,2,675,590,46,69,-85,41745.333333333336,3174,1
9,0,0,108984,0,1,12117,18181,100,55,6064,54492.0,5500,1
7,1,2,33454,2,2,11482,13724,41,37,2242,11151.333333333334,1517,0
5,0,2,60875,0,3,8058,12377,60,31,4319,15218.75,1860,1
9,0,0,98566,0,5,9485,14463,61,59,4978,16427.666666666668,3599,1
4,1,0,54404,2,2,7671,8826,31,88,1155,18134.666666666668,2728,0
5,0,2,64673,0,2,13941,19305,40,48,5364,21557.666666666668,1920,1
0,0,2,88877,3,5,3143,2571,23,63,-572,14812.833333333334,1449,1
0,0,2,69491,3,5,795,906,48,55,111,11581.833333333334,2640,1
9,0,0,107796,0,5,3403,6051,70,56,2648,17966.0,3920,1
9,0,0,95416,0,4,9259,12081,85,37,2822,19083.2,3145,2
9,0,0,112638,4,4,1771,3601,56,27,1830,22527.6,1512,1
3,2,1,90731,0,1,4976,5022,9,58,46,45365.5,522,1
5,0,2,57602,0,1,6366,4559,41,62,-1807,28801.0,2542,1
9,0,2,82871,0,1,12204,20576,55,18,8372,41435.5,990,1
6,0,1,117019,1,6,11559,11107,48,58,-452,16717.0,2784,1
9,0,2,107492,0,4,7742,7590,14,35,-152,21498.4,490,1
0,0,2,77883,3,4,10900,8543,21,28,-2357,15576.6,588,1
3,2,1,82361,0,2,11355,8946,19,41,-2409,27453.666666666668,779,1
8,1,2,35903,0,4,11810,10968,29,19,-842,7180.6,551,0
5,0,2,70277,0,3,1358,1111,24,29,-247,17569.25,696,2
9,0,0,130909,4,4,1297,2232,58,29,935,26181.8,1682,1
4,2,2,84254,0,6,3805,3959,32,61,154,12036.285714285714,1952,2
7,1,2,35290,2,0,4408,3331,21,57,-1077,35290.0,1197,0
9,0,0,89444,0,3,762,1126,85,60,364,22361.0,5100,1
9,0,0,120423,4,5,738,685,47,31,-53,20070.5,1457,1
0,0,2,75404,3,5,3648,4563,16,67,915,12567.333333333334,1072,1
9,0,2,89554,0,4,14955,19436,73,64,4481,17910.8,4672,1
4,2,2,83035,0,4,14186,12421,43,41,-1765,16607.0,1763,2
4,1,0,48627,2,1,3236,3027,49,42,-209,24313.5,2058,0
8,1,2,40666,0,3,8896,9825,28,50,929,10166.5,1400,0
0,0,2,84569,3,6,5859,4459,14,55,-1400,12081.285714285714,770,1
1,2,1,60265,4,4,10769,12957,35,41,2188,12053.0,1435,1
3,2,1,169286,1,8,3893,4760,28,36,867,18809.555555555555,1008,1
8,1,2,43236,0,0,7510,8832,29,21,1322,43236.0,609,0
9,0,2,88856,0,2,4002,6401,57,73,2399,29618.666666666668,4161,1
7,1,2,34830,2,0,5798,4889,19,41,-909,34830.0,779,0
9,0,0,102671,4,3,7088,10841,79,52,3753,25667.75,4108,1
9,0,0,104163,4,5,6876,8451,79,64,1575,17360.5,5056,1
5,0,2,72238,0,2,4106,6384,20,50,2278,24079.333333333332,1000,2
3,2,1,77591,0,4,13854,17551,33,31,3697,15518.2,1023,1
3,2,1,83537,0,6,10722,10488,22,53,-234,11933.857142857143,1166,1
9,0,0,108430,4,4,1603,1425,69,43,-178,21686.0,2967,1
8,1,2,30132,0,2,5440,5086,16,53,-354,10044.0,848,0
5,0,2,76392,0,2,2168,3435,47,46,1267,25464.0,2162,1
4,2,2,104345,0,4,14434,18201,38,59,3767,20869.0,2242,1
9,0,0,112561,4,4,4627,9236,52,38,4609,22512.2,1976,1
3,2,1,144869,1,8,5814,8268,54,46,2454,16096.555555555555,2484,1
3,2,1,86265,0,4,13138,11332,0,71,-1806,17253.0,0,1
7,1,2,32800,2,2,3372,2853,45,48,-519,10933.333333333334,2160,0
0,0,2,89290,3,3,11417,10022,54,58,-1395,22322.5,3132,1
9,0,0,109085,0,2,5990,7661,80,46,1671,36361.666666666664,3680,1
3,2,1,162283,1,7,10085,14195,27,23,4110,20285.375,621,1
8,1,2,39009,0,2,8872,11554,45,61,2682,13003.0,2745,0
1,2,1,51399,4,4,10125,7451,31,51,-2674,10279.8,1581,1
9,0,2,92556,0,4,847,1400,90,42,553,18511.2,3780,1
4,2,2,93666,0,6,2532,2532,24,46,0,13380.857142857143,1104,1
9,0,2,82988,0,4,12589,12689,82,54,100,16597.6,4428,1
4,2,2,84310,0,3,4490,4192,61,17,-298,21077.5,1037,1
9,0,0,110210,0,2,1481,2729,74,50,1248,36736.666666666664,3700,1
7,1,2,31181,2,2,8671,10558,29,43,1887,10393.666666666666,1247,0
9,0,2,74898,0,2,2984,2754,89,28,-230,24966.0,2492,2
9,0,2,94040,0,3,11019,9038,78,74,-1981,23510.0,5772,1
9,0,2,93036,0,3,12383,18702,42,53,6319,23259.0,2226,2
5,0,2,55929,0,3,12611,18054,49,48,5443,13982.25,2352,2
9,0,0,138593,4,5,5056,10669,85,62,5613,23098.833333333332,5270,1
3,2,1,88181,0,4,13393,24139,29,26,10746,17636.2,754,1
1,2,1,51367,4,6,13472,13797,48,40,325,7338.142857142857,1920,2
3,2,1,80271,0,5,13815,19956,19,41,6141,13378.5,779,1
4,2,2,95003,0,5,888,1393,58,95,505,15833.833333333334,5510,2
0,0,2,90660,3,5,12507,12000,27,51,-507,15110.0,1377,1
7,1,2,28871,2,1,4469,3500,31,50,-969,14435.5,1550,0
1,2,1,50637,4,6,1385,1644,38,81,259,7233.857142857143,3078,1
4,2,2,96541,0,3,11761,9860,70,14,-1901,24135.25,980,1
3,2,1,168662,1,6,14798,19518,21,64,4720,24094.571428571428,1344,1
1,2,1,50970,4,2,5769,4526,31,35,-1243,16990.0,1085,1
5,0,2,70442,0,0,10818,11890,51,57,1072,70442.0,2907,1
9,0,0,121223,0,2,14751,19048,62,24,4297,40407.666666666664,1488,2
9,0,0,105359,0,2,3653,6145,73,5,2492,35119.666666666664,365,1
3,2,1,80963,0,4,2818,2779,53,18,-39,16192.6,954,1
9,0,0,113743,4,6,2003,3891,45,33,1888,16249.0,1485,1
3,2,1,180658,1,7,9492,11035,29,48,1543,22582.25,1392,1
9,0,2,99512,0,4,8813,6234,79,40,-2579,19902.4,3160,1
8,1,2,37688,0,0,12378,11804,14,81,-574,37688.0,1134,0
2,0,2,63252,0,2,3189,4265,30,15,1076,21084.0,450,0
9,0,2,106121,0,3,7447,9581,70,28,2134,26530.25,1960,1
3,2,1,150732,1,11,4579,8870,69,24,4291,12561.0,1656,1
2,0,2,75801,0,4,9944,11272,47,38,1328,15160.2,1786,2
3,2,1,74086,0,3,3799,6435,32,54,2636,18521.5,1728,1
0,0,2,82236,3,6,13300,20271,0,28,6971,11748.0,0,2
9,0,0,119180,0,2,6391,5449,95,28,-942,39726.666666666664,2660,1
8,1,2,42838,0,1,3248,2749,39,47,-499,21419.0,1833,0
5,0,2,72269,0,4,7425,10751,62,65,3326,14453.8,4030,1
3,2,1,194446,1,8,12541,29769,44,14,17228,21605.11111111111,616,1
4,2,2,96617,0,4,3053,4993,21,54,1940,19323.4,1134,2
9,0,0,135146,4,5,12983,24066,64,65,11083,22524.333333333332,4160,1
8,1,2,41991,0,2,14492,18214,36,47,3722,13997.0,1692,0
4,2,2,92232,0,3,5418,4866,30,60,-552,23058.0,1800,2
1,2,1,45418,4,3,3003,4501,23,75,1498,11354.5,1725,1
4,1,0,45907,2,0,3378,3665,24,44,287,45907.0,1056,0
8,1,2,41649,0,0,8096,8611,11,47,515,41649.0,517,0
5,0,2,55768,0,3,5140,4288,66,30,-852,13942.0,1980,1
1,2,1,59855,4,4,10429,14960,20,53,4531,11971.0,1060,1
9,0,0,99264,0,2,5959,7555,47,64,1596,33088.0,3008,1
4,1,0,49255,2,1,8188,8484,58,66,296,24627.5,3828,0
9,0,0,142983,4,4,3606,4983,97,67,1377,28596.6,6499,1
9,0,0,113280,4,0,14617,16560,52,52,1943,113280.0,2704,1
4,1,0,43801,2,1,12384,13306,8,19,922,21900.5,152,0
5,0,2,62888,0,3,7128,7215,23,46,87,15722.0,1058,2
8,1,2,39659,0,0,12660,15126,31,20,2466,39659.0,620,0
8,1,2,34983,0,4,8520,6964,6,71,-1556,6996.6,426,0
3,2,1,85089,0,1,10138,19785,72,60,9647,42544.5,4320,1
8,1,2,41571,0,3,14999,14470,25,41,-529,10392.75,1025,0
6,0,1,143563,1,6,2539,3421,66,35,882,20509.0,2310,1
6,0,1,147397,1,4,9766,8050,4,40,-1716,29479.4,160,1
9,0,2,88226,0,1,13000,22217,71,60,9217,44113.0,4260,1
2,0,2,76657,0,4,13136,9892,52,48,-3244,15331.4,2496,0
1,2,1,58877,4,6,12118,12478,64,63,360,8411.0,4032,1
3,2,1,90712,0,3,11780,11825,42,34,45,22678.0,1428,1
4,1,0,44888,2,4,1445,1515,25,44,70,8977.6,1100,0
6,0,1,129119,1,6,7447,10904,31,62,3457,18445.571428571428,1922,1
9,0,2,83512,0,3,8327,13792,53,66,5465,20878.0,3498,1
6,0,1,165159,1,7,13822,12185,11,47,-1637,20644.875,517,1
3,2,1,101842,0,8,12076,17934,49,77,5858,11315.777777777777,3773,1
4,1,0,42286,2,0,11406,12245,40,47,839,42286.0,1880,0
2,0,2,68035,0,2,10419,16544,64,32,6125,22678.333333333332,2048,0
3,2,1,77795,0,2,2914,2322,32,30,-592,25931.666666666668,960,1
9,0,2,77013,0,2,10365,10692,62,56,327,25671.0,3472,1
3,2,1,75146,0,4,14287,26945,51,40,12658,15029.2,2040,1
9,0,0,112443,4,2,2412,2663,62,20,251,37481.0,1240,1
3,2,1,78451,0,4,12159,16693,35,25,4534,15690.2,875,1
8,1,2,39559,0,2,12068,11097,20,25,-971,13186.333333333334,500,0
6,0,1,133985,1,9,1816,1866,37,34,50,13398.5,1258,1
6,0,1,128273,1,7,3593,6730,68,50,3137,16034.125,3400,1
9,0,0,134396,4,5,14094,14350,59,47,256,22399.333333333332,2773,1
2,0,2,64956,0,0,11835,18411,42,38,6576,64956.0,1596,0
1,2,1,45527,4,5,9235,8271,44,49,-964,7587.833333333333,2156,1
3,2,1,180902,1,7,5545,6121,38,71,576,22612.75,2698,1
4,2,2,89893,0,5,14858,14967,50,18,109,14982.166666666666,900,2
9,0,0,117125,0,2,10923,14500,80,36,3577,39041.666666666664,2880,1
4,2,2,67207,0,4,13566,21884,85,44,8318,13441.4,3740,1
0,0,2,70792,3,4,2838,2596,11,25,-242,14158.4,275,1
4,1,0,52843,2,1,3932,4032,0,31,100,26421.5,0,0
4,1,0,43109,2,2,5547,4483,22,47,-1064,14369.666666666666,1034,0
9,0,0,127752,4,4,13875,30823,60,39,16948,25550.4,2340,1
9,0,0,131629,4,3,2087,2822,73,37,735,32907.25,2701,1
4,2,2,108380,0,5,11908,8652,52,21,-3256,18063.333333333332,1092,1
1,2,1,53720,4,5,7329,8817,62,53,1488,8953.333333333334,3286,1
4,1,0,40912,2,3,7560,6323,55,24,-1237,10228.0,1320,0
9,0,0,143755,4,3,6638,9714,42,45,3076,35938.75,1890,1
4,1,0,48591,2,2,2700,2949,36,61,249,16197.0,2196,0
5,0,2,67815,0,3,3481,3287,63,49,-194,16953.75,3087,1
9,0,0,105004,0,3,7883,6626,40,17,-1257,26251.0,680,1
0,0,2,83315,3,7,3982,4769,43,22,787,10414.375,946,1
9,0,2,96573,0,5,1466,1512,50,38,46,16095.5,1900,1
4,2,2,70031,0,5,12938,17806,44,46,4868,11671.833333333334,2024,2
2,0,2,54960,0,3,14780,20540,30,44,5760,13740.0,1320,0
5,0,2,49693,0,3,10770,8464,55,50,-2306,12423.25,2750,1
9,0,0,123214,0,5,14727,23777,49,5,9050,20535.666666666668,245,1
9,0,0,120093,0,3,5302,8744,74,69,3442,30023.25,5106,1
8,1,2,31356,0,1,2542,3078,46,28,536,15678.0,1288,0
9,0,0,127642,0,3,6105,8314,72,17,2209,31910.5,1224,1
3,2,1,158328,1,8,4346,8602,35,47,4256,17592.0,1645,1
5,0,2,70955,0,4,11523,18413,67,35,6890,14191.0,2345,1
9,0,0,143336,4,4,1500,1112,69,7,-388,28667.2,483,1
4,2,2,79297,0,2,618,939,51,54,321,26432.333333333332,2754,1
4,2,2,95980,0,3,1185,924,36,45,-261,23995.0,1620,1
9,0,2,74520,0,4,9057,10959,50,69,1902,14904.0,3450,1
8,1,2,45537,0,2,10379,12383,36,47,2004,15179.0,1692,0
4,2,2,90108,0,3,4855,4529,17,55,-326,22527.0,935,1
5,0,2,59869,0,2,12901,10791,5,61,-2110,19956.333333333332,305,2
3,2,1,206271,1,7,7536,8529,54,40,993,25783.875,2160,1
7,1,2,28462,2,0,11671,13970,3,47,2299,28462.0,141,0
7,1,2,30197,2,1,13883,15740,43,41,1857,15098.5,1763,2
7,1,2,32266,2,2,11396,8450,40,56,-2946,10755.333333333334,2240,0
8,1,2,45408,0,0,10507,8323,10,68,-2184,45408.0,680,0
7,1,2,25000,2,1,14804,17710,44,40,2906,12500.0,1760,0
4,2,2,108368,0,2,2141,2406,60,66,265,36122.666666666664,3960,1
5,0,2,60499,0,5,14762,13402,53,47,-1360,10083.166666666666,2491,1
4,1,0,48378,2,0,14187,11409,35,20,-2778,48378.0,700,0
9,0,0,128451,4,4,10361,11091,67,23,730,25690.2,1541,1
0,0,2,87911,3,2,9193,9808,33,56,615,29303.666666666668,1848,1
4,1,0,45633,2,1,12811,13539,54,14,728,22816.5,756,0
7,1,2,30901,2,0,7904,7909,38,60,5,30901.0,2280,0
3,2,1,84601,0,2,11295,15945,38,33,4650,28200.333333333332,1254,1
1,2,1,54399,4,5,7268,7616,5,54,348,9066.5,270,1
9,0,0,143811,4,6,10954,8776,42,34,-2178,20544.428571428572,1428,1
9,0,0,138729,4,3,10883,15755,100,36,4872,34682.25,3600,1
0,0,2,90826,3,5,1249,1735,53,42,486,15137.666666666666,2226,1
3,2,1,94974,0,3,7779,10594,60,73,2815,23743.5,4380,1
3,2,1,200111,1,7,8438,20497,50,58,12059,25013.875,2900,1
4,1,0,49375,2,1,10536,10823,23,60,287,24687.5,1380,0
7,1,2,31107,2,1,7510,5361,21,39,-2149,15553.5,819,0
3,2,1,83308,0,4,14542,19300,31,45,4758,16661.6,1395,1
4,1,0,44419,2,0,6805,7403,41,55,598,44419.0,2255,0
3,2,1,190439,1,9,3696,2812,37,28,-884,19043.9,1036,1
0,0,2,95223,3,3,9020,7868,30,5,-1152,23805.75,150,1
4,2,2,98309,0,5,14537,13101,29,70,-1436,16384.833333333332,2030,2
9,0,0,116882,4,5,2594,5107,63,50,2513,19480.333333333332,3150,1
4,2,2,102895,0,4,1926,2561,46,36,635,20579.0,1656,2
0,0,2,92021,3,5,11527,11241,50,49,-286,15336.833333333334,2450,2
0,0,2,79406,3,2,8148,7127,22,56,-1021,26468.666666666668,1232,2
6,0,1,121792,1,4,7811,8464,3,22,653,24358.4,66,1
5,0,2,62433,0,1,11356,17194,47,38,5838,31216.5,1786,1
9,0,2,84306,0,4,4487,5157,66,74,670,16861.2,4884,1
9,0,0,128899,4,4,12841,14968,57,17,2127,25779.8,969,1
9,0,0,125809,0,4,7625,6907,86,35,-718,25161.8,3010,1
9,0,0,121843,4,7,5849,8969,61,67,3120,15230.375,4087,1
4,2,2,101593,0,4,5093,8416,69,52,3323,20318.6,3588,1
4,1,0,42886,2,1,4720,4856,39,54,136,21443.0,2106,0
6,0,1,132698,1,5,11487,16653,48,60,5166,22116.333333333332,2880,1
3,2,1,89777,0,3,2724,3397,38,40,673,22444.25,1520,1
3,2,1,76582,0,2,12385,22873,29,53,10488,25527.333333333332,1537,1
9,0,0,93711,0,0,13534,14632,100,67,1098,93711.0,6700,1
0,0,2,84735,3,4,4166,3865,51,58,-301,16947.0,2958,2
4,2,2,88393,0,3,10341,11588,38,11,1247,22098.25,418,1
3,2,1,96315,0,4,6123,5213,22,56,-910,19263.0,1232,1
6,0,1,120340,1,7,12254,20148,16,59,7894,15042.5,944,1
3,2,1,84422,0,4,11020,8482,29,35,-2538,16884.4,1015,1
0,0,2,79030,3,3,7659,6353,12,61,-1306,19757.5,732,1
9,0,2,106945,0,5,4744,7719,89,25,2975,17824.166666666668,2225,1
2,0,2,62896,0,4,1936,2944,1,32,1008,12579.2,32,0
9,0,0,123876,0,1,6074,6170,75,45,96,61938.0,3375,2
6,0,1,140220,1,5,3582,6310,51,55,2728,23370.0,2805,1
3,2,1,193295,1,7,6525,16133,17,46,9608,24161.875,782,1
0,0,2,86325,3,5,5634,6351,42,38,717,14387.5,1596,1
3,2,1,208651,1,7,12573,9073,41,56,-3500,26081.375,2296,1
2,0,2,71489,0,4,1513,1197,24,59,-316,14297.8,1416,2
1,2,1,53308,4,0,3610,4889,39,46,1279,53308.0,1794,1
8,1,2,32649,0,1,5737,7249,41,32,1512,16324.5,1312,0
4,2,2,84421,0,3,11629,8563,34,44,-3066,21105.25,1496,1
1,2,1,39026,4,4,11374,9194,65,27,-2180,7805.2,1755,1
3,2,1,214880,1,7,4139,9531,14,42,5392,26860.0,588,1
8,1,2,35905,0,3,650,589,67,36,-61,8976.25,2412,0
0,0,2,83916,3,5,8046,9630,31,68,1584,13986.0,2108,1
9,0,0,102618,4,4,13871,22645,69,36,8774,20523.6,2484,1
0,0,2,89631,3,6,4086,3817,15,43,-269,12804.42857142857,645,1
3,2,1,90183,0,4,7967,13059,46,46,5092,18036.6,2116,1
3,2,1,155103,1,6,5143,9375,21,45,4232,22157.571428571428,945,1
4,1,0,46263,2,1,11401,11289,32,30,-112,23131.5,960,0
3,2,1,164251,1,7,5745,4501,42,17,-1244,20531.375,714,1
1,2,1,52582,4,6,11782,13595,0,37,1813,7511.714285714285,0,1
2,0,2,88510,0,2,14388,17580,16,74,3192,29503.333333333332,1184,2
5,0,2,60195,0,3,10839,13961,3,36,3122,15048.75,108,2
5,0,2,57232,0,0,5275,8214,38,50,2939,57232.0,1900,2
9,0,0,127295,4,1,13774,16911,78,10,3137,63647.5,780,1
9,0,0,144534,4,3,14064,21414,98,47,7350,36133.5,4606,1
0,0,2,81481,3,2,12503,11918,26,52,-585,27160.333333333332,1352,1
4,1,0,45709,2,3,12554,12599,27,52,45,11427.25,1404,0
6,0,1,139060,1,7,14679,19612,46,22,4933,17382.5,1012,1
0,0,2,103614,3,5,8487,12923,32,55,4436,17269.0,1760,2
2,0,2,72315,0,3,13853,18636,41,26,4783,18078.75,1066,2
9,0,0,141270,4,3,9477,16133,59,19,6656,35317.5,1121,1
7,1,2,25000,2,0,7421,7913,8,44,492,25000.0,352,0
7,1,2,28277,2,0,12914,11012,9,56,-1902,28277.0,504,0
8,1,2,38992,0,3,1676,1368,22,52,-308,9748.0,1144,2
4,1,0,40914,2,2,5137,4571,33,40,-566,13638.0,1320,0
4,1,0,54237,2,1,3696,4023,49,46,327,27118.5,2254,0
8,1,2,34970,0,3,2094,2122,59,30,28,8742.5,1770,0
7,1,2,29316,2,0,12825,10237,42,49,-2588,29316.0,2058,0
0,0,2,60098,3,5,13690,22524,46,44,8834,10016.333333333334,2024,1
0,0,2,90006,3,4,12125,10111,16,59,-2014,18001.2,944,1
5,0,2,59434,0,0,11225,14760,26,37,3535,59434.0,962,1
3,2,1,165260,1,5,2753,3403,21,7,650,27543.333333333332,147,1
4,1,0,43516,2,1,8404,6329,41,43,-2075,21758.0,1763,0
6,0,1,145083,1,7,2872,2128,0,22,-744,18135.375,0,1
9,0,2,81223,0,2,13678,15079,84,32,1401,27074.333333333332,2688,1
4,1,0,49795,2,1,11169,8720,19,41,-2449,24897.5,779,0
7,1,2,33525,2,1,12394,12556,12,42,162,16762.5,504,0
9,0,0,114011,0,3,11613,21704,53,34,10091,28502.75,1802,1
8,1,2,46443,0,1,7497,10105,10,39,2608,23221.5,390,0
6,0,1,122198,1,6,1422,2443,19,58,1021,17456.85714285714,1102,1
7,1,2,26475,2,0,8263,9748,17,40,1485,26475.0,680,0
9,0,0,114609,4,4,2422,3616,85,52,1194,22921.8,4420,1
3,2,1,73732,0,3,6045,5701,40,82,-344,18433.0,3280,1
8,1,2,35673,0,3,2934,3405,38,47,471,8918.25,1786,2
9,0,2,99929,0,4,1056,1329,56,34,273,19985.8,1904,1
9,0,2,98245,0,3,6998,11312,52,44,4314,24561.25,2288,1
2,0,2,78610,0,0,11771,12106,10,55,335,78610.0,550,0
9,0,0,150415,4,4,11195,13348,39,37,2153,30083.0,1443,1
4,2,2,92800,0,4,11834,10451,25,46,-1383,18560.0,1150,2
4,2,2,75278,0,4,8096,8263,26,61,167,15055.6,1586,2
2,0,2,76138,0,5,10860,10699,35,48,-161,12689.666666666666,1680,0
7,1,2,28102,2,0,690,730,33,43,40,28102.0,1419,0
9,0,0,129071,0,3,1853,1996,80,26,143,32267.75,2080,2
5,0,2,56892,0,3,11008,10474,25,57,-534,14223.0,1425,1
9,0,2,98261,0,4,877,698,72,42,-179,19652.2,3024,1
3,2,1,159757,1,8,9881,14918,13,24,5037,17750.777777777777,312,1
2,0,2,94286,0,1,11866,16874,34,43,5008,47143.0,1462,0
4,2,2,84249,0,5,10213,7193,38,50,-3020,14041.5,1900,2
8,1,2,36988,0,0,8432,11594,36,58,3162,36988.0,2088,0
2,0,2,68446,0,2,9862,10202,11,15,340,22815.333333333332,165,0
9,0,0,135735,0,5,5828,5043,85,41,-785,22622.5,3485,1
4,1,0,39987,2,2,14626,15242,31,5,616,13329.0,155,0
9,0,0,117093,4,5,7140,14356,64,43,7216,19515.5,2752,1
8,1,2,33753,0,1,9610,7687,19,24,-1923,16876.5,456,0
4,2,2,86400,0,3,13807,17214,39,50,3407,21600.0,1950,1
5,0,2,66830,0,2,1547,1382,42,51,-165,22276.666666666668,2142,1
0,0,2,88341,3,5,10080,14179,52,16,4099,14723.5,832,1
4,1,0,41784,2,1,13915,14479,53,74,564,20892.0,3922,0
4,2,2,114373,0,3,12836,19408,16,11,6572,28593.25,176,1
3,2,1,96552,0,3,2422,3759,44,73,1337,24138.0,3212,1
0,0,2,82843,3,7,10315,15844,32,62,5529,10355.375,1984,1
9,0,0,126694,4,2,9588,14836,68,48,5248,42231.333333333336,3264,1
4,2,2,81151,0,4,5649,6091,46,63,442,16230.2,2898,2
9,0,0,90986,4,4,2610,4141,100,29,1531,18197.2,2900,1
9,0,2,73577,0,5,11192,16799,73,36,5607,12262.833333333334,2628,1
9,0,0,118815,0,2,9715,17348,91,47,7633,39605.0,4277,1
0,0,2,85585,3,7,12838,12746,49,65,-92,10698.125,3185,1
9,0,0,105649,0,2,2543,1857,82,43,-686,35216.333333333336,3526,1
2,0,2,74820,0,3,6456,6935,40,61,479,18705.0,2440,2
9,0,0,148638,4,3,7431,9699,81,61,2268,37159.5,4941,1
9,0,2,92738,0,6,5425,8976,57,67,3551,13248.285714285714,3819,1
1,2,1,49554,4,7,13325,16226,27,63,2901,6194.25,1701,1
3,2,1,87582,0,7,9250,8534,26,32,-716,10947.75,832,1
9,0,0,156453,4,3,9954,8984,73,5,-970,39113.25,365,1
4,1,0,43309,2,3,5627,7274,38,71,1647,10827.25,2698,0
6,0,1,110209,1,5,6269,8929,48,74,2660,18368.166666666668,3552,1
1,2,1,50847,4,6,8865,9975,60,42,1110,7263.857142857143,2520,1
4,1,0,38320,2,1,2122,2220,41,41,98,19160.0,1681,0
9,0,2,93918,0,6,1101,973,92,16,-128,13416.857142857143,1472,1
9,0,0,101382,4,4,5410,10643,66,25,5233,20276.4,1650,1
9,0,0,94561,4,4,10365,8909,78,52,-1456,18912.2,4056,1
9,0,2,93510,0,2,10195,9487,46,47,-708,31170.0,2162,1
2,0,2,62679,0,4,2605,3723,16,29,1118,12535.8,464,0
8,1,2,37558,0,2,1718,2396,23,59,678,12519.333333333334,1357,0
2,0,2,73710,0,2,4770,7507,45,37,2737,24570.0,1665,2
3,2,1,107259,0,4,3175,4112,0,56,937,21451.8,0,1
5,0,2,65266,0,0,1864,2577,34,35,713,65266.0,1190,2
3,2,1,83326,0,3,7468,6143,39,62,-1325,20831.5,2418,1
1,2,1,53047,4,2,3838,4900,37,54,1062,17682.333333333332,1998,1
3,2,1,74382,0,4,12504,19648,20,41,7144,14876.4,820,1
3,2,1,91658,0,1,11916,9808,58,25,-2108,45829.0,1450,1
4,1,0,35780,2,0,6597,7865,51,34,1268,35780.0,1734,0
3,2,1,78336,0,3,11113,18779,27,57,7666,19584.0,1539,1
3,2,1,200038,1,8,3187,2749,43,54,-438,22226.444444444445,2322,1
0,0,2,80408,3,5,3014,3548,10,47,534,13401.333333333334,470,1
4,2,2,77316,0,5,7604,8284,61,41,680,12886.0,2501,1
9,0,0,122833,4,4,10389,17160,46,82,6771,24566.6,3772,1
9,0,0,116489,0,1,4925,8842,52,72,3917,58244.5,3744,2
1,2,1,64963,4,5,2302,1870,48,19,-432,10827.166666666666,912,1
8,1,2,35090,0,1,1580,1202,25,51,-378,17545.0,1275,0
3,2,1,81181,0,6,1957,2589,63,68,632,11597.285714285714,4284,1
6,0,1,150457,1,10,5964,4970,15,51,-994,13677.90909090909,765,1
9,0,0,132811,4,4,14735,33017,100,76,18282,26562.2,7600,1
2,0,2,75208,0,4,661,607,80,21,-54,15041.6,1680,0
8,1,2,39051,0,0,4140,2927,18,54,-1213,39051.0,972,0
9,0,0,118934,0,5,13324,20348,69,28,7024,19822.333333333332,1932,1
9,0,0,157195,4,3,9125,12808,62,44,3683,39298.75,2728,1
3,2,1,159350,1,9,13956,31219,26,69,17263,15935.0,1794,1
9,0,0,131268,0,4,9166,15959,74,46,6793,26253.6,3404,2
4,1,0,46638,2,2,9874,9692,17,68,-182,15546.0,1156,0
1,2,1,47752,4,3,4940,4017,34,66,-923,11938.0,2244,1
9,0,0,130918,0,3,1285,2057,97,38,772,32729.5,3686,1
7,1,2,26348,2,0,12818,10789,33,31,-2029,26348.0,1023,0
9,0,0,178235,4,4,6155,5477,74,47,-678,35647.0,3478,1
1,2,1,55204,4,5,10242,9514,38,15,-728,9200.666666666666,570,1
5,0,2,52894,0,3,10204,13568,69,52,3364,13223.5,3588,1
2,0,2,69828,0,3,655,726,27,55,71,17457.0,1485,0
4,1,0,42236,2,2,3047,2179,33,30,-868,14078.666666666666,990,0
9,0,0,146533,4,5,6706,14921,55,60,8215,24422.166666666668,3300,1
4,1,0,52817,2,2,4880,6273,0,48,1393,17605.666666666668,0,0
6,0,1,122691,1,7,12385,14750,61,60,2365,15336.375,3660,1
4,1,0,49868,2,2,13239,15683,52,61,2444,16622.666666666668,3172,0
3,2,1,70853,0,6,10472,9626,58,26,-846,10121.857142857143,1508,1
4,1,0,46938,2,2,8000,10179,21,43,2179,15646.0,903,0
5,0,2,61537,0,1,6299,5661,19,35,-638,30768.5,665,2
1,2,1,62804,4,5,5199,6064,19,52,865,10467.333333333334,988,1
8,1,2,42746,0,2,9029,6609,34,28,-2420,14248.666666666666,952,0
2,0,2,81308,0,2,10914,14314,27,33,3400,27102.666666666668,891,0
2,0,2,66848,0,4,7160,6567,18,67,-593,13369.6,1206,0
0,0,2,76284,3,2,1976,2715,30,48,739,25428.0,1440,1
9,0,0,130358,0,1,12459,12290,70,49,-169,65179.0,3430,1
9,0,0,81549,0,3,3205,2474,49,47,-731,20387.25,2303,2
9,0,0,118618,4,3,1885,1591,69,48,-294,29654.5,3312,1
1,2,1,52334,4,6,8574,6609,37,30,-1965,7476.285714285715,1110,1
8,1,2,32065,0,4,11592,13211,19,55,1619,6413.0,1045,0
6,0,1,120809,1,9,12473,14567,40,30,2094,12080.9,1200,1
5,0,2,71302,0,3,8656,9788,53,42,1132,17825.5,2226,1
3,2,1,77721,0,4,11588,15034,65,48,3446,15544.2,3120,1
4,1,0,47660,2,1,2542,2059,32,46,-483,23830.0,1472,0
9,0,0,131446,4,6,10597,7661,56,36,-2936,18778.0,2016,1
6,0,1,157901,1,5,14121,21731,31,29,7610,26316.833333333332,899,1
4,1,0,41709,2,3,7462,5307,0,70,-2155,10427.25,0,0
4,1,0,47422,2,0,6153,7260,28,27,1107,47422.0,756,0
4,1,0,40104,2,2,11332,14466,23,32,3134,13368.0,736,0
3,2,1,88735,0,6,10481,15136,33,41,4655,12676.42857142857,1353,1
3,2,1,181792,1,9,7850,15468,45,27,7618,18179.2,1215,1
3,2,1,90241,0,4,14949,26868,28,53,11919,18048.2,1484,1
6,0,1,144759,1,6,4187,4381,24,36,194,20679.85714285714,864,1
9,0,0,102613,0,6,6513,7105,47,50,592,14659.0,2350,1
1,2,1,55362,4,4,6288,7004,54,43,716,11072.4,2322,1
8,1,2,44522,0,2,8618,10190,71,37,1572,14840.666666666666,2627,0
9,0,0,115757,4,6,6615,9309,11,38,2694,16536.714285714286,418,1
7,1,2,30292,2,0,11625,8650,29,65,-2975,30292.0,1885,0
0,0,2,79008,3,3,9332,11788,55,38,2456,19752.0,2090,2
2,0,2,73865,0,1,5401,6444,39,52,1043,36932.5,2028,2
2,0,2,79728,0,2,4837,4031,47,77,-806,26576.0,3619,0
9,0,0,125488,4,3,12591,12385,79,59,-206,31372.0,4661,1
8,1,2,39174,0,1,4062,3976,29,56,-86,19587.0,1624,0
6,0,1,158880,1,6,11034,15312,32,21,4278,22697.14285714286,672,1
0,0,2,81196,3,7,1080,1527,15,56,447,10149.5,840,1
6,0,1,139095,1,6,10621,12421,45,29,1800,19870.714285714286,1305,1
9,0,0,96442,4,6,6328,5086,55,47,-1242,13777.42857142857,2585,1
3,2,1,233582,1,6,8042,14882,34,18,6840,33368.857142857145,612,1
2,0,2,83897,0,5,6298,4493,28,58,-1805,13982.833333333334,1624,0
9,0,0,151818,4,5,6229,11269,85,23,5040,25303.0,1955,1
8,1,2,37550,0,2,6308,6451,10,25,143,12516.666666666666,250,0
9,0,0,120618,0,2,7558,11318,79,35,3760,40206.0,2765,2
9,0,2,96868,0,4,1888,3003,87,26,1115,19373.6,2262,1
1,2,1,59137,4,3,3018,3792,38,39,774,14784.25,1482,1
9,0,0,112418,0,3,8485,12985,56,48,4500,28104.5,2688,1
9,0,0,136787,4,2,13106,28837,100,35,15731,45595.666666666664,3500,1
9,0,2,111580,0,1,8211,11956,74,62,3745,55790.0,4588,2
7,1,2,25081,2,1,5403,6610,45,87,1207,12540.5,3915,0
8,1,2,37583,0,2,3484,3368,1,32,-116,12527.666666666666,32,0
4,2,2,87768,0,3,4915,7352,15,25,2437,21942.0,375,1
5,0,2,65733,0,1,11252,14066,39,32,2814,32866.5,1248,1
9,0,0,128197,4,4,2791,2545,71,43,-246,25639.4,3053,1
4,1,0,46736,2,4,7610,8124,5,73,514,9347.2,365,0
7,1,2,32385,2,1,14976,17399,0,24,2423,16192.5,0,0
9,0,0,127443,0,1,3605,2604,57,47,-1001,63721.5,2679,1
9,0,0,121168,4,5,2690,3700,75,49,1010,20194.666666666668,3675,1
8,1,2,39158,0,1,12688,10924,21,18,-1764,19579.0,378,0
6,0,1,133982,1,8,1017,1280,37,45,263,14886.888888888889,1665,1
3,2,1,66082,0,2,3760,4351,36,28,591,22027.333333333332,1008,1
3,2,1,91008,0,5,4854,4277,40,31,-577,15168.0,1240,1
8,1,2,34885,0,2,8512,9932,41,48,1420,11628.333333333334,1968,0
5,0,2,57274,0,0,13604,13422,15,48,-182,57274.0,720,1
7,1,2,29738,2,0,12805,11204,15,35,-1601,29738.0,525,0
1,2,1,71316,4,5,12394,11988,14,73,-406,11886.0,1022,1
9,0,0,151768,4,6,2297,3419,63,43,1122,21681.14285714286,2709,1
4,2,2,89059,0,2,846,671,60,62,-175,29686.333333333332,3720,2
9,0,0,109032,4,4,6138,5740,88,50,-398,21806.4,4400,1
9,0,0,105364,4,4,13072,16626,76,54,3554,21072.8,4104,1
9,0,0,140072,4,4,11613,15897,100,68,4284,28014.4,6800,1
8,1,2,42471,0,3,10282,12238,47,40,1956,10617.75,1880,0
8,1,2,46326,0,2,8367,10263,31,61,1896,15442.0,1891,0
2,0,2,76276,0,4,8461,9204,48,47,743,15255.2,2256,0
4,2,2,101891,0,7,7527,7743,36,17,216,12736.375,612,1
3,2,1,189964,1,8,2998,4939,49,43,1941,21107.11111111111,2107,1
9,0,0,129318,4,6,4587,7778,95,20,3191,18474.0,1900,1
4,2,2,91162,0,4,2384,3550,2,39,1166,18232.4,78,1
4,1,0,46380,2,1,4552,4342,41,45,-210,23190.0,1845,0
9,0,2,78316,0,4,8264,7765,66,43,-499,15663.2,2838,1
4,1,0,50903,2,0,12467,11096,40,43,-1371,50903.0,1720,0
3,2,1,198077,1,10,3468,5018,63,57,1550,18007.0,3591,1
0,0,2,75017,3,1,10186,15490,57,32,5304,37508.5,1824,1
9,0,2,85899,0,5,2473,2931,82,40,458,14316.5,3280,1
8,1,2,41993,0,0,1128,1334,42,28,206,41993.0,1176,0
9,0,2,107200,0,2,2895,2120,40,61,-775,35733.333333333336,2440,1
9,0,0,127772,4,5,10600,17414,89,57,6814,21295.333333333332,5073,1
9,0,0,106348,0,2,14661,19037,53,59,4376,35449.333333333336,3127,2
8,1,2,37808,0,1,7173,6547,87,78,-626,18904.0,6786,0
2,0,2,63192,0,3,11971,11191,33,73,-780,15798.0,2409,0
9,0,2,87586,0,1,6007,6510,68,23,503,43793.0,1564,1
5,0,2,61793,0,0,1505,1231,9,28,-274,61793.0,252,1
8,1,2,41402,0,2,11049,8407,75,68,-2642,13800.666666666666,5100,0
2,0,2,66459,0,2,2303,2757,42,30,454,22153.0,1260,2
7,1,2,28363,2,0,5096,5292,35,35,196,28363.0,1225,0
4,1,0,45201,2,2,7349,5887,51,44,-1462,15067.0,2244,0
7,1,2,26094,2,0,1279,978,20,47,-301,26094.0,940,0
9,0,0,126347,4,2,508,733,72,69,225,42115.666666666664,4968,1
3,2,1,87662,0,4,12702,13457,9,42,755,17532.4,378,1
9,0,2,102441,0,5,5174,7822,85,63,2648,17073.5,5355,1
2,0,2,74181,0,5,10437,12917,31,21,2480,12363.5,651,0
8,1,2,38752,0,1,3528,3836,27,55,308,19376.0,1485,0
5,0,2,70268,0,0,6456,6592,30,95,136,70268.0,2850,2
2,0,2,62449,0,3,2327,2129,60,67,-198,15612.25,4020,0
3,2,1,81841,0,4,723,1240,46,32,517,16368.2,1472,1
4,2,2,84725,0,1,14622,24759,32,79,10137,42362.5,2528,2
7,1,2,28367,2,0,6407,4921,21,32,-1486,28367.0,672,0
4,1,0,52266,2,2,13259,9963,42,46,-3296,17422.0,1932,0
1,2,1,55642,4,3,10407,12987,52,40,2580,13910.5,2080,1
9,0,2,102741,0,3,11153,15672,62,34,4519,25685.25,2108,1
9,0,2,115270,0,4,10073,10749,62,30,676,23054.0,1860,2
9,0,0,129901,0,3,2242,2506,85,38,264,32475.25,3230,1
3,2,1,100841,0,6,12666,22038,23,39,9372,14405.857142857143,897,1
9,0,0,102504,0,3,1172,1738,68,64,566,25626.0,4352,1
6,0,1,132673,1,6,14984,15100,2,68,116,18953.285714285714,136,1
9,0,2,83741,0,2,12045,20041,80,30,7996,27913.666666666668,2400,1
6,0,1,118986,1,4,2116,2637,32,47,521,23797.2,1504,1
1,2,1,52697,4,5,10641,13780,42,50,3139,8782.833333333334,2100,1
2,0,2,71856,0,2,12384,16265,42,51,3881,23952.0,2142,0
4,2,2,87823,0,4,3809,4365,39,58,556,17564.6,2262,1
4,1,0,42535,2,1,3017,3910,17,46,893,21267.5,782,0
9,0,0,151038,4,5,3640,5441,73,61,1801,25173.0,4453,1
1,2,1,60908,4,6,12158,10374,6,48,-1784,8701.142857142857,288,1
6,0,1,125736,1,7,14870,20138,37,45,5268,15717.0,1665,1
7,1,2,28740,2,2,6496,6487,68,63,-9,9580.0,4284,0
3,2,1,91749,0,3,12252,23223,21,44,10971,22937.25,924,1
6,0,1,147095,1,4,7645,6157,2,29,-1488,29419.0,58,1
5,0,2,78106,0,0,7364,9195,42,48,1831,78106.0,2016,1
6,0,1,144289,1,7,8755,6796,62,46,-1959,18036.125,2852,1
9,0,0,142696,4,5,10316,7675,78,38,-2641,23782.666666666668,2964,1
4,1,0,39316,2,2,2612,2790,45,30,178,13105.333333333334,1350,0
9,0,0,112057,4,5,9776,8898,60,36,-878,18676.166666666668,2160,1
4,2,2,73084,0,4,11867,18377,59,62,6510,14616.8,3658,2
4,1,0,50183,2,1,13845,16704,18,54,2859,25091.5,972,0
5,0,2,53219,0,1,11718,11862,2,30,144,26609.5,60,1
0,0,2,86269,3,3,8912,6657,46,32,-2255,21567.25,1472,1
9,0,0,138772,4,5,7672,10548,100,13,2876,23128.666666666668,1300,1
8,1,2,41102,0,2,9715,10089,45,53,374,13700.666666666666,2385,0
8,1,2,40376,0,2,10448,12303,28,77,1855,13458.666666666666,2156,0
9,0,2,86235,0,2,3515,5397,71,50,1882,28745.0,3550,2
9,0,0,137161,4,3,9869,18635,62,39,8766,34290.25,2418,1
3,2,1,187292,1,7,11915,26733,32,17,14818,23411.5,544,1
6,0,1,136457,1,8,13453,18236,25,40,4783,15161.888888888889,1000,1
5,0,2,56950,0,0,8754,12793,47,24,4039,56950.0,1128,1
2,0,2,76332,0,2,5471,7073,23,67,1602,25444.0,1541,2
2,0,2,69519,0,1,12104,12060,8,31,-44,34759.5,248,0
1,2,1,54815,4,3,2451,3543,32,69,1092,13703.75,2208,1
9,0,2,106131,0,5,1247,1409,68,47,162,17688.5,3196,2
9,0,2,79341,0,4,5281,5454,67,28,173,15868.2,1876,1
3,2,1,87703,0,5,2927,3333,39,40,406,14617.166666666666,1560,1
6,0,1,129083,1,7,2678,3186,48,65,508,16135.375,3120,1
0,0,2,105241,3,4,13453,18471,53,58,5018,21048.2,3074,1
3,2,1,88017,0,3,4579,3359,33,75,-1220,22004.25,2475,1
1,2,1,46527,4,5,2403,2762,0,84,359,7754.5,0,1
3,2,1,93182,0,2,6192,5040,46,44,-1152,31060.666666666668,2024,1
7,1,2,25000,2,1,5817,5180,0,50,-637,12500.0,0,0
4,1,0,50065,2,4,14983,15605,60,65,622,10013.0,3900,0
2,0,2,72317,0,3,12330,13253,23,71,923,18079.25,1633,0
8,1,2,40261,0,0,10518,9403,64,45,-1115,40261.0,2880,0
7,1,2,26976,2,0,1438,1760,50,46,322,26976.0,2300,0
0,0,2,86049,3,3,6324,6681,70,50,357,21512.25,3500,2
4,1,0,39359,2,2,5082,4195,37,23,-887,13119.666666666666,851,0
2,0,2,78704,0,3,756,687,74,12,-69,19676.0,888,0
3,2,1,63206,0,7,14721,14487,0,46,-234,7900.75,0,1
9,0,0,101388,0,1,12339,8678,34,52,-3661,50694.0,1768,2
3,2,1,80644,0,3,4716,7396,54,45,2680,20161.0,2430,1
1,2,1,52504,4,3,3877,3309,53,78,-568,13126.0,4134,1
9,0,2,100073,0,5,5812,5529,81,40,-283,16678.833333333332,3240,1
9,0,2,114850,0,3,10029,14300,51,23,4271,28712.5,1173,1
9,0,0,158402,4,4,7808,12763,78,49,4955,31680.4,3822,1
4,1,0,34253,2,0,12399,11878,55,61,-521,34253.0,3355,0
7,1,2,30508,2,0,2930,3445,17,61,515,30508.0,1037,0
9,0,0,96914,0,3,8625,7583,83,53,-1042,24228.5,4399,2
5,0,2,61578,0,4,3531,5617,46,65,2086,12315.6,2990,1
9,0,2,102507,0,1,9833,13476,90,47,3643,51253.5,4230,1
4,1,0,44011,2,1,3455,4204,25,29,749,22005.5,725,0
9,0,0,130549,4,4,5581,5248,69,69,-333,26109.8,4761,1
6,0,1,147313,1,6,3411,4363,28,29,952,21044.714285714286,812,1
3,2,1,101079,0,4,10458,8183,56,47,-2275,20215.8,2632,1
9,0,0,100017,0,3,2851,4060,86,28,1209,25004.25,2408,1
8,1,2,39294,0,2,4518,5485,10,54,967,13098.0,540,0
6,0,1,131684,1,5,11069,21017,17,12,9948,21947.333333333332,204,1
9,0,0,124362,0,2,12367,13286,62,43,919,41454.0,2666,1
9,0,0,135616,4,2,12407,13392,48,62,985,45205.333333333336,2976,1
3,2,1,182178,1,11,2133,2326,21,47,193,15181.5,987,1
8,1,2,37292,0,0,839,948,43,43,109,37292.0,1849,0
0,0,2,80607,3,6,722,604,20,37,-118,11515.285714285714,740,1
9,0,0,135291,4,4,4568,6447,100,24,1879,27058.2,2400,1
2,0,2,74832,0,1,2836,2493,8,54,-343,37416.0,432,0
9,0,0,155831,4,6,13482,16723,55,59,3241,22261.571428571428,3245,1
4,2,2,101291,0,4,2242,3427,21,9,1185,20258.2,189,2
4,1,0,49794,2,5,13906,15114,45,65,1208,8299.0,2925,0
0,0,2,84141,3,4,12090,15705,61,41,3615,16828.2,2501,1
9,0,2,91994,0,4,2781,2724,100,43,-57,18398.8,4300,1
4,2,2,101506,0,4,9721,9334,15,50,-387,20301.2,750,1
0,0,2,77060,3,4,3172,4926,40,40,1754,15412.0,1600,1
7,1,2,26692,2,3,8346,7300,13,13,-1046,6673.0,169,0
9,0,2,102160,0,2,1415,1785,88,53,370,34053.333333333336,4664,1
4,1,0,41215,2,0,4882,5106,4,57,224,41215.0,228,0
9,0,0,114406,0,2,847,1196,60,45,349,38135.333333333336,2700,1
9,0,0,135397,0,4,9423,8402,47,36,-1021,27079.4,1692,1
9,0,0,116694,0,5,8881,15057,74,63,6176,19449.0,4662,1
9,0,0,143986,4,6,519,930,75,55,411,20569.428571428572,4125,1
9,0,0,132425,4,1,4213,6660,77,66,2447,66212.5,5082,1
8,1,2,39274,0,2,2914,2120,48,61,-794,13091.333333333334,2928,0
3,2,1,79703,0,5,5199,4111,23,65,-1088,13283.833333333334,1495,1
6,0,1,173260,1,6,14901,26938,60,42,12037,24751.428571428572,2520,1
3,2,1,79902,0,2,14987,28370,7,41,13383,26634.0,287,1
5,0,2,73629,0,2,3278,3833,25,16,555,24543.0,400,1
9,0,2,89325,0,2,2166,2280,59,72,114,29775.0,4248,1
7,1,2,27558,2,0,1749,1382,61,34,-367,27558.0,2074,0
7,1,2,28077,2,2,2439,2543,26,5,104,9359.0,130,0
6,0,1,121268,1,7,1889,1605,19,45,-284,15158.5,855,1
3,2,1,130903,1,8,2975,7175,71,43,4200,14544.777777777777,3053,1
8,1,2,34621,0,0,9191,10994,38,58,1803,34621.0,2204,0
3,2,1,197318,1,9,3471,7331,20,81,3860,19731.8,1620,1
9,0,0,146176,4,5,11432,13977,79,58,2545,24362.666666666668,4582,1
3,2,1,159464,1,9,13894,10612,37,68,-3282,15946.4,2516,1
7,1,2,30296,2,1,14842,17534,45,35,2692,15148.0,1575,0
2,0,2,62425,0,4,8679,7275,19,42,-1404,12485.0,798,0
6,0,1,151604,1,7,4848,4204,6,31,-644,18950.5,186,1
4,2,2,87537,0,1,535,399,55,61,-136,43768.5,3355,2
4,2,2,89409,0,5,11245,18764,36,54,7519,14901.5,1944,2
7,1,2,36221,2,1,2921,3639,46,37,718,18110.5,1702,0
5,0,2,69752,0,3,12318,10966,43,45,-1352,17438.0,1935,2
0,0,2,74856,3,5,1602,2321,48,57,719,12476.0,2736,1
3,2,1,206335,1,5,7503,17626,28,44,10123,34389.166666666664,1232,1
9,0,0,115166,4,6,1981,2653,71,48,672,16452.285714285714,3408,1
9,0,0,153862,4,3,3479,6518,52,5,3039,38465.5,260,1
7,1,2,30163,2,2,5731,4627,35,67,-1104,10054.333333333334,2345,0
8,1,2,52248,0,1,8385,10505,12,48,2120,26124.0,576,0
3,2,1,208319,1,8,13500,11557,43,88,-1943,23146.555555555555,3784,1
9,0,0,133117,4,5,13642,13905,49,80,263,22186.166666666668,3920,1
8,1,2,45544,0,2,7359,5830,33,9,-1529,15181.333333333334,297,2
5,0,2,55394,0,5,9326,7342,32,32,-1984,9232.333333333334,1024,1
5,0,2,49488,0,2,9224,7690,32,36,-1534,16496.0,1152,1
0,0,2,103932,3,3,4270,5540,60,52,1270,25983.0,3120,1
9,0,0,104418,0,2,10018,12913,53,82,2895,34806.0,4346,2
1,2,1,53833,4,3,9967,14335,39,27,4368,13458.25,1053,1
4,1,0,45960,2,1,1929,1915,21,75,-14,22980.0,1575,0
7,1,2,29392,2,0,546,431,22,79,-115,29392.0,1738,0
0,0,2,83215,3,4,781,982,36,65,201,16643.0,2340,1
1,2,1,60166,4,4,8264,8899,52,32,635,12033.2,1664,1
6,0,1,133228,1,6,2304,4128,47,38,1824,19032.571428571428,1786,1
6,0,1,152922,1,4,6223,10667,48,59,4444,30584.4,2832,1
0,0,2,74160,3,3,14415,10459,51,42,-3956,18540.0,2142,1
2,0,2,77600,0,4,8043,7373,68,36,-670,15520.0,2448,0
0,0,2,99145,3,5,14480,16378,27,67,1898,16524.166666666668,1809,1
6,0,1,130412,1,6,7398,11782,1,95,4384,18630.285714285714,95,1
9,0,2,89579,0,3,14063,14161,45,5,98,22394.75,225,1
9,0,0,119304,4,2,12738,15300,73,51,2562,39768.0,3723,1
9,0,0,105485,0,2,11899,20087,84,37,8188,35161.666666666664,3108,1
8,1,2,34680,0,0,12510,12236,12,27,-274,34680.0,324,2
4,1,0,49433,2,1,7458,7226,28,46,-232,24716.5,1288,0
9,0,0,124274,4,4,11991,8707,75,19,-3284,24854.8,1425,1
3,2,1,98268,0,3,10029,9712,28,77,-317,24567.0,2156,1
5,0,2,63143,0,2,14220,19616,55,59,5396,21047.666666666668,3245,1
0,0,2,72085,3,4,3091,4091,23,62,1000,14417.0,1426,1
9,0,0,144981,4,6,6484,8043,70,43,1559,20711.571428571428,3010,1
9,0,0,139090,0,4,4514,4756,67,64,242,27818.0,4288,1
9,0,0,133371,4,2,9825,7883,55,38,-1942,44457.0,2090,1
9,0,0,136228,4,7,13040,18974,89,10,5934,17028.5,890,1
5,0,2,72923,0,4,12682,13951,52,58,1269,14584.6,3016,1
4,1,0,43707,2,1,9141,8951,20,27,-190,21853.5,540,0
5,0,2,66376,0,2,7242,8665,13,75,1423,22125.333333333332,975,2
5,0,2,65276,0,1,13302,17727,23,47,4425,32638.0,1081,1
2,0,2,45583,0,1,2322,3070,61,42,748,22791.5,2562,0
9,0,0,139489,4,2,14936,16995,64,68,2059,46496.333333333336,4352,1
3,2,1,168296,1,7,12806,28585,28,19,15779,21037.0,532,1
1,2,1,59662,4,3,3127,2219,39,33,-908,14915.5,1287,1
8,1,2,34860,0,2,14142,18686,17,32,4544,11620.0,544,0
3,2,1,76732,0,3,14851,26991,27,51,12140,19183.0,1377,1
1,2,1,54294,4,3,12155,10737,17,16,-1418,13573.5,272,1
6,0,1,112402,1,6,9872,8779,42,79,-1093,16057.42857142857,3318,1
2,0,2,71342,0,2,12122,12075,15,56,-47,23780.666666666668,840,2
8,1,2,30927,0,0,3069,4091,22,25,1022,30927.0,550,0
9,0,0,99176,0,0,9044,8891,84,5,-153,99176.0,420,2
9,0,0,178868,4,4,12675,21715,75,42,9040,35773.6,3150,1
8,1,2,40385,0,1,10642,11596,43,26,954,20192.5,1118,0
9,0,2,91983,0,5,6927,5394,75,47,-1533,15330.5,3525,1
0,0,2,94256,3,7,12722,19289,35,61,6567,11782.0,2135,2
3,2,1,160717,1,8,14290,30373,46,26,16083,17857.444444444445,1196,1
0,0,2,88187,3,6,11844,10925,70,56,-919,12598.142857142857,3920,1
5,0,2,55910,0,2,5631,7357,32,35,1726,18636.666666666668,1120,1
0,0,2,88625,3,6,6733,7904,23,24,1171,12660.714285714286,552,1
9,0,0,128737,4,0,13661,18028,60,38,4367,128737.0,2280,1
3,2,1,76766,0,4,7450,8088,50,58,638,15353.2,2900,1
2,0,2,71201,0,3,2276,3418,41,64,1142,17800.25,2624,0
9,0,0,114699,0,0,6442,9840,89,46,3398,114699.0,4094,1
4,2,2,95688,0,5,14370,10407,32,73,-3963,15948.0,2336,1
9,0,0,120416,4,5,4424,6742,49,53,2318,20069.333333333332,2597,1
9,0,0,131193,4,4,9373,13529,62,30,4156,26238.6,1860,1
9,0,0,124291,0,2,3971,5590,72,47,1619,41430.333333333336,3384,1
9,0,0,114507,4,2,12894,11472,52,18,-1422,38169.0,936,1
9,0,2,101595,0,4,9538,14155,92,41,4617,20319.0,3772,1
3,2,1,102400,0,2,1030,1630,18,54,600,34133.333333333336,972,1
2,0,2,73719,0,3,1893,2400,37,31,507,18429.75,1147,0
3,2,1,165103,1,9,1235,1025,37,54,-210,16510.3,1998,1
4,2,2,75092,0,2,8426,7569,28,73,-857,25030.666666666668,2044,1
9,0,0,138862,4,4,5654,10961,100,40,5307,27772.4,4000,1
2,0,2,63914,0,4,638,507,20,45,-131,12782.8,900,0
4,2,2,69672,0,4,5126,6629,38,64,1503,13934.4,2432,1
1,2,1,50988,4,7,3692,5115,22,68,1423,6373.5,1496,1
4,2,2,86926,0,3,6900,8107,40,50,1207,21731.5,2000,2
9,0,0,118948,4,4,12012,15272,30,49,3260,23789.6,1470,1
7,1,2,31965,2,0,7172,7475,47,39,303,31965.0,1833,0
9,0,0,129299,0,3,8727,15993,81,55,7266,32324.75,4455,1
9,0,0,119493,4,2,10120,9163,79,48,-957,39831.0,3792,1
5,0,2,70668,0,2,10106,14422,68,42,4316,23556.0,2856,2
2,0,2,66606,0,1,3141,3300,26,29,159,33303.0,754,0
3,2,1,93025,0,4,8087,7189,35,5,-898,18605.0,175,1
6,0,1,168624,1,4,10755,13092,8,45,2337,33724.8,360,1
4,1,0,41083,2,3,4294,3258,22,23,-1036,10270.75,506,0
4,2,2,78064,0,4,11665,10421,42,28,-1244,15612.8,1176,2
4,2,2,98153,0,4,12272,9354,14,44,-2918,19630.6,616,2
1,2,1,49701,4,5,8959,11584,22,64,2625,8283.5,1408,1
3,2,1,104440,0,3,9073,10857,66,52,1784,26110.0,3432,1
5,0,2,56497,0,5,13367,17665,30,26,4298,9416.166666666666,780,1
7,1,2,28132,2,1,5265,5980,35,46,715,14066.0,1610,0
3,2,1,194374,1,7,14523,13653,34,93,-870,24296.75,3162,1
9,0,0,134788,4,3,12177,13787,100,7,1610,33697.0,700,1
9,0,2,123736,0,4,3921,4600,65,51,679,24747.2,3315,2
3,2,1,226262,1,8,1728,3610,30,34,1882,25140.222222222223,1020,1
3,2,1,196682,1,6,10785,7938,40,33,-2847,28097.428571428572,1320,1
9,0,0,111161,0,2,13684,14776,61,27,1092,37053.666666666664,1647,1
9,0,0,130035,4,3,13055,26902,82,40,13847,32508.75,3280,1
1,2,1,73244,4,7,14713,11709,48,44,-3004,9155.5,2112,1
5,0,2,60697,0,5,2041,1497,40,13,-544,10116.166666666666,520,1
7,1,2,31787,2,0,3280,2972,51,43,-308,31787.0,2193,0
9,0,0,120718,4,2,1616,3621,54,71,2005,40239.333333333336,3834,1
3,2,1,179123,1,9,6452,14653,19,49,8201,17912.3,931,1
9,0,0,88622,0,1,1665,3152,61,58,1487,44311.0,3538,1
4,1,0,46160,2,5,13147,16160,16,29,3013,7693.333333333333,464,0
2,0,2,52619,0,3,8253,12278,44,64,4025,13154.75,2816,2
4,2,2,80591,0,4,14863,16470,43,35,1607,16118.2,1505,2
3,2,1,92367,0,2,2801,3946,46,8,1145,30789.0,368,1
3,2,1,172337,1,6,8499,16151,66,57,7652,24619.571428571428,3762,1
7,1,2,30060,2,0,14573,13021,45,47,-1552,30060.0,2115,0
8,1,2,35070,0,0,7201,6166,11,34,-1035,35070.0,374,0
6,0,1,137566,1,6,11650,11230,25,59,-420,19652.285714285714,1475,1
5,0,2,76144,0,3,6508,10102,15,50,3594,19036.0,750,1
0,0,2,73011,3,5,10733,13749,30,44,3016,12168.5,1320,1
7,1,2,26918,2,3,1867,2309,56,54,442,6729.5,3024,0
1,2,1,51516,4,4,7874,6142,12,85,-1732,10303.2,1020,1
6,0,1,164695,1,8,14844,21424,49,34,6580,18299.444444444445,1666,1
3,2,1,243592,1,10,11049,10224,40,35,-825,22144.727272727272,1400,1
4,1,0,44779,2,0,13453,14507,56,39,1054,44779.0,2184,0
4,1,0,50394,2,3,13955,12282,51,23,-1673,12598.5,1173,0
9,0,0,117029,4,6,3032,5526,89,36,2494,16718.428571428572,3204,1
2,0,2,58373,0,5,6657,8364,26,35,1707,9728.833333333334,910,0
3,2,1,216954,1,7,7041,14352,16,26,7311,27119.25,416,1
9,0,2,85210,0,3,6860,8150,79,46,1290,21302.5,3634,1
3,2,1,94873,0,5,2031,3426,0,81,1395,15812.166666666666,0,1
5,0,2,61051,0,3,8175,9079,41,32,904,15262.75,1312,1
6,0,1,125818,1,7,13906,16399,19,11,2493,15727.25,209,1
9,0,0,125464,0,0,1906,3090,66,21,1184,125464.0,1386,1
4,1,0,42741,2,0,2275,2225,44,48,-50,42741.0,2112,0
4,2,2,98753,0,4,7596,5998,27,72,-1598,19750.6,1944,1
8,1,2,34629,0,0,5885,6550,13,31,665,34629.0,403,0
7,1,2,32519,2,1,6110,6533,14,60,423,16259.5,840,0
5,0,2,64504,0,1,3983,4067,40,47,84,32252.0,1880,1
9,0,0,99729,0,4,5060,3876,62,19,-1184,19945.8,1178,1
9,0,0,132226,4,2,9430,16662,60,43,7232,44075.333333333336,2580,1
5,0,2,51643,0,3,2884,4376,32,43,1492,12910.75,1376,1
7,1,2,28436,2,0,9809,7999,39,14,-1810,28436.0,546,0
3,2,1,194072,1,9,13184,20880,47,59,7696,19407.2,2773,1
9,0,0,103278,4,6,13747,20977,40,57,7230,14754.0,2280,1
4,2,2,105647,0,3,7546,7359,3,54,-187,26411.75,162,1
9,0,2,106298,0,5,1386,1151,75,71,-235,17716.333333333332,5325,1
0,0,2,102486,3,7,875,1285,31,48,410,12810.75,1488,1
2,0,2,68697,0,2,4629,6852,29,60,2223,22899.0,1740,2
9,0,0,104886,0,3,2822,4471,69,37,1649,26221.5,2553,1
2,0,2,84961,0,2,7136,6080,40,42,-1056,28320.333333333332,1680,2
2,0,2,56869,0,3,14815,17588,28,60,2773,14217.25,1680,2
0,0,2,93860,3,4,7376,10198,68,53,2822,18772.0,3604,2
9,0,2,111224,0,4,11471,11763,70,36,292,22244.8,2520,1
9,0,0,115076,4,4,14107,29516,55,62,15409,23015.2,3410,1
9,0,0,98090,0,3,7521,11040,84,37,3519,24522.5,3108,1
4,2,2,91240,0,6,5364,6498,57,56,1134,13034.285714285714,3192,2
9,0,2,99947,0,7,6222,9938,72,17,3716,12493.375,1224,1
5,0,2,70712,0,3,8290,5921,22,23,-2369,17678.0,506,1
4,1,0,39863,2,3,13342,14438,38,37,1096,9965.75,1406,0
4,1,0,38253,2,2,7656,7020,47,25,-636,12751.0,1175,0
6,0,1,144000,1,6,11852,19270,52,59,7418,20571.428571428572,3068,1
8,1,2,38050,0,1,13984,12157,41,72,-1827,19025.0,2952,0
1,2,1,66509,4,6,13329,19071,44,19,5742,9501.285714285714,836,1
9,0,2,92862,0,7,1774,2654,51,34,880,11607.75,1734,1
3,2,1,161849,1,10,2869,5294,35,67,2425,14713.545454545454,2345,1
3,2,1,67988,0,1,13992,26701,52,51,12709,33994.0,2652,1
9,0,0,148271,4,3,2965,4226,53,38,1261,37067.75,2014,1
6,0,1,129001,1,7,2916,2267,41,53,-649,16125.125,2173,1
0,0,2,79965,3,3,5684,6010,56,39,326,19991.25,2184,1
4,2,2,121348,0,4,11541,18275,56,36,6734,24269.6,2016,2
2,0,2,66697,0,4,9031,8942,65,42,-89,13339.4,2730,2
5,0,2,75030,0,5,14139,16314,19,31,2175,12505.0,589,1
3,2,1,85888,0,4,7861,14902,21,28,7041,17177.6,588,1
9,0,0,115450,0,4,1097,1031,62,60,-66,23090.0,3720,1
4,1,0,50395,2,3,3574,4435,35,23,861,12598.75,805,0
4,1,0,46940,2,1,9447,9470,25,22,23,23470.0,550,0
3,2,1,187355,1,7,6685,7881,32,67,1196,23419.375,2144,1
7,1,2,27944,2,0,3936,4071,40,38,135,27944.0,1520,0
3,2,1,87833,0,3,9950,15284,43,63,5334,21958.25,2709,1
7,1,2,31861,2,0,13832,10010,32,35,-3822,31861.0,1120,0
9,0,0,135715,4,3,5447,4371,69,52,-1076,33928.75,3588,1
1,2,1,61641,4,6,13919,19211,32,45,5292,8805.857142857143,1440,1
4,1,0,39425,2,1,8677,10433,49,44,1756,19712.5,2156,0
8,1,2,40508,0,1,7223,8343,47,21,1120,20254.0,987,0
7,1,2,28117,2,1,14068,13570,49,41,-498,14058.5,2009,0
8,1,2,39711,0,2,9071,6363,78,33,-2708,13237.0,2574,0
9,0,0,102516,0,2,3380,6083,93,40,2703,34172.0,3720,1
8,1,2,28345,0,1,6613,6879,38,29,266,14172.5,1102,0
1,2,1,51422,4,2,10246,12100,0,31,1854,17140.666666666668,0,1
1,2,1,55896,4,3,7641,9160,44,73,1519,13974.0,3212,1
2,0,2,80376,0,4,14345,19000,34,33,4655,16075.2,1122,2
3,2,1,90300,0,3,5140,4206,48,52,-934,22575.0,2496,1
6,0,1,155629,1,8,14541,27250,19,48,12709,17292.11111111111,912,1
9,0,0,133305,0,4,13704,13017,81,17,-687,26661.0,1377,2
9,0,0,121848,0,3,11143,15638,51,26,4495,30462.0,1326,1
3,2,1,176894,1,4,7238,17766,45,95,10528,35378.8,4275,1
5,0,2,70643,0,3,12787,13802,19,72,1015,17660.75,1368,1
6,0,1,129962,1,8,9424,9586,38,56,162,14440.222222222223,2128,1
3,2,1,69132,0,2,7776,14244,51,40,6468,23044.0,2040,1
3,2,1,187284,1,8,13703,11394,82,42,-2309,20809.333333333332,3444,1
3,2,1,92220,0,2,5249,8035,32,31,2786,30740.0,992,1
9,0,2,96518,0,3,4151,5469,71,48,1318,24129.5,3408,2
1,2,1,63696,4,4,6743,8985,50,9,2242,12739.2,450,1
9,0,2,114018,0,4,14530,21619,47,52,7089,22803.6,2444,2
9,0,0,106933,0,4,6244,4608,60,23,-1636,21386.6,1380,1
8,1,2,34190,0,3,13941,10162,25,36,-3779,8547.5,900,0
9,0,0,117015,4,3,6638,8143,95,53,1505,29253.75,5035,1
1,2,1,53665,4,5,5146,5251,52,17,105,8944.166666666666,884,1
6,0,1,148477,1,6,11291,7999,61,52,-3292,21211.0,3172,1
2,0,2,74417,0,2,14237,18279,38,25,4042,24805.666666666668,950,0
3,2,1,85771,0,4,4457,4827,34,40,370,17154.2,1360,1
6,0,1,120245,1,7,7292,7378,40,56,86,15030.625,2240,1
9,0,0,135557,4,6,930,1119,64,29,189,19365.285714285714,1856,1
4,2,2,86203,0,2,6634,6616,4,46,-18,28734.333333333332,184,2
0,0,2,104179,3,6,12644,20269,56,27,7625,14882.714285714286,1512,1
7,1,2,28052,2,0,5990,5846,25,36,-144,28052.0,900,0
3,2,1,164097,1,7,7545,8635,48,48,1090,20512.125,2304,1
1,2,1,53994,4,5,6912,6048,58,43,-864,8999.0,2494,1
3,2,1,206888,1,8,11058,12990,9,34,1932,22987.555555555555,306,1
0,0,2,83809,3,1,1345,1842,46,71,497,41904.5,3266,2
8,1,2,45447,0,0,2611,2954,8,38,343,45447.0,304,0
4,1,0,49619,2,0,3346,3318,31,40,-28,49619.0,1240,0
6,0,1,153316,1,6,5712,6126,35,60,414,21902.285714285714,2100,1
9,0,0,139677,4,2,7666,6301,35,67,-1365,46559.0,2345,1
9,0,0,103293,0,2,12133,16901,100,59,4768,34431.0,5900,2
1,2,1,51168,4,3,2439,2386,43,8,-53,12792.0,344,1
4,2,2,96337,0,6,6922,7298,46,43,376,13762.42857142857,1978,1
0,0,2,67606,3,6,9558,10627,68,12,1069,9658.0,816,1
7,1,2,36100,2,1,3838,4543,32,36,705,18050.0,1152,0
9,0,0,89318,0,3,920,682,41,35,-238,22329.5,1435,1
9,0,0,119599,4,4,10803,17601,64,37,6798,23919.8,2368,1
9,0,0,121170,4,6,955,2121,45,37,1166,17310.0,1665,1
4,1,0,49514,2,0,9407,10920,13,24,1513,49514.0,312,0
3,2,1,153732,1,6,6765,11796,51,64,5031,21961.714285714286,3264,1
4,1,0,42144,2,0,12528,15131,33,63,2603,42144.0,2079,0
5,0,2,65737,0,4,10895,7681,27,18,-3214,13147.4,486,2
9,0,0,135140,4,6,4427,6046,49,52,1619,19305.714285714286,2548,1
2,0,2,76823,0,0,3675,5144,40,20,1469,76823.0,800,0
0,0,2,67406,3,2,4518,6163,19,62,1645,22468.666666666668,1178,1
4,2,2,86703,0,3,4767,7699,50,51,2932,21675.75,2550,1
2,0,2,63836,0,3,1859,1363,35,41,-496,15959.0,1435,0
3,2,1,87436,0,5,879,1226,34,15,347,14572.666666666666,510,1
0,0,2,75852,3,6,2194,3426,43,62,1232,10836.0,2666,1
5,0,2,56846,0,3,10263,8265,52,19,-1998,14211.5,988,1
9,0,0,114427,0,1,2823,2370,79,47,-453,57213.5,3713,2
2,0,2,78022,0,3,3459,3250,29,43,-209,19505.5,1247,0
9,0,0,125485,0,1,8597,11874,54,22,3277,62742.5,1188,1
6,0,1,153216,1,9,14234,23793,46,50,9559,15321.6,2300,1
8,1,2,37720,0,0,2149,1623,53,46,-526,37720.0,2438,0
4,2,2,117046,0,4,859,1230,14,49,371,23409.2,686,1
9,0,0,111773,0,3,8471,13665,67,32,5194,27943.25,2144,2
9,0,2,80559,0,4,11761,17394,74,27,5633,16111.8,1998,1
8,1,2,31413,0,5,5637,7871,24,47,2234,5235.5,1128,0
4,2,2,83411,0,1,3139,3780,32,41,641,41705.5,1312,2
2,0,2,83734,0,3,666,840,28,45,174,20933.5,1260,2
3,2,1,88390,0,2,9794,9804,36,44,10,29463.333333333332,1584,1
0,0,2,69558,3,5,1015,1535,36,33,520,11593.0,1188,1
7,1,2,34062,2,1,6181,5557,17,49,-624,17031.0,833,0
3,2,1,155075,1,7,10330,11594,32,43,1264,19384.375,1376,1
9,0,0,136769,4,3,3095,2264,89,31,-831,34192.25,2759,1
4,1,0,42864,2,2,4669,4815,27,36,146,14288.0,972,0
9,0,2,84686,0,5,10430,15551,84,51,5121,14114.333333333334,4284,1
1,2,1,50322,4,5,877,734,7,46,-143,8387.0,322,1
1,2,1,52387,4,4,12967,9505,43,51,-3462,10477.4,2193,1
9,0,2,95542,0,2,14702,12547,96,26,-2155,31847.333333333332,2496,1
9,0,0,122199,0,2,4054,3746,59,47,-308,40733.0,2773,1
7,1,2,34921,2,3,2770,2459,38,73,-311,8730.25,2774,0
9,0,0,114438,0,3,12423,15722,85,8,3299,28609.5,680,1
2,0,2,75509,0,1,4983,6208,48,67,1225,37754.5,3216,0
9,0,2,99394,0,4,2006,2336,58,22,330,19878.8,1276,1
4,1,0,52749,2,2,9535,8289,38,51,-1246,17583.0,1938,0
5,0,2,58616,0,1,12709,12360,38,53,-349,29308.0,2014,1
8,1,2,39588,0,0,8899,9629,39,47,730,39588.0,1833,0
6,0,1,152766,1,5,3663,4828,13,14,1165,25461.0,182,1
9,0,0,136499,4,2,3742,2863,74,39,-879,45499.666666666664,2886,1
8,1,2,40960,0,3,2185,2635,33,61,450,10240.0,2013,2
4,2,2,100126,0,5,13057,21202,0,68,8145,16687.666666666668,0,2
2,0,2,67175,0,3,3214,3762,32,59,548,16793.75,1888,0
4,1,0,36434,2,2,8492,6737,8,70,-1755,12144.666666666666,560,0
6,0,1,109131,1,5,7809,7766,34,59,-43,18188.5,2006,1
3,2,1,164864,1,6,12740,11152,51,43,-1588,23552.0,2193,1
0,0,2,93268,3,5,5722,4792,33,5,-930,15544.666666666666,165,1
9,0,0,98460,0,1,10449,14028,89,46,3579,49230.0,4094,1
8,1,2,40713,0,6,3772,4761,21,36,989,5816.142857142857,756,0
7,1,2,35400,2,1,6626,6694,47,39,68,17700.0,1833,0
5,0,2,73202,0,5,3240,3049,32,35,-191,12200.333333333334,1120,1
1,2,1,65070,4,5,4646,3913,24,38,-733,10845.0,912,1
8,1,2,40294,0,1,5308,7191,28,35,1883,20147.0,980,0
0,0,2,79120,3,8,14872,10874,41,39,-3998,8791.111111111111,1599,2
7,1,2,25514,2,0,7025,8606,49,39,1581,25514.0,1911,0
9,0,0,92636,0,3,3447,4549,0,17,1102,23159.0,0,1
8,1,2,32970,0,1,13458,18729,19,67,5271,16485.0,1273,0
7,1,2,30966,2,0,4519,4147,24,22,-372,30966.0,528,0
9,0,2,104439,0,1,11263,10801,85,74,-462,52219.5,6290,1
7,1,2,31460,2,3,2876,3112,0,64,236,7865.0,0,0
9,0,0,117186,0,3,657,681,100,66,24,29296.5,6600,1
4,1,0,44304,2,1,678,780,13,46,102,22152.0,598,0
9,0,2,100244,0,3,8124,8100,69,41,-24,25061.0,2829,1
4,2,2,82821,0,2,5768,9002,27,44,3234,27607.0,1188,2
1,2,1,71625,4,5,1585,2147,40,44,562,11937.5,1760,1
2,0,2,65494,0,3,10359,15363,46,46,5004,16373.5,2116,0
1,2,1,65552,4,5,4062,4085,35,23,23,10925.333333333334,805,1
1,2,1,46162,4,6,5055,5797,40,68,742,6594.571428571428,2720,1
6,0,1,108613,1,7,13728,15833,44,50,2105,13576.625,2200,1
3,2,1,206454,1,9,11088,22407,62,25,11319,20645.4,1550,1
3,2,1,96948,0,3,12889,22349,24,52,9460,24237.0,1248,1
7,1,2,36293,2,3,13826,16179,41,17,2353,9073.25,697,0
9,0,2,96286,0,4,3729,3735,65,43,6,19257.2,2795,1
4,2,2,97199,0,3,8592,6452,34,76,-2140,24299.75,2584,2
9,0,0,110849,4,4,4996,5783,61,43,787,22169.8,2623,1
9,0,0,93119,0,2,2533,3773,77,50,1240,31039.666666666668,3850,1
9,0,0,136558,4,4,10353,10213,65,32,-140,27311.6,2080,1
3,2,1,165003,1,8,6772,13838,20,48,7066,18333.666666666668,960,1
3,2,1,170621,1,6,848,1119,25,67,271,24374.428571428572,1675,1
9,0,0,124244,4,4,11045,13316,77,38,2271,24848.8,2926,1
9,0,0,89713,4,4,8065,8385,44,39,320,17942.6,1716,1
9,0,0,133938,4,3,14289,14737,74,65,448,33484.5,4810,1
9,0,0,129085,4,2,9240,9049,83,60,-191,43028.333333333336,4980,1
9,0,0,138225,4,0,6027,10390,50,38,4363,138225.0,1900,1
9,0,0,97423,0,5,8198,12723,54,41,4525,16237.166666666666,2214,1
0,0,2,94222,3,3,13648,11872,38,36,-1776,23555.5,1368,1
4,1,0,50187,2,2,5431,5737,15,25,306,16729.0,375,0
7,1,2,31972,2,2,12848,9906,29,36,-2942,10657.333333333334,1044,0
8,1,2,32258,0,2,1806,1900,36,75,94,10752.666666666666,2700,2
4,2,2,89453,0,3,5631,5286,69,47,-345,22363.25,3243,2
3,2,1,162042,1,7,1271,930,18,72,-341,20255.25,1296,1
2,0,2,63523,0,2,11910,10278,59,16,-1632,21174.333333333332,944,0
5,0,2,53964,0,1,14404,11792,41,22,-2612,26982.0,902,1
0,0,2,98876,3,3,6626,10142,67,51,3516,24719.0,3417,2
9,0,0,103546,0,3,979,935,69,50,-44,25886.5,3450,1
9,0,0,120870,4,4,14024,18732,97,14,4708,24174.0,1358,1
9,0,0,154654,4,5,2222,1836,88,19,-386,25775.666666666668,1672,1
0,0,2,88027,3,5,11765,13552,92,43,1787,14671.166666666666,3956,1
9,0,2,85776,0,2,3288,3147,82,35,-141,28592.0,2870,1
9,0,2,106365,0,5,12363,16753,61,26,4390,17727.5,1586,1
0,0,2,95090,3,2,9307,15291,42,52,5984,31696.666666666668,2184,1
6,0,1,107205,1,9,11776,9106,31,56,-2670,10720.5,1736,1
2,0,2,61893,0,2,14972,13779,47,72,-1193,20631.0,3384,0
9,0,0,83386,0,2,1286,1419,44,54,133,27795.333333333332,2376,1
9,0,0,100749,0,3,4820,4802,61,44,-18,25187.25,2684,1
4,1,0,55951,2,0,10539,8869,14,55,-1670,55951.0,770,0
2,0,2,67477,0,2,11946,17560,7,27,5614,22492.333333333332,189,0
6,0,1,145223,1,7,2757,2514,0,34,-243,18152.875,0,1
5,0,2,77408,0,3,2464,2835,28,58,371,19352.0,1624,1
7,1,2,32784,2,2,14621,16298,42,20,1677,10928.0,840,0
4,2,2,81291,0,5,10070,12363,15,25,2293,13548.5,375,1
3,2,1,83323,0,2,7820,7187,50,5,-633,27774.333333333332,250,1
1,2,1,56038,4,3,9144,6513,30,60,-2631,14009.5,1800,1
3,2,1,161422,1,5,8330,11179,28,42,2849,26903.666666666668,1176,1
2,0,2,69565,0,0,5774,8986,55,41,3212,69565.0,2255,0
9,0,2,80470,0,3,2004,1929,37,51,-75,20117.5,1887,1
4,2,2,91827,0,5,5353,8990,11,67,3637,15304.5,737,1
7,1,2,27036,2,2,9650,7144,46,47,-2506,9012.0,2162,0
3,2,1,75064,0,5,11102,17276,40,50,6174,12510.666666666666,2000,1
4,1,0,48875,2,0,1778,2185,18,52,407,48875.0,936,0
5,0,2,57692,0,2,1487,1486,43,35,-1,19230.666666666668,1505,1
9,0,0,128900,4,5,11485,18451,75,47,6966,21483.333333333332,3525,1
5,0,2,63516,0,4,13910,20445,45,45,6535,12703.2,2025,1
9,0,2,86744,0,3,8489,13954,61,17,5465,21686.0,1037,1
7,1,2,29753,2,0,3918,3943,52,15,25,29753.0,780,0
4,2,2,95375,0,2,9144,15116,31,23,5972,31791.666666666668,713,2
0,0,2,76646,3,6,5634,3976,28,20,-1658,10949.42857142857,560,2
4,1,0,49906,2,2,7938,7701,19,38,-237,16635.333333333332,722,0
0,0,2,101485,3,5,8765,8499,20,66,-266,16914.166666666668,1320,1
6,0,1,126488,1,5,2630,2226,50,17,-404,21081.333333333332,850,1
6,0,1,128679,1,8,6457,8731,33,35,2274,14297.666666666666,1155,1
5,0,2,60586,0,4,14718,20157,23,41,5439,12117.2,943,1
1,2,1,55292,4,2,3826,5339,36,69,1513,18430.666666666668,2484,1
9,0,2,83212,0,5,1624,1552,43,41,-72,13868.666666666666,1763,1
8,1,2,48908,0,0,3190,3994,34,70,804,48908.0,2380,0
0,0,2,86003,3,4,9957,9937,32,40,-20,17200.6,1280,1
9,0,0,120551,4,6,8052,8112,75,20,60,17221.571428571428,1500,1
4,1,0,39349,2,1,2305,2102,44,35,-203,19674.5,1540,0
9,0,0,94809,4,2,8050,7493,65,63,-557,31603.0,4095,1
2,0,2,60062,0,4,968,1401,47,24,433,12012.4,1128,0
3,2,1,85335,0,2,9198,13767,28,46,4569,28445.0,1288,1
7,1,2,33592,2,0,4851,3678,44,25,-1173,33592.0,1100,0
6,0,1,157104,1,7,9516,11526,31,42,2010,19638.0,1302,1
7,1,2,36885,2,1,7569,7565,12,32,-4,18442.5,384,0
9,0,0,122534,4,6,7003,12364,81,42,5361,17504.85714285714,3402,1
8,1,2,44080,0,1,8821,7718,9,67,-1103,22040.0,603,0
9,0,0,128209,4,3,7730,14762,67,60,7032,32052.25,4020,1
7,1,2,34368,2,0,2102,2378,26,52,276,34368.0,1352,0
3,2,1,87077,0,4,6767,12732,41,9,5965,17415.4,369,1
9,0,2,97203,0,5,5316,9297,75,33,3981,16200.5,2475,1
8,1,2,40311,0,0,3394,3815,0,41,421,40311.0,0,0
2,0,2,59597,0,2,9176,7250,26,63,-1926,19865.666666666668,1638,2
5,0,2,65636,0,1,8997,13717,31,44,4720,32818.0,1364,1
9,0,0,95393,0,4,11660,21189,58,12,9529,19078.6,696,2
3,2,1,71423,0,5,4578,7866,35,41,3288,11903.833333333334,1435,1
9,0,2,85828,0,6,2387,3639,88,55,1252,12261.142857142857,4840,1
6,0,1,141223,1,7,1084,966,10,15,-118,17652.875,150,1
2,0,2,79259,0,3,4411,6777,70,54,2366,19814.75,3780,2
1,2,1,48760,4,6,2155,1978,34,45,-177,6965.714285714285,1530,1
9,0,2,100633,0,2,14960,22199,85,75,7239,33544.333333333336,6375,1
4,1,0,44965,2,2,12228,13383,40,61,1155,14988.333333333334,2440,0
8,1,2,40410,0,6,6937,6711,24,63,-226,5772.857142857143,1512,2
9,0,2,99453,0,3,12524,10230,53,46,-2294,24863.25,2438,1
5,0,2,58035,0,5,3870,6108,44,49,2238,9672.5,2156,1
4,2,2,91036,0,3,3835,5178,26,52,1343,22759.0,1352,1
3,2,1,101003,0,1,5218,7919,42,50,2701,50501.5,2100,1
2,0,2,74310,0,5,12523,16354,7,46,3831,12385.0,322,0
9,0,0,123541,0,3,3532,6647,70,46,3115,30885.25,3220,1
6,0,1,150671,1,6,11976,12526,46,21,550,21524.428571428572,966,1
5,0,2,69580,0,5,12609,12204,21,37,-405,11596.666666666666,777,1
0,0,2,81813,3,4,11771,19412,33,58,7641,16362.6,1914,1
9,0,0,111604,4,6,5662,4039,84,71,-1623,15943.42857142857,5964,1
9,0,0,96931,4,5,3569,6909,48,34,3340,16155.166666666666,1632,1
6,0,1,109286,1,7,7958,14014,11,83,6056,13660.75,913,1
9,0,0,134743,4,5,11412,13433,97,32,2021,22457.166666666668,3104,1
8,1,2,33678,0,3,5973,5669,33,65,-304,8419.5,2145,0
9,0,0,151359,4,5,4822,3481,65,24,-1341,25226.5,1560,1
9,0,0,116596,4,5,11628,10593,60,50,-1035,19432.666666666668,3000,1
3,2,1,187590,1,9,6269,14405,40,63,8136,18759.0,2520,1
3,2,1,219752,1,9,516,1162,43,35,646,21975.2,1505,1
0,0,2,94201,3,3,4555,5247,33,27,692,23550.25,891,2
9,0,0,111834,0,4,1240,1325,83,32,85,22366.8,2656,1
3,2,1,192664,1,9,11641,20912,23,8,9271,19266.4,184,1
0,0,2,93171,3,8,4240,5622,12,59,1382,10352.333333333334,708,1
1,2,1,51211,4,6,3241,4640,43,42,1399,7315.857142857143,1806,1
4,2,2,87809,0,5,2038,2875,9,63,837,14634.833333333334,567,2
2,0,2,56332,0,1,13670,19988,43,85,6318,28166.0,3655,0
5,0,2,68918,0,3,8539,10363,54,51,1824,17229.5,2754,2
1,2,1,57194,4,3,4716,5072,35,42,356,14298.5,1470,1
2,0,2,74192,0,0,6468,6715,53,70,247,74192.0,3710,0
9,0,0,150391,4,2,14061,23245,66,69,9184,50130.333333333336,4554,1
2,0,2,67305,0,3,12135,12306,34,30,171,16826.25,1020,0
6,0,1,166762,1,7,8984,15598,49,63,6614,20845.25,3087,1
5,0,2,67362,0,2,2347,2855,33,25,508,22454.0,825,1
3,2,1,77434,0,5,9008,9105,27,39,97,12905.666666666666,1053,1
9,0,0,115768,4,2,7222,6270,46,35,-952,38589.333333333336,1610,1
3,2,1,102141,0,1,2820,2573,13,51,-247,51070.5,663,1
5,0,2,70264,0,4,1006,799,54,34,-207,14052.8,1836,2
3,2,1,216597,1,6,12640,12615,15,16,-25,30942.428571428572,240,1
7,1,2,30815,2,3,3880,4587,24,38,707,7703.75,912,0
9,0,2,107925,0,4,6689,9337,34,25,2648,21585.0,850,1
2,0,2,66682,0,3,14871,12087,30,26,-2784,16670.5,780,2
6,0,1,158995,1,9,7860,14169,39,47,6309,15899.5,1833,1
9,0,0,146569,4,5,4846,10296,73,32,5450,24428.166666666668,2336,1
6,0,1,124119,1,2,5926,7418,26,19,1492,41373.0,494,1
3,2,1,176207,1,9,7336,6679,13,20,-657,17620.7,260,1
2,0,2,59098,0,1,3622,5588,36,69,1966,29549.0,2484,0
3,2,1,189767,1,7,9020,13422,42,45,4402,23720.875,1890,1
0,0,2,88232,3,6,10533,15945,31,60,5412,12604.57142857143,1860,1
8,1,2,41395,0,4,13530,10454,56,80,-3076,8279.0,4480,0
3,2,1,151340,1,9,13484,23552,63,39,10068,15134.0,2457,1
2,0,2,61077,0,5,2305,3078,21,58,773,10179.5,1218,0
5,0,2,73150,0,1,11731,13458,46,41,1727,36575.0,1886,1
5,0,2,63208,0,4,11656,16454,48,37,4798,12641.6,1776,2
1,2,1,60147,4,5,5247,6647,18,63,1400,10024.5,1134,1
1,2,1,62363,4,6,11384,12981,19,61,1597,8909.0,1159,1
2,0,2,67806,0,2,8476,11798,45,68,3322,22602.0,3060,0
9,0,0,115672,0,0,13603,17397,85,48,3794,115672.0,4080,1
9,0,0,129667,4,5,7936,10475,55,61,2539,21611.166666666668,3355,1
9,0,2,89780,0,2,5136,7230,68,61,2094,29926.666666666668,4148,1
9,0,0,119017,0,2,1371,1445,39,42,74,39672.333333333336,1638,1
2,0,2,69880,0,2,583,739,2,77,156,23293.333333333332,154,0
7,1,2,30778,2,0,11317,10361,40,59,-956,30778.0,2360,0
9,0,0,116720,4,0,4619,8823,73,31,4204,116720.0,2263,1
7,1,2,27980,2,0,14896,12178,29,54,-2718,27980.0,1566,0
4,2,2,91133,0,3,14574,12216,55,31,-2358,22783.25,1705,1
3,2,1,73785,0,3,13097,24672,36,30,11575,18446.25,1080,1
9,0,0,101290,4,5,1909,2007,84,21,98,16881.666666666668,1764,1
9,0,0,127463,4,4,12510,18550,41,86,6040,25492.6,3526,1
8,1,2,34820,0,0,10088,8453,36,30,-1635,34820.0,1080,0
2,0,2,48629,0,4,4085,5794,47,47,1709,9725.8,2209,2
5,0,2,63154,0,4,6310,9439,46,53,3129,12630.8,2438,1
4,2,2,76055,0,2,11616,19100,36,61,7484,25351.666666666668,2196,2
8,1,2,38357,0,0,7039,8078,26,36,1039,38357.0,936,0
6,0,1,129765,1,8,4780,8688,35,66,3908,14418.333333333334,2310,1
3,2,1,185342,1,4,5591,10100,31,58,4509,37068.4,1798,1
3,2,1,205663,1,9,7640,14624,14,47,6984,20566.3,658,1
4,2,2,90583,0,3,9972,12558,37,19,2586,22645.75,703,1
3,2,1,100483,0,3,13077,17703,0,15,4626,25120.75,0,1
2,0,2,72159,0,4,2723,2745,20,37,22,14431.8,740,0
1,2,1,62407,4,5,3768,5537,26,31,1769,10401.166666666666,806,1
2,0,2,66686,0,3,1902,2491,76,24,589,16671.5,1824,2
3,2,1,200034,1,7,10794,10882,25,32,88,25004.25,800,1
1,2,1,55537,4,3,3504,4769,12,43,1265,13884.25,516,1
4,2,2,107412,0,5,14851,14774,59,51,-77,17902.0,3009,2
9,0,0,81781,0,3,2770,4263,98,59,1493,20445.25,5782,2
5,0,2,63913,0,1,11872,11463,32,24,-409,31956.5,768,1
1,2,1,57766,4,6,11725,13641,9,52,1916,8252.285714285714,468,1
5,0,2,65712,0,3,6303,8374,37,45,2071,16428.0,1665,1
5,0,2,79184,0,3,7389,10337,28,47,2948,19796.0,1316,1
5,0,2,59384,0,0,953,1386,29,35,433,59384.0,1015,1
9,0,0,128429,4,3,13062,22144,23,58,9082,32107.25,1334,1
9,0,0,138465,0,3,12883,14099,71,46,1216,34616.25,3266,1
3,2,1,146092,1,7,5454,12359,39,45,6905,18261.5,1755,1
3,2,1,171457,1,8,8891,11589,35,59,2698,19050.777777777777,2065,1
9,0,0,131742,4,4,10672,18261,53,57,7589,26348.4,3021,1
6,0,1,169296,1,7,9766,13690,14,41,3924,21162.0,574,1
9,0,0,143657,4,2,12875,18312,62,29,5437,47885.666666666664,1798,1
9,0,0,130945,4,5,7101,6739,64,18,-362,21824.166666666668,1152,1
5,0,2,62343,0,0,13729,17838,27,44,4109,62343.0,1188,2
5,0,2,65461,0,0,14249,13302,35,35,-947,65461.0,1225,2
9,0,0,99639,0,0,1396,2591,75,35,1195,99639.0,2625,1
0,0,2,74137,3,3,11147,18071,44,29,6924,18534.25,1276,2
7,1,2,30736,2,1,10237,10868,26,50,631,15368.0,1300,0
0,0,2,85773,3,5,5260,6927,68,36,1667,14295.5,2448,2
5,0,2,53537,0,5,11814,10504,47,49,-1310,8922.833333333334,2303,1
0,0,2,91808,3,5,1497,2204,46,72,707,15301.333333333334,3312,1
4,1,0,45674,2,3,10078,10255,50,63,177,11418.5,3150,0
4,1,0,58858,2,1,12246,14790,39,43,2544,29429.0,1677,0
4,1,0,37426,2,0,3859,3685,24,54,-174,37426.0,1296,0
9,0,0,139680,4,4,9708,16481,67,70,6773,27936.0,4690,1
9,0,0,132608,4,3,4162,9339,51,47,5177,33152.0,2397,1
2,0,2,83866,0,2,10793,10338,33,33,-455,27955.333333333332,1089,0
4,1,0,49201,2,0,605,434,64,5,-171,49201.0,320,0
3,2,1,172814,1,7,11768,18084,21,24,6316,21601.75,504,1
9,0,0,108377,0,3,1600,1432,64,77,-168,27094.25,4928,1
9,0,0,134460,4,6,10392,7360,59,26,-3032,19208.571428571428,1534,1
1,2,1,45681,4,4,2087,2160,47,56,73,9136.2,2632,1
9,0,2,97773,0,3,2197,2651,62,42,454,24443.25,2604,1
9,0,0,118632,4,2,14143,20570,44,71,6427,39544.0,3124,1
5,0,2,71366,0,3,6901,10257,35,28,3356,17841.5,980,1
6,0,1,134142,1,5,2495,1765,2,74,-730,22357.0,148,1
8,1,2,43506,0,3,8425,11546,63,56,3121,10876.5,3528,0
0,0,2,75036,3,4,4349,4952,34,52,603,15007.2,1768,2
2,0,2,83269,0,4,13962,10098,61,42,-3864,16653.8,2562,0
3,2,1,77822,0,4,7694,7244,30,39,-450,15564.4,1170,1
9,0,0,114960,0,0,7583,5608,59,46,-1975,114960.0,2714,1
3,2,1,76970,0,5,854,1261,8,59,407,12828.333333333334,472,1
9,0,0,158162,4,5,13911,20319,67,24,6408,26360.333333333332,1608,1
9,0,0,111686,4,5,8880,13819,57,80,4939,18614.333333333332,4560,1
9,0,2,92037,0,5,8301,11523,42,32,3222,15339.5,1344,2
2,0,2,47551,0,2,5242,4995,57,40,-247,15850.333333333334,2280,2
3,2,1,194527,1,7,8576,9624,24,47,1048,24315.875,1128,1
3,2,1,78714,0,2,5008,4965,36,58,-43,26238.0,2088,1
8,1,2,32379,0,1,11930,9467,48,37,-2463,16189.5,1776,0
5,0,2,54568,0,3,7330,8321,25,81,991,13642.0,2025,1
9,0,0,159180,4,4,958,707,51,70,-251,31836.0,3570,1
5,0,2,62591,0,2,2468,1740,51,49,-728,20863.666666666668,2499,1
8,1,2,39713,0,3,680,855,71,28,175,9928.25,1988,2
2,0,2,65988,0,4,1058,951,39,13,-107,13197.6,507,0
5,0,2,69900,0,2,1198,1233,9,44,35,23300.0,396,1
9,0,0,125060,4,4,8166,6861,71,43,-1305,25012.0,3053,1
2,0,2,63123,0,3,649,972,30,42,323,15780.75,1260,0
7,1,2,38676,2,1,8702,10685,47,24,1983,19338.0,1128,0
9,0,2,102668,0,5,6215,9128,77,33,2913,17111.333333333332,2541,1
8,1,2,50307,0,0,8905,10099,19,39,1194,50307.0,741,0
9,0,0,108205,4,4,11246,14946,81,50,3700,21641.0,4050,1
7,1,2,27422,2,3,11246,10806,49,22,-440,6855.5,1078,0
7,1,2,25459,2,0,8028,7423,32,60,-605,25459.0,1920,0
2,0,2,65620,0,2,13360,13857,52,47,497,21873.333333333332,2444,0
6,0,1,157205,1,8,6954,8184,10,5,1230,17467.222222222223,50,1
6,0,1,127817,1,7,14251,17835,11,57,3584,15977.125,627,1
8,1,2,42874,0,1,8229,9805,27,52,1576,21437.0,1404,0
3,2,1,70298,0,3,3455,4828,23,16,1373,17574.5,368,1
4,1,0,44860,2,3,8806,8333,18,38,-473,11215.0,684,0
2,0,2,56443,0,2,2620,2019,46,46,-601,18814.333333333332,2116,2
3,2,1,201533,1,6,10014,16183,36,41,6169,28790.428571428572,1476,1
3,2,1,167832,1,5,10616,20046,37,33,9430,27972.0,1221,1
9,0,0,102714,0,5,1236,2162,77,49,926,17119.0,3773,1
0,0,2,83657,3,7,12507,19474,46,47,6967,10457.125,2162,2
9,0,2,121050,0,5,2081,2429,73,58,348,20175.0,4234,1
5,0,2,75090,0,1,11630,10491,26,59,-1139,37545.0,1534,1
7,1,2,29038,2,0,12950,11145,4,57,-1805,29038.0,228,0
4,2,2,87122,0,5,13747,18226,23,35,4479,14520.333333333334,805,2
9,0,0,110251,0,2,14930,18450,50,52,3520,36750.333333333336,2600,1
4,1,0,42466,2,2,6792,5957,57,56,-835,14155.333333333334,3192,0
6,0,1,157923,1,6,1554,1718,50,52,164,22560.428571428572,2600,1
3,2,1,168243,1,8,4603,11432,24,52,6829,18693.666666666668,1248,1
9,0,0,128182,4,2,14374,10183,69,33,-4191,42727.333333333336,2277,1
5,0,2,53598,0,3,13006,15872,28,52,2866,13399.5,1456,2
3,2,1,183674,1,5,10843,13823,40,47,2980,30612.333333333332,1880,1
6,0,1,124404,1,8,3351,4864,38,71,1513,13822.666666666666,2698,1
9,0,0,89382,0,4,11947,10643,78,52,-1304,17876.4,4056,1
8,1,2,36884,0,0,2682,2606,21,66,-76,36884.0,1386,0
1,2,1,40732,4,7,3772,5413,76,62,1641,5091.5,4712,1
2,0,2,66741,0,5,8546,10973,48,41,2427,11123.5,1968,2
3,2,1,78760,0,5,5187,9355,5,76,4168,13126.666666666666,380,1
9,0,2,107758,0,5,12659,10984,80,56,-1675,17959.666666666668,4480,1
8,1,2,38217,0,2,13833,9964,2,52,-3869,12739.0,104,0
4,2,2,74841,0,0,13443,10603,36,34,-2840,74841.0,1224,1
9,0,0,120768,0,4,10037,16384,22,48,6347,24153.6,1056,1
3,2,1,92630,0,4,11455,22793,3,58,11338,18526.0,174,1
9,0,2,98972,0,3,1044,1698,71,64,654,24743.0,4544,1
6,0,1,119863,1,6,585,700,50,33,115,17123.285714285714,1650,1
4,2,2,98145,0,5,7185,10244,10,15,3059,16357.5,150,2
1,2,1,57466,4,4,14663,18646,53,81,3983,11493.2,4293,2
7,1,2,29658,2,2,3536,4119,15,42,583,9886.0,630,0
5,0,2,40759,0,5,3615,4367,33,63,752,6793.166666666667,2079,1
3,2,1,170194,1,7,14059,31816,32,37,17757,21274.25,1184,1
1,2,1,55174,4,1,6268,8266,41,61,1998,27587.0,2501,1
3,2,1,147759,1,7,9653,21476,12,52,11823,18469.875,624,1
4,2,2,97796,0,4,1600,2522,33,15,922,19559.2,495,1
8,1,2,32644,0,2,10747,9722,35,44,-1025,10881.333333333334,1540,0
0,0,2,57319,3,5,1661,1729,81,47,68,9553.166666666666,3807,1
9,0,0,108385,0,3,2583,2030,64,28,-553,27096.25,1792,1
2,0,2,77844,0,4,2153,2080,32,52,-73,15568.8,1664,0
5,0,2,63615,0,1,4277,3895,64,47,-382,31807.5,3008,2
3,2,1,175275,1,10,9356,20475,30,8,11119,15934.09090909091,240,1
9,0,0,112886,4,3,4170,2922,68,34,-1248,28221.5,2312,1
6,0,1,137143,1,7,14068,25156,30,39,11088,17142.875,1170,1
8,1,2,41234,0,2,12022,15322,5,29,3300,13744.666666666666,145,0
9,0,0,136287,0,2,14794,21916,66,52,7122,45429.0,3432,1
2,0,2,74174,0,2,1725,2580,3,50,855,24724.666666666668,150,2
3,2,1,176810,1,6,4455,7894,27,78,3439,25258.571428571428,2106,1
6,0,1,158198,1,8,10514,17239,61,30,6725,17577.555555555555,1830,1
2,0,2,62425,0,2,7040,10806,36,36,3766,20808.333333333332,1296,0
9,0,0,95204,4,5,9444,14516,93,78,5072,15867.333333333334,7254,1
3,2,1,142289,1,9,8216,15433,16,32,7217,14228.9,512,1
3,2,1,90880,0,4,991,864,38,55,-127,18176.0,2090,1
7,1,2,30111,2,2,7404,7277,41,25,-127,10037.0,1025,0
9,0,2,88015,0,2,5981,7432,46,58,1451,29338.333333333332,2668,1
9,0,0,122398,4,6,3846,8253,79,37,4407,17485.428571428572,2923,1
0,0,2,88119,3,5,12523,12002,51,31,-521,14686.5,1581,1
6,0,1,164806,1,8,12908,20703,46,47,7795,18311.777777777777,2162,1
9,0,2,91733,0,7,8586,14679,97,61,6093,11466.625,5917,2
4,2,2,76209,0,2,9738,15509,11,48,5771,25403.0,528,1
4,1,0,42312,2,1,14180,14657,39,33,477,21156.0,1287,0
7,1,2,30415,2,2,1659,1467,7,45,-192,10138.333333333334,315,0
3,2,1,151288,1,6,12612,27438,25,25,14826,21612.571428571428,625,1
6,0,1,142732,1,5,1820,1382,45,62,-438,23788.666666666668,2790,1
5,0,2,70970,0,4,2621,3984,15,41,1363,14194.0,615,1
4,1,0,42728,2,2,1183,838,19,40,-345,14242.666666666666,760,0
9,0,0,146774,4,2,8636,9985,72,78,1349,48924.666666666664,5616,1
9,0,2,109017,0,2,11155,8457,95,37,-2698,36339.0,3515,1
8,1,2,41694,0,0,8324,8867,5,72,543,41694.0,360,0
4,2,2,88080,0,3,14423,23910,10,28,9487,22020.0,280,1
9,0,0,118961,4,2,1406,1022,83,49,-384,39653.666666666664,4067,1
4,2,2,89528,0,5,13309,11875,50,25,-1434,14921.333333333334,1250,2
1,2,1,49433,4,6,10463,11300,36,57,837,7061.857142857143,2052,1
3,2,1,87202,0,1,11700,9094,40,63,-2606,43601.0,2520,1
1,2,1,41494,4,4,8399,6083,36,63,-2316,8298.8,2268,1
8,1,2,37236,0,1,13044,17754,34,35,4710,18618.0,1190,0
4,1,0,42806,2,2,2551,2511,32,28,-40,14268.666666666666,896,0
4,1,0,49257,2,2,7493,7659,16,58,166,16419.0,928,0
9,0,0,148533,4,5,2393,2501,35,43,108,24755.5,1505,1
9,0,0,116952,0,2,10586,13042,100,49,2456,38984.0,4900,1
7,1,2,28917,2,3,3672,2713,16,50,-959,7229.25,800,0
8,1,2,42075,0,2,1449,1716,15,94,267,14025.0,1410,0
9,0,2,86650,0,2,2007,3023,83,32,1016,28883.333333333332,2656,1
9,0,0,87356,4,3,4221,6130,68,59,1909,21839.0,4012,1
4,1,0,52784,2,0,12830,15969,27,67,3139,52784.0,1809,0
3,2,1,210051,1,7,1250,2798,0,34,1548,26256.375,0,1
0,0,2,58626,3,5,12293,15312,21,25,3019,9771.0,525,1
0,0,2,62737,3,5,1431,1164,60,27,-267,10456.166666666666,1620,2
9,0,0,138287,4,6,2576,2202,89,47,-374,19755.285714285714,4183,1
9,0,0,128706,4,3,5130,7950,72,49,2820,32176.5,3528,1
7,1,2,34561,2,0,6228,5088,49,59,-1140,34561.0,2891,0
3,2,1,85091,0,3,4501,8512,32,21,4011,21272.75,672,1
9,0,0,142034,4,5,10430,15954,100,52,5524,23672.333333333332,5200,1
5,0,2,61224,0,3,11273,14559,50,29,3286,15306.0,1450,2
3,2,1,79151,0,4,1758,1818,42,35,60,15830.2,1470,1
2,0,2,86087,0,3,9407,14319,49,30,4912,21521.75,1470,0
5,0,2,57642,0,4,12054,11986,59,5,-68,11528.4,295,1
6,0,1,95283,1,4,14569,26336,28,12,11767,19056.6,336,1
5,0,2,63336,0,1,12183,18438,26,65,6255,31668.0,1690,1
7,1,2,25068,2,3,13282,14420,34,32,1138,6267.0,1088,0
2,0,2,72610,0,4,14737,22619,43,48,7882,14522.0,2064,0
1,2,1,60409,4,1,4883,6866,40,26,1983,30204.5,1040,1
4,1,0,57673,2,4,9370,10223,4,52,853,11534.6,208,0
9,0,0,122029,0,2,1384,2026,82,71,642,40676.333333333336,5822,1
6,0,1,168444,1,9,7231,9693,15,24,2462,16844.4,360,1
5,0,2,74786,0,0,5083,5726,24,51,643,74786.0,1224,2
9,0,2,71901,0,3,2746,3329,50,71,583,17975.25,3550,2
9,0,2,72118,0,2,5496,4657,57,42,-839,24039.333333333332,2394,1
9,0,2,81010,0,4,2511,2752,84,51,241,16202.0,4284,1
4,1,0,50417,2,4,13875,9962,44,37,-3913,10083.4,1628,0
9,0,0,109841,4,4,4351,8334,96,50,3983,21968.2,4800,1
3,2,1,89033,0,4,13020,23989,35,17,10969,17806.6,595,1
9,0,0,129277,0,1,848,940,78,30,92,64638.5,2340,1
0,0,2,84189,3,5,1053,1226,59,82,173,14031.5,4838,1
2,0,2,77509,0,3,10137,12693,55,21,2556,19377.25,1155,0
2,0,2,71026,0,4,14052,15217,15,35,1165,14205.2,525,0
9,0,0,89680,4,3,5072,5795,60,23,723,22420.0,1380,1
8,1,2,30214,0,1,8615,10832,70,54,2217,15107.0,3780,0
0,0,2,81011,3,4,6768,10818,44,43,4050,16202.2,1892,1
5,0,2,78082,0,1,1227,1671,18,72,444,39041.0,1296,1
9,0,2,93976,0,4,6714,5099,37,36,-1615,18795.2,1332,1
3,2,1,82491,0,2,7562,13858,56,50,6296,27497.0,2800,1
9,0,0,126061,4,0,11320,12206,91,47,886,126061.0,4277,1
9,0,0,133657,4,3,9372,10397,87,54,1025,33414.25,4698,1
6,0,1,163510,1,6,925,1654,35,29,729,23358.571428571428,1015,1
4,2,2,74568,0,4,6008,6048,31,29,40,14913.6,899,2
4,2,2,87955,0,6,12842,21149,22,39,8307,12565.0,858,2
9,0,2,98084,0,2,12906,20729,65,59,7823,32694.666666666668,3835,1
7,1,2,34460,2,0,12391,10215,24,83,-2176,34460.0,1992,0
8,1,2,35097,0,2,14684,17711,38,38,3027,11699.0,1444,0
4,2,2,91126,0,3,12447,16719,17,8,4272,22781.5,136,1
4,2,2,88037,0,3,2289,2541,49,48,252,22009.25,2352,1
8,1,2,43782,0,3,12317,12708,36,53,391,10945.5,1908,0
0,0,2,87224,3,3,9261,6700,68,38,-2561,21806.0,2584,1
8,1,2,48447,0,2,9881,6921,16,29,-2960,16149.0,464,0
4,2,2,94352,0,2,9001,11602,35,35,2601,31450.666666666668,1225,2
9,0,0,121639,4,4,6747,6589,98,43,-158,24327.8,4214,1
4,1,0,41914,2,0,4403,5385,39,32,982,41914.0,1248,0
6,0,1,133886,1,7,748,1172,69,8,424,16735.75,552,1
4,2,2,82892,0,4,11683,9277,37,56,-2406,16578.4,2072,1
9,0,0,122364,0,2,4594,6224,70,47,1630,40788.0,3290,1
2,0,2,82296,0,2,6030,9237,12,60,3207,27432.0,720,0
8,1,2,39703,0,2,1132,1253,17,56,121,13234.333333333334,952,0
2,0,2,64535,0,2,6426,6145,19,33,-281,21511.666666666668,627,0
3,2,1,88419,0,3,4604,6775,17,43,2171,22104.75,731,1
9,0,0,146085,4,2,2536,2451,73,57,-85,48695.0,4161,1
3,2,1,184216,1,6,11326,19098,63,5,7772,26316.571428571428,315,1
0,0,2,86353,3,5,4833,6217,49,38,1384,14392.166666666666,1862,1
5,0,2,65385,0,2,8081,8448,5,66,367,21795.0,330,2
5,0,2,62396,0,3,645,488,34,32,-157,15599.0,1088,1
9,0,0,116933,4,1,6377,11348,81,61,4971,58466.5,4941,1
3,2,1,85103,0,3,14333,20926,43,65,6593,21275.75,2795,1
9,0,2,98821,0,5,7194,6309,86,80,-885,16470.166666666668,6880,1
3,2,1,163959,1,8,1803,2215,0,17,412,18217.666666666668,0,1
6,0,1,105391,1,5,10499,7914,20,56,-2585,17565.166666666668,1120,1
7,1,2,33523,2,2,1549,1282,11,24,-267,11174.333333333334,264,0
9,0,0,125217,4,5,4727,7432,58,57,2705,20869.5,3306,1
2,0,2,59527,0,5,14738,13233,38,36,-1505,9921.166666666666,1368,0
9,0,0,152356,4,3,4226,7057,76,30,2831,38089.0,2280,1
9,0,0,159770,4,6,14774,24331,49,34,9557,22824.285714285714,1666,1
3,2,1,101789,0,3,1312,1243,40,5,-69,25447.25,200,1
9,0,0,104921,0,3,11224,17423,98,32,6199,26230.25,3136,1
9,0,0,126671,4,4,11713,12456,69,48,743,25334.2,3312,1
0,0,2,86966,3,7,7714,7355,35,66,-359,10870.75,2310,1
7,1,2,26758,2,1,1187,1299,65,52,112,13379.0,3380,0
4,1,0,43821,2,1,4234,3092,44,60,-1142,21910.5,2640,0
4,1,0,37874,2,3,4744,5316,0,54,572,9468.5,0,0
9,0,0,130659,4,2,11614,15231,33,29,3617,43553.0,957,1
1,2,1,60706,4,5,12268,14970,25,18,2702,10117.666666666666,450,1
3,2,1,153468,1,6,4345,10692,28,28,6347,21924.0,784,1
9,0,0,109541,0,2,1769,1894,69,71,125,36513.666666666664,4899,1
5,0,2,78895,0,4,2354,3526,42,48,1172,15779.0,2016,1
9,0,0,112005,0,5,4382,4385,78,65,3,18667.5,5070,1
7,1,2,35289,2,0,9844,10806,14,65,962,35289.0,910,0
0,0,2,81386,3,3,13979,19177,40,9,5198,20346.5,360,1
9,0,0,143063,0,3,11016,15360,90,26,4344,35765.75,2340,1
6,0,1,102111,1,6,5138,5714,21,59,576,14587.285714285714,1239,1
9,0,0,127685,4,4,5850,10627,77,47,4777,25537.0,3619,1
4,2,2,65891,0,2,6402,6926,15,18,524,21963.666666666668,270,2
8,1,2,47095,0,0,11182,14118,10,46,2936,47095.0,460,0
5,0,2,64575,0,4,5317,4881,56,17,-436,12915.0,952,2
9,0,0,121926,4,1,3126,6008,76,61,2882,60963.0,4636,1
9,0,0,135536,4,2,5265,8529,100,15,3264,45178.666666666664,1500,1
6,0,1,160565,1,6,10186,7378,48,38,-2808,22937.85714285714,1824,1
9,0,0,126831,0,0,10478,7619,75,26,-2859,126831.0,1950,2
4,2,2,77852,0,1,5629,3964,31,41,-1665,38926.0,1271,1
4,1,0,42672,2,3,13293,13317,25,46,24,10668.0,1150,0
4,2,2,85959,0,3,10027,9915,30,54,-112,21489.75,1620,2
9,0,2,116048,0,5,6706,10309,95,7,3603,19341.333333333332,665,1
9,0,0,112425,4,4,11265,9903,73,53,-1362,22485.0,3869,1
8,1,2,50526,0,2,12994,10717,24,43,-2277,16842.0,1032,0
9,0,0,87144,0,3,4179,4151,92,36,-28,21786.0,3312,1
1,2,1,56766,4,4,9911,13120,23,21,3209,11353.2,483,1
4,1,0,56659,2,0,7349,7158,38,47,-191,56659.0,1786,0
4,1,0,44088,2,4,2486,1823,33,53,-663,8817.6,1749,0
4,2,2,98758,0,4,1342,1248,37,42,-94,19751.6,1554,2
5,0,2,52595,0,3,11300,10034,58,29,-1266,13148.75,1682,2
1,2,1,71839,4,5,7725,10239,51,82,2514,11973.166666666666,4182,1
2,0,2,63800,0,3,3695,3806,45,27,111,15950.0,1215,0
2,0,2,71176,0,3,4498,5197,27,28,699,17794.0,756,2
9,0,2,120943,0,4,13590,18954,51,66,5364,24188.6,3366,1
9,0,2,93106,0,4,7968,10955,70,14,2987,18621.2,980,1
4,1,0,45141,2,2,2390,2208,41,62,-182,15047.0,2542,0
5,0,2,73805,0,3,12506,12769,7,40,263,18451.25,280,1
7,1,2,25000,2,0,1805,2188,46,56,383,25000.0,2576,0
1,2,1,56503,4,5,8784,8359,50,44,-425,9417.166666666666,2200,1
6,0,1,127604,1,6,6435,6297,36,53,-138,18229.14285714286,1908,1
3,2,1,217600,1,8,4274,4782,41,33,508,24177.777777777777,1353,1
4,2,2,99869,0,4,7362,7931,58,37,569,19973.8,2146,1
3,2,1,163409,1,5,14063,33657,68,55,19594,27234.833333333332,3740,1
6,0,1,169334,1,7,9308,11623,45,29,2315,21166.75,1305,1
4,2,2,98843,0,4,7178,6720,55,57,-458,19768.6,3135,1
3,2,1,92071,0,3,2763,5272,38,36,2509,23017.75,1368,1
2,0,2,67387,0,4,13539,12428,31,30,-1111,13477.4,930,0
7,1,2,33846,2,0,5642,5290,46,33,-352,33846.0,1518,0
9,0,0,82164,0,2,7192,10163,100,68,2971,27388.0,6800,1
1,2,1,50204,4,5,2931,3203,33,55,272,8367.333333333334,1815,1
5,0,2,57910,0,3,10865,16572,15,43,5707,14477.5,645,1
6,0,1,132686,1,7,3447,3349,20,33,-98,16585.75,660,1
9,0,0,141381,4,4,3232,5991,63,71,2759,28276.2,4473,1
8,1,2,25000,0,3,4815,4530,64,26,-285,6250.0,1664,0
4,1,0,49823,2,0,8198,6336,39,63,-1862,49823.0,2457,0
9,0,0,125730,4,5,14745,31224,56,29,16479,20955.0,1624,1
0,0,2,79150,3,5,7568,7654,34,49,86,13191.666666666666,1666,1
4,1,0,37263,2,4,3235,4187,36,26,952,7452.6,936,0
9,0,0,149718,4,4,8936,19646,55,50,10710,29943.6,2750,1
6,0,1,134884,1,5,6858,9675,45,62,2817,22480.666666666668,2790,1
7,1,2,38365,2,0,2588,1868,51,43,-720,38365.0,2193,0
4,1,0,44565,2,3,9624,8843,54,82,-781,11141.25,4428,0
4,1,0,47212,2,0,5306,4533,39,62,-773,47212.0,2418,0
7,1,2,25278,2,0,14012,9867,28,68,-4145,25278.0,1904,0
3,2,1,178426,1,9,10473,20613,26,29,10140,17842.6,754,1
9,0,0,115584,0,1,12332,10744,92,37,-1588,57792.0,3404,1
9,0,0,84131,0,2,12603,14077,76,41,1474,28043.666666666668,3116,1
5,0,2,54249,0,4,7199,10043,19,64,2844,10849.8,1216,1
4,1,0,55560,2,1,14177,11624,11,55,-2553,27780.0,605,0
2,0,2,73274,0,4,12913,17046,37,29,4133,14654.8,1073,0
4,1,0,40100,2,1,2705,2049,15,13,-656,20050.0,195,0
4,1,0,41468,2,4,13049,15907,13,42,2858,8293.6,546,0
6,0,1,135462,1,6,13936,24921,34,63,10985,19351.714285714286,2142,1
9,0,0,94348,0,4,2994,3902,68,44,908,18869.6,2992,1
3,2,1,201102,1,10,10216,8455,54,19,-1761,18282.0,1026,1
3,2,1,73803,0,5,11139,18412,55,29,7273,12300.5,1595,1
8,1,2,36842,0,1,5750,5682,52,66,-68,18421.0,3432,0
9,0,0,109243,4,4,8834,16647,76,21,7813,21848.6,1596,1
2,0,2,67395,0,0,13164,10825,26,38,-2339,67395.0,988,0
9,0,2,100017,0,2,5371,4365,93,21,-1006,33339.0,1953,1
7,1,2,26095,2,1,1291,1422,61,82,131,13047.5,5002,0
1,2,1,58841,4,4,9104,13451,14,41,4347,11768.2,574,1
1,2,1,35203,4,6,14329,15931,56,56,1602,5029.0,3136,1
2,0,2,63344,0,3,5788,4647,5,54,-1141,15836.0,270,0
7,1,2,34495,2,0,12907,9091,77,39,-3816,34495.0,3003,0
9,0,0,115503,4,6,1187,1659,53,72,472,16500.428571428572,3816,1
8,1,2,39684,0,3,9005,10510,33,26,1505,9921.0,858,0
3,2,1,187929,1,7,14911,36881,71,30,21970,23491.125,2130,1
7,1,2,32635,2,0,2129,2186,3,56,57,32635.0,168,0
2,0,2,83765,0,2,3213,2501,14,72,-712,27921.666666666668,1008,0
2,0,2,71903,0,3,4986,4992,27,20,6,17975.75,540,0
5,0,2,74113,0,1,4164,4254,31,46,90,37056.5,1426,1
2,0,2,65551,0,3,4750,3358,22,36,-1392,16387.75,792,0
4,2,2,92338,0,2,2238,2817,49,59,579,30779.333333333332,2891,1
3,2,1,92866,0,3,5065,6754,5,39,1689,23216.5,195,1
9,0,0,107754,0,2,3888,3671,55,56,-217,35918.0,3080,1
0,0,2,54102,3,5,8834,10825,30,23,1991,9017.0,690,1
9,0,0,95905,4,2,10304,7332,49,14,-2972,31968.333333333332,686,1
6,0,1,141854,1,8,9344,10808,25,41,1464,15761.555555555555,1025,1
4,2,2,91977,0,2,3697,4725,56,44,1028,30659.0,2464,1
5,0,2,70347,0,3,14139,19099,0,57,4960,17586.75,0,1
7,1,2,32782,2,0,3828,4423,52,43,595,32782.0,2236,0
3,2,1,165557,1,10,7487,6873,38,35,-614,15050.636363636364,1330,1
1,2,1,61893,4,3,2567,1808,48,49,-759,15473.25,2352,1
2,0,2,76645,0,1,2295,3609,1,63,1314,38322.5,63,0
5,0,2,67297,0,3,7582,11159,33,70,3577,16824.25,2310,1
2,0,2,67562,0,4,1923,2039,40,43,116,13512.4,1720,0
2,0,2,84720,0,2,12487,12125,8,29,-362,28240.0,232,0
7,1,2,35338,2,4,13666,15068,29,60,1402,7067.6,1740,0
4,1,0,47670,2,4,13497,12408,41,43,-1089,9534.0,1763,0
4,1,0,46392,2,1,1718,1893,28,34,175,23196.0,952,0
9,0,0,129377,4,5,8807,11833,71,54,3026,21562.833333333332,3834,1
2,0,2,69748,0,3,7929,10794,30,31,2865,17437.0,930,0
3,2,1,90181,0,4,13231,25774,53,19,12543,18036.2,1007,1
4,1,0,48693,2,2,11771,10506,38,62,-1265,16231.0,2356,0
6,0,1,141514,1,4,1128,1388,33,58,260,28302.8,1914,1
9,0,0,103534,0,1,12052,9270,55,28,-2782,51767.0,1540,1
7,1,2,32919,2,1,3619,2874,6,29,-745,16459.5,174,0
3,2,1,74123,0,3,14223,17514,35,49,3291,18530.75,1715,1
3,2,1,90459,0,3,10777,13355,44,36,2578,22614.75,1584,1
9,0,2,99472,0,3,2742,2284,35,71,-458,24868.0,2485,1
8,1,2,40591,0,2,14788,15764,58,52,976,13530.333333333334,3016,0
3,2,1,86199,0,4,3705,4562,6,50,857,17239.8,300,1
5,0,2,83373,0,2,2981,2304,50,41,-677,27791.0,2050,2
0,0,2,95103,3,4,3565,2961,22,47,-604,19020.6,1034,1
2,0,2,64036,0,2,2659,1869,7,47,-790,21345.333333333332,329,0
3,2,1,96735,0,1,14850,22829,22,59,7979,48367.5,1298,1
1,2,1,46117,4,5,14543,13234,50,42,-1309,7686.166666666667,2100,1
9,0,0,122694,4,2,7615,10906,98,54,3291,40898.0,5292,1
5,0,2,60150,0,4,9637,11440,26,29,1803,12030.0,754,2
9,0,2,96771,0,5,12132,16313,91,61,4181,16128.5,5551,1
9,0,0,121815,4,2,7351,10822,71,57,3471,40605.0,4047,1
3,2,1,172666,1,11,6730,16166,51,72,9436,14388.833333333334,3672,1
9,0,2,119736,0,3,10948,9964,65,31,-984,29934.0,2015,1
5,0,2,71472,0,2,9191,12050,27,61,2859,23824.0,1647,2
6,0,1,151113,1,6,5416,6727,46,46,1311,21587.571428571428,2116,1
6,0,1,151226,1,5,5286,7245,14,82,1959,25204.333333333332,1148,1
5,0,2,63546,0,4,13553,12822,42,52,-731,12709.2,2184,2
3,2,1,189855,1,7,6351,10788,46,5,4437,23731.875,230,1
5,0,2,51380,0,2,5340,6274,48,27,934,17126.666666666668,1296,1
9,0,2,106610,0,2,2341,1804,84,64,-537,35536.666666666664,5376,1
8,1,2,43479,0,0,7826,9199,47,57,1373,43479.0,2679,0
9,0,2,98606,0,3,11353,9193,53,47,-2160,24651.5,2491,2
9,0,0,109063,0,3,3386,4408,42,33,1022,27265.75,1386,2
7,1,2,26901,2,0,11323,12412,41,27,1089,26901.0,1107,0
7,1,2,30099,2,3,11919,10823,29,45,-1096,7524.75,1305,0
4,1,0,51215,2,2,2598,2263,12,29,-335,17071.666666666668,348,0
0,0,2,86485,3,5,13684,13090,13,60,-594,14414.166666666666,780,1
3,2,1,185950,1,8,7250,14097,46,66,6847,20661.11111111111,3036,1
9,0,0,101389,4,5,5266,10327,72,47,5061,16898.166666666668,3384,1
1,2,1,55584,4,5,4024,4367,7,68,343,9264.0,476,1
9,0,0,113881,4,6,9712,8200,70,30,-1512,16268.714285714286,2100,1
2,0,2,73112,0,5,11559,9621,64,35,-1938,12185.333333333334,2240,0
8,1,2,50598,0,1,6912,8932,26,85,2020,25299.0,2210,0
8,1,2,39314,0,0,7031,9386,16,72,2355,39314.0,1152,0
6,0,1,117228,1,6,1395,2214,30,35,819,16746.85714285714,1050,1
5,0,2,77969,0,5,12430,18488,47,50,6058,12994.833333333334,2350,1
7,1,2,32666,2,1,10924,12921,35,28,1997,16333.0,980,0
2,0,2,91521,0,5,7834,5692,20,39,-2142,15253.5,780,0
9,0,2,101995,0,4,9879,15572,81,11,5693,20399.0,891,1
1,2,1,48921,4,6,3878,5561,31,6,1683,6988.714285714285,186,1
3,2,1,174883,1,10,10506,14474,0,46,3968,15898.454545454546,0,1
9,0,0,135748,4,6,10411,19099,69,13,8688,19392.571428571428,897,1
9,0,0,103784,4,5,12332,12640,61,38,308,17297.333333333332,2318,1
4,2,2,86958,0,5,6712,5681,5,34,-1031,14493.0,170,1
4,2,2,66388,0,6,12046,12344,35,40,298,9484.0,1400,2
6,0,1,130953,1,5,6278,8128,25,35,1850,21825.5,875,1
9,0,0,89363,0,3,11230,9409,82,52,-1821,22340.75,4264,1
1,2,1,50076,4,2,3948,5458,25,23,1510,16692.0,575,2
1,2,1,49636,4,4,3751,4410,20,43,659,9927.2,860,1
0,0,2,85134,3,5,9276,6827,23,47,-2449,14189.0,1081,1
0,0,2,81892,3,3,12260,15284,73,25,3024,20473.0,1825,1
2,0,2,67512,0,3,13628,12466,28,56,-1162,16878.0,1568,0
6,0,1,152297,1,4,6625,11075,14,21,4450,30459.4,294,1
8,1,2,53083,0,2,4032,3826,0,29,-206,17694.333333333332,0,2
4,1,0,32685,2,4,4574,3740,33,37,-834,6537.0,1221,0
9,0,0,103473,4,4,14352,23552,33,44,9200,20694.6,1452,1
4,2,2,83945,0,3,9127,9380,38,62,253,20986.25,2356,2
1,2,1,51686,4,3,7019,8708,20,31,1689,12921.5,620,1
9,0,0,136999,4,3,3071,4203,54,41,1132,34249.75,2214,1
2,0,2,74230,0,3,897,1038,35,45,141,18557.5,1575,2
3,2,1,95728,0,3,13155,11519,39,68,-1636,23932.0,2652,1
9,0,0,91325,4,3,4963,5321,60,41,358,22831.25,2460,1
0,0,2,89140,3,1,13345,11395,42,56,-1950,44570.0,2352,2
3,2,1,84129,0,4,7065,13411,48,49,6346,16825.8,2352,1
0,0,2,76854,3,4,12632,20772,25,36,8140,15370.8,900,1
0,0,2,75101,3,6,1891,3113,6,50,1222,10728.714285714286,300,1
9,0,0,103360,0,1,8765,7910,65,61,-855,51680.0,3965,1
9,0,0,123018,4,5,741,1411,71,25,670,20503.0,1775,1
3,2,1,199522,1,6,2987,3773,23,16,786,28503.14285714286,368,1
4,1,0,46983,2,1,10136,8622,25,46,-1514,23491.5,1150,2
9,0,2,95771,0,2,14122,21566,77,95,7444,31923.666666666668,7315,1
0,0,2,94168,3,1,5614,5660,39,47,46,47084.0,1833,1
8,1,2,47615,0,2,8894,8444,23,28,-450,15871.666666666666,644,0
2,0,2,60858,0,2,4990,5702,24,23,712,20286.0,552,0
9,0,2,76181,0,2,2133,3335,76,87,1202,25393.666666666668,6612,1
3,2,1,94926,0,2,9940,13285,58,52,3345,31642.0,3016,1
8,1,2,34161,0,4,5271,5231,37,41,-40,6832.2,1517,0
9,0,0,123527,0,3,4141,3196,80,30,-945,30881.75,2400,2
1,2,1,63696,4,1,5063,5951,29,93,888,31848.0,2697,1
2,0,2,73806,0,3,12015,12443,24,57,428,18451.5,1368,0
1,2,1,57922,4,4,4507,5202,6,37,695,11584.4,222,1
9,0,0,110960,4,4,8643,16125,61,63,7482,22192.0,3843,1
7,1,2,32162,2,0,12996,11405,22,28,-1591,32162.0,616,0
4,1,0,44838,2,1,2274,2201,61,38,-73,22419.0,2318,2
9,0,2,107243,0,1,9967,11797,59,25,1830,53621.5,1475,1
8,1,2,36998,0,1,13135,13275,57,65,140,18499.0,3705,0
5,0,2,61477,0,3,6559,9425,23,54,2866,15369.25,1242,1
3,2,1,166216,1,10,2285,4286,43,33,2001,15110.545454545454,1419,1
7,1,2,25000,2,1,2855,2324,41,66,-531,12500.0,2706,0
9,0,0,100698,0,0,9689,9315,54,44,-374,100698.0,2376,2
9,0,2,88512,0,3,14669,23957,87,24,9288,22128.0,2088,1
3,2,1,173972,1,9,4595,3608,46,36,-987,17397.2,1656,1
9,0,0,113343,4,4,7105,10415,81,26,3310,22668.6,2106,1
0,0,2,83282,3,6,8258,11825,11,59,3567,11897.42857142857,649,1
4,1,0,46623,2,0,14256,10126,33,15,-4130,46623.0,495,0
4,2,2,75764,0,4,4308,7049,52,37,2741,15152.8,1924,1
4,2,2,93875,0,2,8584,13234,38,24,4650,31291.666666666668,912,1
8,1,2,40410,0,2,5602,4031,74,36,-1571,13470.0,2664,0
0,0,2,67327,3,5,2967,4694,20,59,1727,11221.166666666666,1180,1
7,1,2,28963,2,4,11788,14581,36,53,2793,5792.6,1908,0
3,2,1,194729,1,9,7160,8009,56,31,849,19472.9,1736,1
2,0,2,64465,0,4,11811,9065,41,25,-2746,12893.0,1025,0
4,2,2,100794,0,6,9714,16414,0,39,6700,14399.142857142857,0,2
1,2,1,51030,4,6,8688,6737,41,51,-1951,7290.0,2091,1
3,2,1,90932,0,6,4362,8308,34,47,3946,12990.285714285714,1598,1
5,0,2,54270,0,4,12114,11538,27,17,-576,10854.0,459,1
1,2,1,53194,4,1,9589,8742,63,48,-847,26597.0,3024,1
6,0,1,139526,1,6,2221,1694,44,39,-527,19932.285714285714,1716,1
4,1,0,54887,2,2,1769,2047,53,23,278,18295.666666666668,1219,0
9,0,0,179675,4,5,12900,13305,65,46,405,29945.833333333332,2990,1
9,0,0,144064,4,5,9018,16414,59,49,7396,24010.666666666668,2891,1
9,0,0,134982,4,5,3733,4707,62,54,974,22497.0,3348,1
0,0,2,92997,3,3,2362,3512,67,80,1150,23249.25,5360,1
6,0,1,129018,1,7,7449,13680,35,25,6231,16127.25,875,1
9,0,0,120507,4,2,10759,13349,57,46,2590,40169.0,2622,1
5,0,2,49394,0,6,2791,2893,62,41,102,7056.285714285715,2542,1
8,1,2,36771,0,2,7043,5275,58,44,-1768,12257.0,2552,0
2,0,2,65180,0,5,2426,3309,0,14,883,10863.333333333334,0,0
2,0,2,69526,0,4,12295,14370,54,36,2075,13905.2,1944,0
1,2,1,60793,4,4,5781,5380,15,38,-401,12158.6,570,1
6,0,1,174516,1,5,6588,7202,9,11,614,29086.0,99,1
3,2,1,100362,0,3,3218,4109,55,49,891,25090.5,2695,1
2,0,2,73540,0,2,9072,8582,23,46,-490,24513.333333333332,1058,0
4,2,2,64696,0,5,10559,7496,32,68,-3063,10782.666666666666,2176,2
1,2,1,46421,4,4,10404,9277,2,45,-1127,9284.2,90,1
5,0,2,51442,0,3,8083,11395,49,59,3312,12860.5,2891,2
6,0,1,152756,1,6,5909,7695,57,25,1786,21822.285714285714,1425,1
9,0,0,123021,4,5,9091,10439,63,41,1348,20503.5,2583,1
9,0,0,111681,4,4,5705,9923,76,16,4218,22336.2,1216,1
9,0,0,135991,4,4,2963,2521,64,40,-442,27198.2,2560,1
9,0,0,136035,0,3,591,524,71,33,-67,34008.75,2343,1
4,1,0,45054,2,5,3574,4098,21,41,524,7509.0,861,0
4,1,0,45497,2,1,2037,1861,3,60,-176,22748.5,180,0
5,0,2,56962,0,6,5923,4433,25,52,-1490,8137.428571428572,1300,1
9,0,0,140986,4,4,10739,15056,63,38,4317,28197.2,2394,1
3,2,1,175329,1,6,3063,6730,64,46,3667,25047.0,2944,1
7,1,2,36139,2,2,10925,9030,25,25,-1895,12046.333333333334,625,0
6,0,1,179061,1,5,4203,5145,46,23,942,29843.5,1058,1
3,2,1,89512,0,4,731,1408,18,47,677,17902.4,846,1
2,0,2,69854,0,1,5156,7991,28,28,2835,34927.0,784,0
3,2,1,190952,1,8,12449,27117,43,75,14668,21216.88888888889,3225,1
7,1,2,26498,2,0,10731,9261,53,8,-1470,26498.0,424,0
6,0,1,145690,1,5,4673,4872,46,47,199,24281.666666666668,2162,1
1,2,1,55969,4,6,11011,14565,39,57,3554,7995.571428571428,2223,1
9,0,0,116165,0,0,10209,17309,72,31,7100,116165.0,2232,1
9,0,0,124716,0,4,12471,20491,68,48,8020,24943.2,3264,1
2,0,2,79003,0,6,3421,5297,15,49,1876,11286.142857142857,735,0
3,2,1,175042,1,11,2176,3736,25,21,1560,14586.833333333334,525,1
4,2,2,101902,0,6,9057,15115,34,81,6058,14557.42857142857,2754,2
3,2,1,85003,0,5,13051,25548,35,48,12497,14167.166666666666,1680,1
7,1,2,36834,2,3,9931,11262,34,50,1331,9208.5,1700,0
3,2,1,174747,1,8,5042,6045,31,46,1003,19416.333333333332,1426,1
3,2,1,69177,0,2,8256,8303,47,56,47,23059.0,2632,1
9,0,0,143150,4,3,543,1046,82,29,503,35787.5,2378,1
9,0,2,103321,0,2,1996,1626,69,42,-370,34440.333333333336,2898,1
9,0,0,134138,4,4,2848,3625,42,32,777,26827.6,1344,1
5,0,2,51358,0,2,14829,14448,2,41,-381,17119.333333333332,82,1
7,1,2,25341,2,0,1774,2148,24,53,374,25341.0,1272,0
9,0,0,138357,4,3,8883,6355,100,37,-2528,34589.25,3700,1
8,1,2,38766,0,2,11392,13602,30,29,2210,12922.0,870,0
7,1,2,33604,2,0,5457,5159,40,34,-298,33604.0,1360,0
4,2,2,99943,0,1,2421,1719,59,57,-702,49971.5,3363,1
1,2,1,57351,4,3,6942,9825,26,50,2883,14337.75,1300,1
4,2,2,119631,0,8,6816,11245,53,21,4429,13292.333333333334,1113,1
7,1,2,29590,2,0,5607,6404,29,30,797,29590.0,870,0
7,1,2,29057,2,2,9194,10662,47,92,1468,9685.666666666666,4324,0
6,0,1,153838,1,5,10418,12850,30,62,2432,25639.666666666668,1860,1
9,0,0,128951,4,6,10883,12334,88,66,1451,18421.571428571428,5808,1
4,1,0,50883,2,1,2841,2660,26,36,-181,25441.5,936,0
1,2,1,55663,4,8,7735,8463,6,60,728,6184.777777777777,360,1
4,1,0,43728,2,3,13426,14993,35,30,1567,10932.0,1050,0
3,2,1,86299,0,2,2470,3417,27,52,947,28766.333333333332,1404,1
6,0,1,138521,1,8,7633,7480,51,51,-153,15391.222222222223,2601,1
9,0,0,118744,4,3,914,1339,100,57,425,29686.0,5700,1
0,0,2,94802,3,3,8136,9855,22,47,1719,23700.5,1034,1
4,1,0,53994,2,2,7448,7874,9,50,426,17998.0,450,0
3,2,1,165128,1,7,9671,21621,29,47,11950,20641.0,1363,1
8,1,2,38566,0,0,6630,7742,45,29,1112,38566.0,1305,0
6,0,1,143956,1,3,12749,21231,0,56,8482,35989.0,0,1
9,0,2,102280,0,2,7743,12531,58,46,4788,34093.333333333336,2668,1
1,2,1,52999,4,6,3693,3595,59,28,-98,7571.285714285715,1652,1
3,2,1,171630,1,11,5585,12557,50,40,6972,14302.5,2000,1
9,0,0,124634,0,0,6543,11772,79,53,5229,124634.0,4187,2
1,2,1,56488,4,5,712,873,56,23,161,9414.666666666666,1288,1
2,0,2,64942,0,0,1049,1359,5,57,310,64942.0,285,2
3,2,1,83658,0,2,8343,7784,56,65,-559,27886.0,3640,1
9,0,0,102733,4,3,11895,8768,64,53,-3127,25683.25,3392,1
2,0,2,73214,0,4,10744,17126,27,61,6382,14642.8,1647,0
3,2,1,174341,1,8,13989,10074,34,55,-3915,19371.222222222223,1870,1
0,0,2,90613,3,6,12264,14875,0,40,2611,12944.714285714286,0,1
3,2,1,157770,1,8,10858,14364,45,48,3506,17530.0,2160,1
5,0,2,72995,0,1,3347,3037,10,29,-310,36497.5,290,1
4,1,0,31692,2,2,14834,16073,10,42,1239,10564.0,420,0
4,2,2,104809,0,3,2202,3296,29,79,1094,26202.25,2291,2
7,1,2,28617,2,0,972,1020,37,53,48,28617.0,1961,0
6,0,1,122346,1,6,12186,18751,12,22,6565,17478.0,264,1
4,1,0,36795,2,5,12561,15554,16,56,2993,6132.5,896,0
0,0,2,93157,3,5,14441,15313,56,21,872,15526.166666666666,1176,2
9,0,0,112643,0,2,7374,8438,69,75,1064,37547.666666666664,5175,2
9,0,0,127087,4,1,7764,6183,82,29,-1581,63543.5,2378,1
7,1,2,30978,2,0,2097,1704,27,54,-393,30978.0,1458,0
2,0,2,72750,0,1,14468,17754,29,52,3286,36375.0,1508,0
3,2,1,95090,0,2,10559,9868,20,52,-691,31696.666666666668,1040,1
7,1,2,31618,2,0,14217,13707,45,47,-510,31618.0,2115,0
6,0,1,141007,1,5,12121,10779,10,35,-1342,23501.166666666668,350,1
6,0,1,151630,1,4,10114,17593,6,31,7479,30326.0,186,1
1,2,1,44106,4,4,732,976,36,57,244,8821.2,2052,1
8,1,2,35937,0,1,14225,18697,33,55,4472,17968.5,1815,0
9,0,0,106715,0,3,3661,3743,74,40,82,26678.75,2960,1
9,0,0,135097,4,4,12443,14947,41,53,2504,27019.4,2173,1
9,0,0,130296,0,2,3327,2980,55,43,-347,43432.0,2365,1
9,0,0,134191,4,3,5014,7077,34,36,2063,33547.75,1224,1
9,0,2,91198,0,4,11783,9241,69,49,-2542,18239.6,3381,1
8,1,2,34478,0,1,3333,3790,4,42,457,17239.0,168,0
2,0,2,78286,0,3,4985,3751,28,43,-1234,19571.5,1204,2
7,1,2,34563,2,0,2428,2565,35,58,137,34563.0,2030,0
5,0,2,53018,0,4,9808,13863,0,29,4055,10603.6,0,1
3,2,1,176455,1,5,8085,15332,32,39,7247,29409.166666666668,1248,1
9,0,0,116817,0,3,1983,2434,78,63,451,29204.25,4914,2
4,1,0,42919,2,3,1915,2087,49,66,172,10729.75,3234,0
7,1,2,31987,2,0,10185,12280,55,47,2095,31987.0,2585,0
4,2,2,89248,0,5,3274,4845,67,43,1571,14874.666666666666,2881,2
9,0,2,93464,0,4,10952,7765,51,49,-3187,18692.8,2499,1
5,0,2,63545,0,3,1831,1877,23,48,46,15886.25,1104,1
2,0,2,65028,0,0,14218,20921,24,30,6703,65028.0,720,0
4,1,0,44879,2,1,12883,12189,87,66,-694,22439.5,5742,0
2,0,2,84757,0,3,1373,1139,32,64,-234,21189.25,2048,0
4,1,0,53789,2,3,5203,4565,40,71,-638,13447.25,2840,0
2,0,2,68730,0,1,2800,4071,31,87,1271,34365.0,2697,2
7,1,2,29172,2,0,7282,6282,38,34,-1000,29172.0,1292,0
0,0,2,94181,3,3,3584,5342,21,38,1758,23545.25,798,1
6,0,1,133036,1,7,3764,6112,27,33,2348,16629.5,891,1
2,0,2,68307,0,5,4749,5884,22,58,1135,11384.5,1276,0
2,0,2,74752,0,2,2014,2419,27,78,405,24917.333333333332,2106,0
7,1,2,33916,2,0,9981,10824,4,71,843,33916.0,284,0
7,1,2,34454,2,0,13154,12868,41,63,-286,34454.0,2583,0
5,0,2,63914,0,1,14090,11269,24,57,-2821,31957.0,1368,2
9,0,0,133510,4,4,14176,20330,77,61,6154,26702.0,4697,1
8,1,2,39008,0,1,3051,2524,20,43,-527,19504.0,860,0
3,2,1,184698,1,5,3951,8572,6,36,4621,30783.0,216,1
7,1,2,25817,2,1,11084,8157,22,72,-2927,12908.5,1584,0
9,0,2,105563,0,2,6106,9887,89,73,3781,35187.666666666664,6497,1
1,2,1,63455,4,7,14096,20542,30,37,6446,7931.875,1110,1
9,0,0,111920,0,2,8909,15142,32,25,6233,37306.666666666664,800,1
2,0,2,72075,0,7,4075,3062,31,43,-1013,9009.375,1333,2
2,0,2,60653,0,5,1015,1209,51,39,194,10108.833333333334,1989,2
1,2,1,51803,4,2,11286,16243,28,61,4957,17267.666666666668,1708,1
5,0,2,73084,0,3,2790,4209,14,52,1419,18271.0,728,1
3,2,1,197552,1,7,5791,11727,61,16,5936,24694.0,976,1
3,2,1,176349,1,7,6691,6026,9,21,-665,22043.625,189,1
6,0,1,141625,1,7,1054,1254,21,61,200,17703.125,1281,1
4,1,0,47312,2,3,2213,2487,0,35,274,11828.0,0,0
0,0,2,94289,3,6,629,472,48,59,-157,13469.857142857143,2832,1
8,1,2,37167,0,2,8290,10424,31,62,2134,12389.0,1922,0
7,1,2,31113,2,1,11114,10224,60,57,-890,15556.5,3420,0
9,0,0,121167,4,6,6365,12839,86,5,6474,17309.571428571428,430,1
9,0,0,148830,4,7,8148,8195,56,58,47,18603.75,3248,1
9,0,0,159572,4,6,12821,11426,48,74,-1395,22796.0,3552,1
5,0,2,74089,0,2,13758,10140,52,39,-3618,24696.333333333332,2028,2
5,0,2,63600,0,2,10225,8182,44,57,-2043,21200.0,2508,1
4,1,0,41508,2,1,7626,9881,6,40,2255,20754.0,240,0
5,0,2,69767,0,1,14165,22096,32,42,7931,34883.5,1344,1
2,0,2,64032,0,3,12351,8664,36,34,-3687,16008.0,1224,0
3,2,1,219672,1,9,6035,10832,14,69,4797,21967.2,966,1
3,2,1,71229,0,5,7072,11955,27,22,4883,11871.5,594,1
9,0,0,135940,4,3,14875,19620,63,54,4745,33985.0,3402,1
4,2,2,100675,0,4,8806,11570,30,37,2764,20135.0,1110,1
8,1,2,42583,0,2,7477,9598,52,42,2121,14194.333333333334,2184,0
3,2,1,175320,1,8,7065,17010,24,35,9945,19480.0,840,1
9,0,0,117370,4,3,3187,4512,60,65,1325,29342.5,3900,1
9,0,0,102482,4,5,5424,9652,69,49,4228,17080.333333333332,3381,1
4,1,0,53283,2,0,9086,10544,22,46,1458,53283.0,1012,0
3,2,1,184164,1,5,12818,31955,16,9,19137,30694.0,144,1
9,0,0,134507,4,3,11369,20108,100,39,8739,33626.75,3900,1
4,2,2,96007,0,5,1381,1260,72,54,-121,16001.166666666666,3888,1
2,0,2,63125,0,4,13490,16330,41,66,2840,12625.0,2706,0
4,2,2,99958,0,2,6170,8406,43,26,2236,33319.333333333336,1118,2
8,1,2,42025,0,1,3208,4411,47,39,1203,21012.5,1833,0
9,0,0,128192,4,4,11290,19443,56,49,8153,25638.4,2744,1
9,0,2,102201,0,4,14966,20480,50,54,5514,20440.2,2700,1
2,0,2,75004,0,3,5538,4514,35,49,-1024,18751.0,1715,0
9,0,0,158162,4,5,4369,7482,91,59,3113,26360.333333333332,5369,1
8,1,2,51047,0,3,1977,2234,40,89,257,12761.75,3560,0
9,0,0,126675,4,7,11718,13988,76,16,2270,15834.375,1216,1
0,0,2,80951,3,7,13207,11466,34,50,-1741,10118.875,1700,1
9,0,0,114012,4,4,8320,12816,100,25,4496,22802.4,2500,1
7,1,2,28675,2,0,2136,2156,72,8,20,28675.0,576,0
1,2,1,55128,4,4,11752,10113,23,55,-1639,11025.6,1265,1
4,1,0,49727,2,4,3981,3522,48,45,-459,9945.4,2160,0
3,2,1,76485,0,5,6665,12576,35,57,5911,12747.5,1995,1
4,1,0,41743,2,2,4477,4444,33,17,-33,13914.333333333334,561,0
8,1,2,38055,0,0,2605,2405,16,71,-200,38055.0,1136,0
4,2,2,73410,0,6,2687,4093,39,49,1406,10487.142857142857,1911,1
4,2,2,88264,0,2,5859,6534,61,52,675,29421.333333333332,3172,1
0,0,2,104960,3,3,11555,8859,2,95,-2696,26240.0,190,1
3,2,1,146712,1,7,6952,5901,40,40,-1051,18339.0,1600,1
9,0,0,112516,0,4,6183,10922,58,35,4739,22503.2,2030,2
3,2,1,76076,0,4,12631,18445,11,52,5814,15215.2,572,1
9,0,0,120234,4,6,4132,5430,99,51,1298,17176.285714285714,5049,1
9,0,0,138223,4,2,13080,22896,59,19,9816,46074.333333333336,1121,1
7,1,2,30724,2,2,6435,4840,54,83,-1595,10241.333333333334,4482,0
1,2,1,53390,4,4,13987,20834,63,25,6847,10678.0,1575,1
3,2,1,167733,1,6,10316,15109,0,20,4793,23961.85714285714,0,1
6,0,1,150964,1,6,1765,2836,6,55,1071,21566.285714285714,330,1
9,0,0,148151,4,6,8691,13777,69,70,5086,21164.428571428572,4830,1
9,0,0,120591,4,5,3960,7063,68,30,3103,20098.5,2040,1
8,1,2,38948,0,0,2021,2782,54,69,761,38948.0,3726,0
8,1,2,39028,0,1,11215,10562,10,75,-653,19514.0,750,0
8,1,2,41062,0,1,2969,2992,21,11,23,20531.0,231,0
2,0,2,80350,0,0,6837,5082,79,38,-1755,80350.0,3002,2
9,0,0,138566,4,3,4776,9524,81,39,4748,34641.5,3159,1
9,0,0,155818,4,2,3179,3648,66,29,469,51939.333333333336,1914,1
3,2,1,86149,0,5,8976,14368,20,45,5392,14358.166666666666,900,1
5,0,2,70787,0,2,13709,17019,20,27,3310,23595.666666666668,540,2
7,1,2,31057,2,1,11740,12367,4,12,627,15528.5,48,0
3,2,1,80980,0,4,14630,23609,28,52,8979,16196.0,1456,1
4,2,2,91557,0,6,13720,10556,16,61,-3164,13079.57142857143,976,1
9,0,0,151042,4,5,5726,8404,80,63,2678,25173.666666666668,5040,1
3,2,1,191460,1,6,8806,17658,55,54,8852,27351.428571428572,2970,1
3,2,1,91486,0,4,7949,9753,6,25,1804,18297.2,150,1
5,0,2,68189,0,3,11212,13130,54,58,1918,17047.25,3132,1
8,1,2,40269,0,1,13137,10955,29,28,-2182,20134.5,812,0
2,0,2,50392,0,3,7462,8997,40,27,1535,12598.0,1080,0
4,1,0,38461,2,3,10889,13098,36,16,2209,9615.25,576,0
3,2,1,179175,1,7,13723,34013,27,41,20290,22396.875,1107,1
1,2,1,58299,4,7,6608,6451,48,6,-157,7287.375,288,1
4,1,0,52844,2,3,5989,6196,37,67,207,13211.0,2479,0
7,1,2,36048,2,0,2329,2775,42,37,446,36048.0,1554,0
8,1,2,33909,0,2,9211,6710,27,42,-2501,11303.0,1134,0
0,0,2,81728,3,4,11554,19019,42,29,7465,16345.6,1218,1
9,0,0,117907,4,4,613,671,48,21,58,23581.4,1008,1
6,0,1,147683,1,8,12092,14454,0,19,2362,16409.222222222223,0,1
2,0,2,65660,0,3,3737,3533,21,32,-204,16415.0,672,2
0,0,2,77708,3,3,10568,10186,28,58,-382,19427.0,1624,1
8,1,2,45916,0,1,1295,959,72,62,-336,22958.0,4464,0
2,0,2,72004,0,5,1152,1793,14,53,641,12000.666666666666,742,0
0,0,2,94569,3,3,8521,9781,74,43,1260,23642.25,3182,1
7,1,2,34032,2,3,1320,1061,56,56,-259,8508.0,3136,0
3,2,1,84278,0,2,6550,5228,34,93,-1322,28092.666666666668,3162,1
8,1,2,41421,0,3,6028,6046,56,63,18,10355.25,3528,2
4,2,2,67507,0,2,13921,14326,32,95,405,22502.333333333332,3040,1
1,2,1,58321,4,6,4878,5639,37,63,761,8331.57142857143,2331,1
2,0,2,63484,0,1,6347,9047,38,25,2700,31742.0,950,0
9,0,0,132317,4,5,7819,9031,88,43,1212,22052.833333333332,3784,1
2,0,2,89671,0,3,10919,11699,0,59,780,22417.75,0,0
3,2,1,211713,1,8,2329,1927,29,88,-402,23523.666666666668,2552,1
4,1,0,50093,2,1,1099,1202,26,41,103,25046.5,1066,0
4,1,0,47584,2,3,6991,5242,35,5,-1749,11896.0,175,0
9,0,0,127837,4,2,1877,2568,69,82,691,42612.333333333336,5658,1
9,0,0,106655,0,4,2565,2926,70,10,361,21331.0,700,2
3,2,1,80335,0,2,8584,13665,50,25,5081,26778.333333333332,1250,1
6,0,1,145957,1,9,5000,7360,33,53,2360,14595.7,1749,1
5,0,2,55368,0,4,11788,14488,41,77,2700,11073.6,3157,2
9,0,2,83118,0,4,14026,20083,57,47,6057,16623.6,2679,1
3,2,1,181102,1,10,8010,6460,36,18,-1550,16463.81818181818,648,1
9,0,0,136388,0,6,5850,6065,78,29,215,19484.0,2262,1
9,0,0,140351,4,2,2904,2561,72,17,-343,46783.666666666664,1224,1
4,1,0,40243,2,0,10949,10485,37,69,-464,40243.0,2553,0
8,1,2,44077,0,3,8898,11305,67,57,2407,11019.25,3819,0
7,1,2,36643,2,0,10932,8745,31,59,-2187,36643.0,1829,0
8,1,2,30810,0,0,7065,5569,38,35,-1496,30810.0,1330,0
9,0,0,131631,4,3,12735,24434,60,77,11699,32907.75,4620,1
4,1,0,54645,2,1,11197,8293,54,38,-2904,27322.5,2052,0
0,0,2,61888,3,2,7601,6086,58,24,-1515,20629.333333333332,1392,1
4,2,2,85048,0,5,3639,5571,12,73,1932,14174.666666666666,876,2
2,0,2,78339,0,2,5467,3853,24,22,-1614,26113.0,528,2
1,2,1,47131,4,5,9333,6757,51,18,-2576,7855.166666666667,918,1
4,1,0,35460,2,4,13590,13427,31,20,-163,7092.0,620,0
7,1,2,25000,2,2,9893,10775,39,30,882,8333.333333333334,1170,0
9,0,2,107942,0,2,12963,13013,95,65,50,35980.666666666664,6175,1
2,0,2,66673,0,0,12736,10553,47,41,-2183,66673.0,1927,0
2,0,2,63870,0,4,8717,7540,1,59,-1177,12774.0,59,0
3,2,1,155630,1,6,7031,14769,30,53,7738,22232.85714285714,1590,1
3,2,1,100994,0,2,5168,4833,38,46,-335,33664.666666666664,1748,1
9,0,0,119627,4,5,7171,8903,80,31,1732,19937.833333333332,2480,1
9,0,0,155964,4,1,13313,17376,93,13,4063,77982.0,1209,1
3,2,1,79682,0,3,2626,1965,25,49,-661,19920.5,1225,1
2,0,2,77372,0,2,8076,8573,40,74,497,25790.666666666668,2960,0
4,2,2,117382,0,5,10901,13998,48,36,3097,19563.666666666668,1728,2
9,0,0,108925,0,2,4126,3149,58,53,-977,36308.333333333336,3074,1
9,0,0,110613,4,4,12116,21518,60,48,9402,22122.6,2880,1
9,0,2,110215,0,3,1544,1358,65,63,-186,27553.75,4095,1
2,0,2,69787,0,0,12430,9907,0,42,-2523,69787.0,0,2
0,0,2,90725,3,3,8047,9952,18,45,1905,22681.25,810,1
8,1,2,45519,0,2,10900,12329,27,55,1429,15173.0,1485,0
7,1,2,26610,2,1,9371,6707,29,37,-2664,13305.0,1073,0
5,0,2,65175,0,5,9636,8527,49,13,-1109,10862.5,637,2
7,1,2,30656,2,2,6080,4428,37,27,-1652,10218.666666666666,999,0
7,1,2,35186,2,2,13977,11369,28,50,-2608,11728.666666666666,1400,0
9,0,0,120494,4,3,8068,10973,36,22,2905,30123.5,792,1
9,0,2,89288,0,4,9220,9967,69,28,747,17857.6,1932,1
3,2,1,94432,0,4,6890,12301,28,64,5411,18886.4,1792,1
8,1,2,40208,0,2,1028,1404,24,36,376,13402.666666666666,864,0
9,0,0,96450,0,2,10844,15449,40,43,4605,32150.0,1720,1
1,2,1,54601,4,5,6157,8501,44,56,2344,9100.166666666666,2464,1
9,0,2,97977,0,2,12755,20507,64,32,7752,32659.0,2048,1
7,1,2,25774,2,0,5481,4731,8,6,-750,25774.0,48,0
4,2,2,79947,0,4,5666,9611,43,36,3945,15989.4,1548,2
3,2,1,72811,0,5,8157,13182,10,54,5025,12135.166666666666,540,1
9,0,0,121467,4,5,10737,15860,100,22,5123,20244.5,2200,1
9,0,0,118758,4,4,10727,15258,60,48,4531,23751.6,2880,1
3,2,1,201553,1,8,7570,16720,20,58,9150,22394.777777777777,1160,1
4,2,2,83879,0,3,883,1396,41,5,513,20969.75,205,1
1,2,1,61882,4,5,12690,17628,33,63,4938,10313.666666666666,2079,1
9,0,2,95585,0,2,6648,6500,35,32,-148,31861.666666666668,1120,1
9,0,0,132608,4,3,6700,14929,97,59,8229,33152.0,5723,1
0,0,2,66902,3,4,2523,2508,14,71,-15,13380.4,994,1
8,1,2,37312,0,1,4076,5406,38,41,1330,18656.0,1558,0
9,0,0,90880,0,2,9851,9938,62,29,87,30293.333333333332,1798,2
9,0,0,125273,4,5,14670,32486,68,43,17816,20878.833333333332,2924,1
4,2,2,98528,0,3,13238,12073,26,49,-1165,24632.0,1274,2
1,2,1,61708,4,3,7193,8343,32,5,1150,15427.0,160,1
4,2,2,105491,0,6,4067,6753,11,40,2686,15070.142857142857,440,2
6,0,1,105588,1,5,10318,17649,9,62,7331,17598.0,558,1
7,1,2,25000,2,3,13123,13775,46,35,652,6250.0,1610,0
3,2,1,87928,0,4,2230,3181,26,53,951,17585.6,1378,1
1,2,1,63722,4,0,9275,12856,36,61,3581,63722.0,2196,1
8,1,2,34553,0,0,4188,5362,22,68,1174,34553.0,1496,0
5,0,2,57849,0,3,12899,17615,33,46,4716,14462.25,1518,1
2,0,2,62343,0,4,14035,19094,40,12,5059,12468.6,480,0
9,0,0,172207,4,2,14808,23496,61,33,8688,57402.333333333336,2013,1
8,1,2,42067,0,2,5225,5784,26,35,559,14022.333333333334,910,0
1,2,1,50676,4,5,14096,17891,46,40,3795,8446.0,1840,1
4,2,2,68923,0,4,8102,12006,37,76,3904,13784.6,2812,1
3,2,1,82391,0,5,2110,2603,60,46,493,13731.833333333334,2760,1
3,2,1,179053,1,9,11200,18436,37,70,7236,17905.3,2590,1
8,1,2,35295,0,1,7222,8804,30,22,1582,17647.5,660,0
3,2,1,93947,0,3,975,1315,19,46,340,23486.75,874,1
9,0,2,63431,0,3,2770,4331,84,15,1561,15857.75,1260,1
3,2,1,163886,1,10,8747,13206,45,44,4459,14898.727272727272,1980,1
3,2,1,210329,1,7,9848,12446,37,32,2598,26291.125,1184,1
9,0,0,124099,4,3,5825,6270,87,49,445,31024.75,4263,1
9,0,2,93661,0,4,3227,4317,53,22,1090,18732.2,1166,1
3,2,1,81211,0,5,8231,15151,42,68,6920,13535.166666666666,2856,1
7,1,2,33140,2,1,872,910,48,41,38,16570.0,1968,0
6,0,1,153848,1,7,13441,10024,54,84,-3417,19231.0,4536,1
1,2,1,52455,4,3,8877,9176,19,40,299,13113.75,760,1
0,0,2,86817,3,6,3144,3007,34,23,-137,12402.42857142857,782,1
7,1,2,29914,2,2,12346,11391,44,26,-955,9971.333333333334,1144,0
9,0,0,122913,4,2,8236,10938,79,33,2702,40971.0,2607,1
7,1,2,36015,2,1,2673,3072,56,35,399,18007.5,1960,0
9,0,0,115704,0,4,1006,1880,49,34,874,23140.8,1666,1
3,2,1,173940,1,8,8055,15750,71,52,7695,19326.666666666668,3692,1
9,0,2,88701,0,4,11701,11978,50,56,277,17740.2,2800,1
5,0,2,63465,0,4,4463,5039,54,13,576,12693.0,702,1
5,0,2,50076,0,2,8695,12270,33,5,3575,16692.0,165,2
4,2,2,98795,0,2,10396,15529,51,49,5133,32931.666666666664,2499,2
0,0,2,81635,3,2,3109,2567,40,37,-542,27211.666666666668,1480,1
5,0,2,69659,0,4,12330,9633,33,67,-2697,13931.8,2211,1
9,0,0,131637,4,4,12765,9471,54,35,-3294,26327.4,1890,1
3,2,1,83026,0,2,11589,11853,21,41,264,27675.333333333332,861,1
0,0,2,86331,3,5,9015,9878,52,50,863,14388.5,2600,1
0,0,2,78485,3,4,6813,7238,43,17,425,15697.0,731,2
4,2,2,90102,0,6,7333,7911,8,56,578,12871.714285714286,448,2
6,0,1,132674,1,5,12230,22616,21,43,10386,22112.333333333332,903,1
9,0,0,107197,0,1,12227,8580,65,56,-3647,53598.5,3640,1
3,2,1,72705,0,4,9251,16881,20,48,7630,14541.0,960,1
5,0,2,67111,0,2,8377,6109,51,49,-2268,22370.333333333332,2499,1
2,0,2,64871,0,2,13798,19121,36,41,5323,21623.666666666668,1476,2
0,0,2,84443,3,8,13972,13067,11,68,-905,9382.555555555555,748,1
7,1,2,31750,2,3,7044,8298,11,54,1254,7937.5,594,0
3,2,1,90993,0,3,11143,17518,81,52,6375,22748.25,4212,1
8,1,2,34782,0,3,13401,12185,30,30,-1216,8695.5,900,0
9,0,0,102822,0,0,2891,4678,31,48,1787,102822.0,1488,1
4,2,2,95977,0,3,14020,11089,34,35,-2931,23994.25,1190,2
4,2,2,78118,0,4,13469,11172,0,53,-2297,15623.6,0,2
4,1,0,35668,2,2,3268,2525,27,42,-743,11889.333333333334,1134,0
8,1,2,39165,0,1,11256,15465,59,31,4209,19582.5,1829,0
9,0,0,155238,4,3,4482,9799,76,38,5317,38809.5,2888,1
9,0,2,90549,0,4,4833,7973,69,30,3140,18109.8,2070,1
7,1,2,27689,2,4,11019,8436,43,46,-2583,5537.8,1978,0
5,0,2,69731,0,1,12117,16573,45,59,4456,34865.5,2655,2
4,2,2,91588,0,1,4509,6477,19,29,1968,45794.0,551,1
7,1,2,32577,2,0,5338,3955,18,68,-1383,32577.0,1224,0
7,1,2,27284,2,2,13400,14909,27,60,1509,9094.666666666666,1620,0
4,1,0,47111,2,1,4725,3384,30,26,-1341,23555.5,780,0
2,0,2,72572,0,1,10239,16307,30,32,6068,36286.0,960,0
4,2,2,100312,0,3,2794,2108,19,40,-686,25078.0,760,1
1,2,1,59940,4,3,5225,7126,48,48,1901,14985.0,2304,1
9,0,2,79195,0,1,14920,20131,59,45,5211,39597.5,2655,1
3,2,1,155802,1,9,6442,11967,62,34,5525,15580.2,2108,1
2,0,2,78569,0,2,12228,17567,66,42,5339,26189.666666666668,2772,0
3,2,1,139438,1,9,10885,15836,18,41,4951,13943.8,738,1
5,0,2,61224,0,0,12183,8680,23,49,-3503,61224.0,1127,1
3,2,1,81464,0,3,5331,7338,30,22,2007,20366.0,660,1
4,1,0,44019,2,0,13692,16654,22,62,2962,44019.0,1364,0
9,0,0,132889,4,5,10452,16318,84,33,5866,22148.166666666668,2772,1
0,0,2,92450,3,5,6795,5041,17,44,-1754,15408.333333333334,748,1
3,2,1,68418,0,7,4234,8002,23,55,3768,8552.25,1265,1
0,0,2,83009,3,5,3967,4883,63,13,916,13834.833333333334,819,2
2,0,2,66132,0,3,2930,4608,29,45,1678,16533.0,1305,2
9,0,0,118961,4,1,4750,9410,58,16,4660,59480.5,928,1
4,1,0,39520,2,1,8832,8265,27,39,-567,19760.0,1053,0
8,1,2,41787,0,1,8314,7663,36,44,-651,20893.5,1584,0
6,0,1,108212,1,7,3291,6224,11,49,2933,13526.5,539,1
3,2,1,78755,0,3,3053,3733,37,20,680,19688.75,740,1
0,0,2,91419,3,2,8709,12154,37,58,3445,30473.0,2146,1
1,2,1,52607,4,3,6633,4822,48,27,-1811,13151.75,1296,1
0,0,2,82784,3,7,8450,10733,26,29,2283,10348.0,754,1
0,0,2,99251,3,3,9105,11518,25,69,2413,24812.75,1725,1
9,0,0,134168,4,3,8429,9311,71,78,882,33542.0,5538,1
9,0,0,136148,4,2,11456,18579,71,42,7123,45382.666666666664,2982,1
7,1,2,26202,2,4,4183,3450,47,43,-733,5240.4,2021,0
9,0,2,87369,0,1,4175,6519,74,75,2344,43684.5,5550,1
2,0,2,71791,0,3,10471,16103,0,31,5632,17947.75,0,2
3,2,1,85534,0,4,3726,5599,46,32,1873,17106.8,1472,1
5,0,2,56012,0,6,8025,12678,43,72,4653,8001.714285714285,3096,2
6,0,1,121606,1,4,10963,13599,38,18,2636,24321.2,684,1
0,0,2,112306,3,5,12726,18111,26,48,5385,18717.666666666668,1248,2
6,0,1,133028,1,3,4241,4164,37,32,-77,33257.0,1184,1
7,1,2,25000,2,0,11382,11615,47,5,233,25000.0,235,0
8,1,2,39288,0,2,10762,12075,25,48,1313,13096.0,1200,0
7,1,2,31864,2,1,8813,6457,14,33,-2356,15932.0,462,0
2,0,2,86801,0,2,9565,8603,58,34,-962,28933.666666666668,1972,2
0,0,2,78941,3,4,12644,9044,21,44,-3600,15788.2,924,2
0,0,2,82970,3,5,1801,2948,51,45,1147,13828.333333333334,2295,1
5,0,2,59954,0,1,9784,13012,19,32,3228,29977.0,608,1
9,0,2,92354,0,2,4509,4995,54,49,486,30784.666666666668,2646,1
4,2,2,78315,0,2,12614,12565,11,42,-49,26105.0,462,1
4,1,0,48459,2,1,11162,9048,16,28,-2114,24229.5,448,0
9,0,2,99300,0,3,11799,18070,98,24,6271,24825.0,2352,1
9,0,0,129019,4,6,1159,884,32,59,-275,18431.285714285714,1888,1
2,0,2,70536,0,4,9543,11203,49,38,1660,14107.2,1862,0
9,0,0,125168,0,4,12675,9270,54,65,-3405,25033.6,3510,1
4,1,0,55342,2,1,14110,15343,35,77,1233,27671.0,2695,0
6,0,1,173836,1,8,2671,2654,34,30,-17,19315.11111111111,1020,1
2,0,2,86248,0,1,1497,2129,39,53,632,43124.0,2067,0
9,0,2,91028,0,8,4496,4912,100,31,416,10114.222222222223,3100,1
4,2,2,81844,0,0,10023,14424,15,49,4401,81844.0,735,1
5,0,2,67794,0,3,2110,2005,54,63,-105,16948.5,3402,2
6,0,1,123725,1,5,13302,15647,10,61,2345,20620.833333333332,610,1
7,1,2,30461,2,0,13443,9817,33,30,-3626,30461.0,990,0
9,0,2,100492,0,5,8336,13577,44,55,5241,16748.666666666668,2420,2
5,0,2,52577,0,0,1866,2879,63,52,1013,52577.0,3276,2
9,0,2,77701,0,5,2136,3147,79,25,1011,12950.166666666666,1975,1
3,2,1,173447,1,5,4022,3627,21,68,-395,28907.833333333332,1428,1
5,0,2,65547,0,0,5414,7466,35,62,2052,65547.0,2170,1
9,0,0,124222,4,2,10030,12089,73,47,2059,41407.333333333336,3431,1
0,0,2,80305,3,7,2327,1856,28,27,-471,10038.125,756,1
4,2,2,84278,0,4,11028,15703,36,34,4675,16855.6,1224,2
3,2,1,138945,1,9,13701,17525,10,25,3824,13894.5,250,1
4,2,2,96343,0,4,7975,13397,8,29,5422,19268.6,232,2
2,0,2,82473,0,2,12862,15115,74,51,2253,27491.0,3774,0
3,2,1,162983,1,10,4935,4686,34,43,-249,14816.636363636364,1462,1
3,2,1,92705,0,4,3392,5412,31,53,2020,18541.0,1643,1
1,2,1,63017,4,6,8418,7081,37,47,-1337,9002.42857142857,1739,1
2,0,2,68375,0,1,11072,15933,32,29,4861,34187.5,928,0
2,0,2,63132,0,1,14709,16764,30,49,2055,31566.0,1470,0
9,0,2,99480,0,4,6089,6753,87,52,664,19896.0,4524,1
3,2,1,81534,0,3,9695,14895,34,79,5200,20383.5,2686,1
2,0,2,69232,0,0,10755,11401,22,25,646,69232.0,550,0
9,0,0,89825,0,2,12896,18204,69,9,5308,29941.666666666668,621,2
5,0,2,65049,0,5,606,854,49,57,248,10841.5,2793,1
6,0,1,141277,1,6,8848,7575,69,38,-1273,20182.428571428572,2622,1
5,0,2,61596,0,5,3172,3130,0,76,-42,10266.0,0,1
9,0,0,116058,0,2,12959,22475,59,5,9516,38686.0,295,2
3,2,1,60150,0,3,5491,4629,32,32,-862,15037.5,1024,1
6,0,1,154696,1,8,14623,11071,52,46,-3552,17188.444444444445,2392,1
7,1,2,30344,2,0,10951,8365,67,53,-2586,30344.0,3551,0
0,0,2,78299,3,6,3492,5264,23,42,1772,11185.57142857143,966,1
4,2,2,94492,0,5,2281,1956,53,60,-325,15748.666666666666,3180,2
9,0,2,80275,0,4,5533,8232,61,47,2699,16055.0,2867,1
2,0,2,69947,0,3,5743,6356,0,36,613,17486.75,0,2
5,0,2,71707,0,4,2186,1978,49,56,-208,14341.4,2744,1
6,0,1,131774,1,7,10486,15757,31,51,5271,16471.75,1581,1
3,2,1,161870,1,8,11508,16648,11,80,5140,17985.555555555555,880,1
7,1,2,27052,2,0,3062,2717,59,53,-345,27052.0,3127,0
4,2,2,79681,0,3,6991,8608,24,22,1617,19920.25,528,2
0,0,2,92867,3,5,3087,2678,18,69,-409,15477.833333333334,1242,1
3,2,1,96858,0,4,3074,5134,71,39,2060,19371.6,2769,1
1,2,1,52557,4,5,8262,11120,61,74,2858,8759.5,4514,1
4,2,2,90307,0,3,7330,5947,33,58,-1383,22576.75,1914,1
9,0,2,90547,0,2,4806,4378,83,19,-428,30182.333333333332,1577,1
6,0,1,145191,1,6,14528,13189,53,39,-1339,20741.571428571428,2067,1
7,1,2,29772,2,0,2875,2581,44,21,-294,29772.0,924,0
7,1,2,25130,2,1,12406,11610,65,51,-796,12565.0,3315,0
0,0,2,89300,3,0,12709,14114,31,19,1405,89300.0,589,1
5,0,2,62951,0,2,5546,5730,60,72,184,20983.666666666668,4320,2
3,2,1,159103,1,8,6947,12594,37,34,5647,17678.11111111111,1258,1
9,0,0,128996,4,4,12988,23614,61,45,10626,25799.2,2745,1
9,0,0,120166,4,3,7197,5630,95,57,-1567,30041.5,5415,1
3,2,1,82269,0,2,13695,11734,50,62,-1961,27423.0,3100,1
5,0,2,69087,0,4,13067,12398,20,68,-669,13817.4,1360,1
9,0,0,142742,4,4,13910,20712,48,44,6802,28548.4,2112,1
9,0,2,92542,0,2,11347,18462,47,66,7115,30847.333333333332,3102,1
2,0,2,80374,0,2,14140,14142,27,82,2,26791.333333333332,2214,0
9,0,0,144650,4,5,5773,5953,57,59,180,24108.333333333332,3363,1
4,2,2,78070,0,1,6765,10716,43,42,3951,39035.0,1806,1
1,2,1,56340,4,2,9674,9390,34,58,-284,18780.0,1972,1
4,2,2,93586,0,2,4022,4652,27,51,630,31195.333333333332,1377,2
1,2,1,64061,4,6,7710,5642,20,62,-2068,9151.57142857143,1240,1
9,0,0,102820,0,2,1719,2873,48,37,1154,34273.333333333336,1776,1
9,0,0,103701,4,3,5832,12943,90,27,7111,25925.25,2430,1
4,1,0,50201,2,0,10214,9135,11,20,-1079,50201.0,220,0
9,0,0,96492,4,1,13299,25150,67,55,11851,48246.0,3685,1
4,1,0,40577,2,2,12075,13483,37,41,1408,13525.666666666666,1517,0
9,0,2,118718,0,4,5089,4447,88,61,-642,23743.6,5368,1
3,2,1,206625,1,7,6644,7088,37,46,444,25828.125,1702,1
9,0,0,126732,0,4,1419,2092,56,59,673,25346.4,3304,2
2,0,2,68718,0,0,9312,9939,33,61,627,68718.0,2013,0
5,0,2,71036,0,1,5156,7356,51,44,2200,35518.0,2244,1
5,0,2,68989,0,3,2700,4294,7,18,1594,17247.25,126,2
7,1,2,26379,2,2,13201,13513,50,59,312,8793.0,2950,0
0,0,2,90573,3,4,2986,2600,53,28,-386,18114.6,1484,1
3,2,1,184711,1,6,5396,10841,51,44,5445,26387.285714285714,2244,1
9,0,2,81085,0,3,9705,9909,82,37,204,20271.25,3034,1
5,0,2,70790,0,3,4517,3639,71,40,-878,17697.5,2840,1
3,2,1,197962,1,8,9455,7427,30,20,-2028,21995.777777777777,600,1
1,2,1,52931,4,3,9200,11758,9,54,2558,13232.75,486,1
4,1,0,47315,2,3,858,1063,54,58,205,11828.75,3132,0
4,2,2,76898,0,3,13114,19668,15,48,6554,19224.5,720,1
0,0,2,76676,3,4,13376,17318,54,65,3942,15335.2,3510,1
0,0,2,71953,3,6,6418,8411,35,58,1993,10279.0,2030,1
4,1,0,36544,2,0,14993,12744,23,34,-2249,36544.0,782,0
9,0,0,146339,4,3,5763,8366,74,55,2603,36584.75,4070,1
9,0,2,84759,0,3,8049,10338,87,40,2289,21189.75,3480,1
7,1,2,35236,2,0,3760,3580,3,10,-180,35236.0,30,0
2,0,2,66320,0,2,10389,14821,37,25,4432,22106.666666666668,925,0
9,0,0,159413,4,4,2452,4856,81,40,2404,31882.6,3240,1
8,1,2,39023,0,1,6993,7197,28,51,204,19511.5,1428,0
4,2,2,65065,0,5,1286,1332,64,62,46,10844.166666666666,3968,2
9,0,0,119084,4,4,8892,11077,92,49,2185,23816.8,4508,1
9,0,0,128776,4,6,9768,18986,51,32,9218,18396.571428571428,1632,1
9,0,0,124469,4,4,8761,10342,100,51,1581,24893.8,5100,1
4,2,2,91606,0,4,9327,13087,18,39,3760,18321.2,702,1
2,0,2,89568,0,1,9917,8154,40,31,-1763,44784.0,1240,2
3,2,1,69609,0,6,1599,2541,23,58,942,9944.142857142857,1334,1
3,2,1,185039,1,7,2009,1716,6,5,-293,23129.875,30,1
4,2,2,83307,0,4,2340,1713,11,58,-627,16661.4,638,1
9,0,0,153832,4,4,13584,13350,67,34,-234,30766.4,2278,1
0,0,2,84299,3,6,14450,23351,6,29,8901,12042.714285714286,174,1
3,2,1,217279,1,10,8175,20108,14,16,11933,19752.636363636364,224,1
3,2,1,68226,0,3,3627,6392,39,16,2765,17056.5,624,1
4,2,2,92274,0,5,11705,13407,34,65,1702,15379.0,2210,1
0,0,2,86792,3,5,5036,5612,7,43,576,14465.333333333334,301,2
5,0,2,71998,0,3,14926,18816,19,31,3890,17999.5,589,1
3,2,1,94617,0,3,5913,11672,4,39,5759,23654.25,156,1
9,0,0,133549,4,4,11114,14062,49,31,2948,26709.8,1519,1
7,1,2,26968,2,2,7939,8642,56,39,703,8989.333333333334,2184,0
4,2,2,86766,0,4,11847,9986,39,35,-1861,17353.2,1365,1
6,0,1,146257,1,6,851,1175,38,88,324,20893.85714285714,3344,1
3,2,1,206571,1,7,5313,6319,71,67,1006,25821.375,4757,1
3,2,1,139405,1,8,14069,23259,10,80,9190,15489.444444444445,800,1
9,0,0,134775,4,4,639,695,71,24,56,26955.0,1704,1
7,1,2,26036,2,0,7498,8712,27,42,1214,26036.0,1134,0
2,0,2,68678,0,2,14517,13227,23,40,-1290,22892.666666666668,920,2
3,2,1,137759,1,9,11551,25024,32,39,13473,13775.9,1248,1
1,2,1,50126,4,5,7999,7153,74,51,-846,8354.333333333334,3774,1
4,2,2,97739,0,2,13959,12524,29,5,-1435,32579.666666666668,145,2
6,0,1,151592,1,6,6310,7093,16,36,783,21656.0,576,1
9,0,0,151394,4,4,3594,8055,62,50,4461,30278.8,3100,1
9,0,2,115740,0,3,5554,7609,77,58,2055,28935.0,4466,1
9,0,0,105717,0,0,929,995,53,45,66,105717.0,2385,1
3,2,1,146280,1,6,14339,35110,41,27,20771,20897.14285714286,1107,1
4,2,2,93712,0,2,2586,2412,46,67,-174,31237.333333333332,3082,2
7,1,2,30986,2,0,1634,1701,35,54,67,30986.0,1890,0
0,0,2,91096,3,5,5666,6739,8,22,1073,15182.666666666666,176,1
3,2,1,83173,0,2,3921,4375,23,39,454,27724.333333333332,897,1
2,0,2,66468,0,0,3175,2268,40,25,-907,66468.0,1000,0
2,0,2,67779,0,3,4317,6239,19,55,1922,16944.75,1045,0
4,2,2,82792,0,3,6321,9319,32,46,2998,20698.0,1472,1
9,0,0,136953,4,5,14879,27027,95,49,12148,22825.5,4655,1
9,0,0,93337,0,1,14166,12495,66,51,-1671,46668.5,3366,1
9,0,0,128904,4,4,7773,15484,93,5,7711,25780.8,465,1
8,1,2,35479,0,1,1306,1356,35,55,50,17739.5,1925,0
5,0,2,68760,0,1,7040,5918,56,36,-1122,34380.0,2016,1
9,0,2,90213,0,6,13131,9597,86,5,-3534,12887.57142857143,430,1
3,2,1,191615,1,9,13844,33772,6,40,19928,19161.5,240,1
9,0,0,142643,0,3,3368,3166,67,55,-202,35660.75,3685,2
6,0,1,123821,1,8,9974,18614,65,14,8640,13757.888888888889,910,1
9,0,0,111081,0,4,3168,3562,84,25,394,22216.2,2100,2
9,0,0,96086,0,1,8513,15588,66,35,7075,48043.0,2310,1
7,1,2,34752,2,2,12782,14127,51,5,1345,11584.0,255,0
8,1,2,47686,0,1,3629,4725,47,46,1096,23843.0,2162,0
9,0,0,122676,0,5,13603,16411,68,72,2808,20446.0,4896,1
7,1,2,29971,2,0,8331,9384,16,41,1053,29971.0,656,0
1,2,1,59551,4,8,2334,2061,46,5,-273,6616.777777777777,230,1
9,0,0,119420,4,5,618,946,55,34,328,19903.333333333332,1870,1
4,2,2,95794,0,4,7381,12485,23,62,5104,19158.8,1426,1
0,0,2,119041,3,2,2139,3378,53,21,1239,39680.333333333336,1113,1
7,1,2,25000,2,0,5578,4483,36,69,-1095,25000.0,2484,0
8,1,2,42359,0,2,14390,11736,27,52,-2654,14119.666666666666,1404,0
9,0,2,100750,0,5,11988,13248,52,16,1260,16791.666666666668,832,1
3,2,1,83286,0,4,11044,21967,18,85,10923,16657.2,1530,1
6,0,1,131042,1,6,8222,8007,63,49,-215,18720.285714285714,3087,1
2,0,2,72771,0,3,12454,15236,27,25,2782,18192.75,675,0
9,0,0,105539,4,4,2805,3952,82,65,1147,21107.8,5330,1
9,0,0,143381,4,5,9750,20896,55,48,11146,23896.833333333332,2640,1
9,0,0,165034,4,5,8997,17032,42,59,8035,27505.666666666668,2478,1
9,0,0,125286,4,3,11888,24224,50,62,12336,31321.5,3100,1
4,2,2,69961,0,3,1138,1141,29,76,3,17490.25,2204,2
3,2,1,181898,1,6,13646,18347,20,54,4701,25985.428571428572,1080,1
0,0,2,73896,3,5,12621,14185,44,53,1564,12316.0,2332,1
7,1,2,32083,2,1,10618,11829,40,69,1211,16041.5,2760,0
0,0,2,84068,3,3,3080,4861,12,36,1781,21017.0,432,1
9,0,0,169349,4,6,3361,7476,90,48,4115,24192.714285714286,4320,1
9,0,0,154258,4,2,12656,17668,77,62,5012,51419.333333333336,4774,1
7,1,2,39443,2,0,14902,16065,45,8,1163,39443.0,360,0
4,2,2,98756,0,3,3160,5352,42,52,2192,24689.0,2184,1
5,0,2,61374,0,5,3843,4265,9,68,422,10229.0,612,2
8,1,2,35061,0,4,10745,7639,51,42,-3106,7012.2,2142,0
6,0,1,125999,1,7,14285,23466,15,65,9181,15749.875,975,1
3,2,1,187343,1,7,5760,7390,35,56,1630,23417.875,1960,1
4,2,2,84807,0,3,923,879,14,78,-44,21201.75,1092,2
9,0,0,121920,4,6,8208,5796,100,22,-2412,17417.14285714286,2200,1
4,1,0,50180,2,0,14787,17650,21,41,2863,50180.0,861,0
6,0,1,137247,1,8,7179,12916,42,26,5737,15249.666666666666,1092,1
1,2,1,48832,4,1,6677,7393,61,53,716,24416.0,3233,1
4,1,0,44942,2,0,9104,8769,77,35,-335,44942.0,2695,0
9,0,0,129009,4,5,2140,1699,85,45,-441,21501.5,3825,1
7,1,2,33683,2,0,4148,3856,0,21,-292,33683.0,0,0
8,1,2,45382,0,1,1586,1927,28,27,341,22691.0,756,0
5,0,2,66992,0,4,8109,12388,36,77,4279,13398.4,2772,2
0,0,2,87875,3,5,9293,10260,51,39,967,14645.833333333334,1989,1
9,0,0,141278,4,4,14539,22074,96,51,7535,28255.6,4896,1
4,2,2,97648,0,4,10934,15823,25,56,4889,19529.6,1400,2
2,0,2,75538,0,4,8302,7909,43,31,-393,15107.6,1333,2
6,0,1,126625,1,8,4708,6585,45,50,1877,14069.444444444445,2250,1
7,1,2,32629,2,0,11254,13011,30,62,1757,32629.0,1860,0
7,1,2,32027,2,0,10553,10393,34,35,-160,32027.0,1190,0
5,0,2,58071,0,2,8574,6882,52,40,-1692,19357.0,2080,1
9,0,2,91331,0,1,2561,3073,89,47,512,45665.5,4183,1
1,2,1,58760,4,5,2626,1958,36,32,-668,9793.333333333334,1152,1
9,0,2,91709,0,3,11300,12526,67,45,1226,22927.25,3015,1
4,1,0,47416,2,2,2053,1718,38,82,-335,15805.333333333334,3116,0
2,0,2,92649,0,2,10576,8834,17,42,-1742,30883.0,714,2
9,0,2,96770,0,3,4206,6694,74,22,2488,24192.5,1628,1
9,0,0,102263,4,5,12460,10523,85,58,-1937,17043.833333333332,4930,1
7,1,2,33103,2,2,12140,11572,17,58,-568,11034.333333333334,986,0
3,2,1,99343,0,6,10179,17377,52,50,7198,14191.857142857143,2600,1
1,2,1,46115,4,3,9956,11256,29,55,1300,11528.75,1595,1
4,2,2,92377,0,6,2657,3964,49,19,1307,13196.714285714286,931,2
8,1,2,34809,0,0,6640,5542,59,41,-1098,34809.0,2419,0
3,2,1,201954,1,10,12565,26444,17,26,13879,18359.454545454544,442,1
4,1,0,31768,2,4,13603,15282,16,61,1679,6353.6,976,0
3,2,1,96573,0,4,1286,2521,80,26,1235,19314.6,2080,1
9,0,0,128813,4,5,734,982,67,51,248,21468.833333333332,3417,1
3,2,1,93877,0,5,1058,1688,45,64,630,15646.166666666666,2880,1
9,0,0,169534,4,7,7000,6960,60,15,-40,21191.75,900,1
9,0,0,128497,4,4,9873,14194,92,44,4321,25699.4,4048,1
5,0,2,56697,0,0,14552,22557,68,45,8005,56697.0,3060,1
9,0,2,104326,0,3,10800,11818,44,63,1018,26081.5,2772,1
8,1,2,42617,0,2,7907,7395,41,54,-512,14205.666666666666,2214,0
5,0,2,48055,0,1,10679,16362,66,29,5683,24027.5,1914,1
1,2,1,51928,4,4,7706,8693,37,82,987,10385.6,3034,1
4,1,0,41213,2,2,5076,4377,30,47,-699,13737.666666666666,1410,0
6,0,1,120959,1,6,6027,4713,39,30,-1314,17279.85714285714,1170,1
6,0,1,134178,1,6,3552,4176,49,48,624,19168.285714285714,2352,1
7,1,2,33660,2,0,13721,10360,35,23,-3361,33660.0,805,0
4,2,2,94988,0,2,9493,12090,22,62,2597,31662.666666666668,1364,1
3,2,1,87141,0,4,2081,1969,75,66,-112,17428.2,4950,1
4,2,2,80928,0,3,9004,7094,65,22,-1910,20232.0,1430,2
9,0,0,124914,0,2,13311,23508,68,41,10197,41638.0,2788,2
8,1,2,36587,0,2,11023,12079,33,55,1056,12195.666666666666,1815,0
1,2,1,67971,4,7,2568,2301,36,39,-267,8496.375,1404,1
9,0,2,107691,0,1,7994,9374,78,31,1380,53845.5,2418,1
9,0,0,149859,0,2,9518,7086,47,21,-2432,49953.0,987,1
9,0,0,106193,4,2,14808,29877,64,22,15069,35397.666666666664,1408,1
2,0,2,82401,0,5,7914,9523,43,77,1609,13733.5,3311,0
1,2,1,47645,4,6,1859,2267,34,53,408,6806.428571428572,1802,1
9,0,0,98889,4,3,7013,13420,72,38,6407,24722.25,2736,1
9,0,2,106585,0,4,2821,3642,56,24,821,21317.0,1344,1
4,2,2,77843,0,3,773,1096,37,69,323,19460.75,2553,2
4,1,0,45281,2,0,12699,15354,47,25,2655,45281.0,1175,0
1,2,1,56277,4,5,10345,13567,15,64,3222,9379.5,960,1
3,2,1,188998,1,4,14589,29960,19,45,15371,37799.6,855,1
1,2,1,53430,4,7,1269,1148,37,29,-121,6678.75,1073,1
7,1,2,37618,2,0,9338,9064,29,55,-274,37618.0,1595,0
4,1,0,40654,2,3,9197,6589,91,27,-2608,10163.5,2457,0
7,1,2,29372,2,2,3100,2843,54,38,-257,9790.666666666666,2052,0
3,2,1,90811,0,6,3213,2607,49,10,-606,12973.0,490,1
9,0,2,88974,0,2,14315,17893,80,52,3578,29658.0,4160,1
1,2,1,48920,4,7,10488,13783,34,28,3295,6115.0,952,1
0,0,2,69607,3,4,3812,2845,57,65,-967,13921.4,3705,2
9,0,0,119077,4,5,7067,5737,51,56,-1330,19846.166666666668,2856,1
8,1,2,28201,0,0,9048,6657,65,33,-2391,28201.0,2145,0
6,0,1,127987,1,6,8307,6969,12,48,-1338,18283.85714285714,576,1
7,1,2,28853,2,2,2730,2250,32,51,-480,9617.666666666666,1632,0
9,0,0,133193,4,5,1726,1580,94,52,-146,22198.833333333332,4888,1
4,1,0,43838,2,2,9605,10365,50,59,760,14612.666666666666,2950,0
9,0,2,84240,0,3,12517,20917,33,35,8400,21060.0,1155,1
3,2,1,202946,1,6,1594,2718,43,35,1124,28992.285714285714,1505,1
4,2,2,106422,0,5,7223,12158,38,57,4935,17737.0,2166,2
9,0,0,182873,4,5,8379,15135,80,36,6756,30478.833333333332,2880,1
4,2,2,84068,0,3,13721,21262,20,20,7541,21017.0,400,2
8,1,2,38536,0,1,13382,17178,14,52,3796,19268.0,728,0
3,2,1,74559,0,6,7365,12089,42,41,4724,10651.285714285714,1722,1
3,2,1,181975,1,9,3668,3504,1,52,-164,18197.5,52,1
0,0,2,87758,3,4,6241,8027,24,46,1786,17551.6,1104,1
9,0,2,74273,0,4,5025,3649,53,33,-1376,14854.6,1749,1
6,0,1,117598,1,8,7077,7637,42,54,560,13066.444444444445,2268,1
4,1,0,54597,2,4,12618,13381,6,25,763,10919.4,150,0
3,2,1,84497,0,1,2987,3099,51,42,112,42248.5,2142,1
5,0,2,63983,0,3,2833,3122,22,36,289,15995.75,792,2
4,2,2,93629,0,2,5865,4119,34,52,-1746,31209.666666666668,1768,1
3,2,1,94851,0,0,2421,3161,2,38,740,94851.0,76,1
2,0,2,64573,0,7,9089,10166,37,41,1077,8071.625,1517,0
4,2,2,77848,0,2,10798,11998,32,15,1200,25949.333333333332,480,2
5,0,2,62832,0,2,4304,4362,25,44,58,20944.0,1100,2
2,0,2,79258,0,4,13971,9891,21,51,-4080,15851.6,1071,2
1,2,1,50179,4,6,12671,9065,26,28,-3606,7168.428571428572,728,1
5,0,2,63241,0,2,3017,4103,46,53,1086,21080.333333333332,2438,2
6,0,1,133860,1,4,12857,18556,44,46,5699,26772.0,2024,1
6,0,1,124827,1,6,4958,8082,17,21,3124,17832.428571428572,357,1
8,1,2,36683,0,0,14229,15713,11,35,1484,36683.0,385,0
9,0,0,120156,0,0,10771,14914,68,11,4143,120156.0,748,1
8,1,2,38012,0,3,10084,10424,49,78,340,9503.0,3822,0
6,0,1,152123,1,10,12128,13565,16,56,1437,13829.363636363636,896,1
4,2,2,98581,0,4,5269,5593,33,50,324,19716.2,1650,2
1,2,1,53593,4,3,2188,1937,38,29,-251,13398.25,1102,1
4,1,0,45006,2,4,10384,9004,32,43,-1380,9001.2,1376,0
0,0,2,74738,3,4,6440,6623,53,62,183,14947.6,3286,1
0,0,2,103520,3,3,14425,11766,5,33,-2659,25880.0,165,1
0,0,2,81106,3,4,11994,15236,0,33,3242,16221.2,0,1
8,1,2,50719,0,2,1428,1277,43,43,-151,16906.333333333332,1849,0
0,0,2,86169,3,3,13114,11864,30,40,-1250,21542.25,1200,1
0,0,2,65400,3,5,12362,17424,34,71,5062,10900.0,2414,1
6,0,1,170009,1,5,4623,5106,43,20,483,28334.833333333332,860,1
7,1,2,27593,2,0,7375,8376,56,70,1001,27593.0,3920,0
7,1,2,35111,2,0,1861,1465,42,42,-396,35111.0,1764,0
9,0,0,106977,0,2,12183,16546,100,42,4363,35659.0,4200,2
9,0,2,125407,0,3,10097,11574,62,16,1477,31351.75,992,1
9,0,2,96569,0,2,10184,7545,50,83,-2639,32189.666666666668,4150,1
3,2,1,75603,0,4,4854,4650,25,41,-204,15120.6,1025,1
4,2,2,93754,0,2,14037,12176,32,21,-1861,31251.333333333332,672,2
1,2,1,56822,4,5,10439,9440,17,5,-999,9470.333333333334,85,1
8,1,2,43336,0,1,10438,14170,49,43,3732,21668.0,2107,0
0,0,2,71757,3,1,11437,11405,41,33,-32,35878.5,1353,2
9,0,0,128603,4,3,10357,19720,57,44,9363,32150.75,2508,1
3,2,1,161073,1,6,14233,28251,38,88,14018,23010.428571428572,3344,1
3,2,1,192203,1,8,2055,3761,48,48,1706,21355.88888888889,2304,1
4,2,2,100841,0,6,4409,6000,35,42,1591,14405.857142857143,1470,2
3,2,1,193653,1,7,11520,28194,43,65,16674,24206.625,2795,1
8,1,2,34463,0,0,13857,14074,42,52,217,34463.0,2184,0
4,1,0,50206,2,0,12694,16009,12,59,3315,50206.0,708,0
7,1,2,33305,2,1,11101,12400,14,20,1299,16652.5,280,0
0,0,2,81284,3,3,8048,7299,14,18,-749,20321.0,252,1
0,0,2,77244,3,6,9064,7162,53,87,-1902,11034.857142857143,4611,1
8,1,2,44466,0,2,13822,13358,65,36,-464,14822.0,2340,0
3,2,1,81097,0,1,920,1677,26,63,757,40548.5,1638,1
3,2,1,189825,1,7,3461,3534,6,65,73,23728.125,390,1
3,2,1,92435,0,3,5889,4318,48,45,-1571,23108.75,2160,1
2,0,2,66897,0,0,7252,6750,41,21,-502,66897.0,861,0
4,1,0,40186,2,2,7981,8876,43,66,895,13395.333333333334,2838,0
7,1,2,25000,2,1,13908,16119,9,48,2211,12500.0,432,0
7,1,2,33185,2,0,4574,5490,34,55,916,33185.0,1870,0
5,0,2,49234,0,1,13340,12556,16,29,-784,24617.0,464,1
7,1,2,33881,2,1,8007,8974,8,58,967,16940.5,464,0
4,2,2,98961,0,3,13503,19218,16,34,5715,24740.25,544,2
9,0,2,108488,0,1,9650,7984,56,44,-1666,54244.0,2464,1
3,2,1,102676,0,3,5773,11251,31,21,5478,25669.0,651,1
4,2,2,89751,0,3,6210,7953,16,57,1743,22437.75,912,1
0,0,2,87511,3,7,8689,9803,38,50,1114,10938.875,1900,1
7,1,2,31436,2,0,6263,4568,16,38,-1695,31436.0,608,0
1,2,1,52131,4,6,12621,12672,23,44,51,7447.285714285715,1012,1
7,1,2,28249,2,1,14077,16483,56,46,2406,14124.5,2576,0
9,0,0,117056,0,3,12328,8919,54,41,-3409,29264.0,2214,1
3,2,1,82155,0,4,7152,13004,32,52,5852,16431.0,1664,1
3,2,1,161176,1,8,8646,9618,62,57,972,17908.444444444445,3534,1
4,2,2,89496,0,1,6770,8368,29,40,1598,44748.0,1160,2
2,0,2,58991,0,2,14524,22120,59,45,7596,19663.666666666668,2655,0
7,1,2,30667,2,3,6021,4856,31,42,-1165,7666.75,1302,0
6,0,1,146169,1,5,6422,8932,44,57,2510,24361.5,2508,1
9,0,0,123908,4,7,5788,11679,44,18,5891,15488.5,792,1
9,0,0,129363,0,2,3609,5545,56,59,1936,43121.0,3304,2
2,0,2,83142,0,0,8792,8778,20,45,-14,83142.0,900,0
2,0,2,65463,0,3,12898,14737,38,44,1839,16365.75,1672,0
1,2,1,54756,4,6,3414,4177,32,5,763,7822.285714285715,160,1
3,2,1,167650,1,9,11897,21498,32,65,9601,16765.0,2080,1
9,0,2,77945,0,3,2029,1512,73,61,-517,19486.25,4453,1
4,1,0,47714,2,3,10297,11847,58,36,1550,11928.5,2088,0
0,0,2,89604,3,7,4815,5806,25,63,991,11200.5,1575,1
4,1,0,42454,2,1,6073,4317,22,58,-1756,21227.0,1276,0
7,1,2,27695,2,0,7000,7584,37,46,584,27695.0,1702,0
6,0,1,133868,1,7,6811,6215,21,35,-596,16733.5,735,1
0,0,2,90964,3,5,12563,15472,42,65,2909,15160.666666666666,2730,1
3,2,1,166594,1,6,9840,8041,23,55,-1799,23799.14285714286,1265,1
7,1,2,31670,2,1,4183,4969,34,44,786,15835.0,1496,0
0,0,2,87432,3,3,1168,1199,50,71,31,21858.0,3550,1
1,2,1,58299,4,5,3039,4052,71,71,1013,9716.5,5041,1
9,0,0,114484,4,2,8601,7472,68,25,-1129,38161.333333333336,1700,1
0,0,2,85693,3,3,11888,15911,56,38,4023,21423.25,2128,1
9,0,2,97632,0,5,14838,14861,79,31,23,16272.0,2449,1
5,0,2,72487,0,4,11115,9589,40,39,-1526,14497.4,1560,1
9,0,0,141073,4,5,703,657,86,28,-46,23512.166666666668,2408,1
9,0,2,86454,0,5,840,869,53,51,29,14409.0,2703,1
5,0,2,70378,0,2,14228,13718,13,60,-510,23459.333333333332,780,2
8,1,2,37749,0,0,9614,7277,52,32,-2337,37749.0,1664,0
3,2,1,186381,1,6,3649,8398,39,47,4749,26625.85714285714,1833,1
9,0,0,128659,4,4,14392,14619,95,61,227,25731.8,5795,1
3,2,1,224221,1,4,7047,11715,46,94,4668,44844.2,4324,1
6,0,1,116413,1,7,6842,9026,4,21,2184,14551.625,84,1
4,1,0,44935,2,2,13554,15880,49,68,2326,14978.333333333334,3332,0
4,2,2,104908,0,3,13635,14568,41,37,933,26227.0,1517,2
8,1,2,38525,0,3,6565,6235,24,28,-330,9631.25,672,0
6,0,1,116246,1,3,4345,4129,72,46,-216,29061.5,3312,1
1,2,1,59431,4,5,6350,7723,58,56,1373,9905.166666666666,3248,1
4,1,0,36714,2,0,2703,2021,50,27,-682,36714.0,1350,0
0,0,2,88932,3,5,14056,12920,47,51,-1136,14822.0,2397,1
4,2,2,85629,0,3,9319,8027,41,32,-1292,21407.25,1312,1
9,0,0,134079,4,5,2083,3916,61,32,1833,22346.5,1952,1
4,1,0,46734,2,2,8294,6644,33,35,-1650,15578.0,1155,0
7,1,2,34158,2,3,2217,2592,0,43,375,8539.5,0,0
9,0,2,88250,0,4,12298,16621,74,52,4323,17650.0,3848,1
4,1,0,36875,2,3,12003,11776,42,31,-227,9218.75,1302,0
0,0,2,73845,3,6,4169,4859,22,33,690,10549.285714285714,726,1
2,0,2,55870,0,3,9908,10175,34,41,267,13967.5,1394,0
5,0,2,79027,0,4,10638,15568,25,38,4930,15805.4,950,1
5,0,2,49402,0,3,10183,14309,38,18,4126,12350.5,684,1
9,0,0,121002,0,1,3307,3317,60,71,10,60501.0,4260,1
1,2,1,55979,4,7,7847,6405,64,62,-1442,6997.375,3968,1
3,2,1,71323,0,3,1442,1684,29,34,242,17830.75,986,1
5,0,2,58544,0,2,14714,18695,0,37,3981,19514.666666666668,0,1
9,0,0,115075,0,2,11674,14629,81,31,2955,38358.333333333336,2511,1
9,0,0,111161,0,0,12277,19539,55,37,7262,111161.0,2035,1
3,2,1,180591,1,7,4628,8609,0,45,3981,22573.875,0,1
4,1,0,46055,2,2,10293,9162,42,20,-1131,15351.666666666666,840,0
8,1,2,41260,0,2,12037,11133,7,61,-904,13753.333333333334,427,0
8,1,2,37640,0,4,4025,4603,51,45,578,7528.0,2295,0
2,0,2,68952,0,3,9321,8135,53,12,-1186,17238.0,636,0
7,1,2,35609,2,0,4310,3314,34,32,-996,35609.0,1088,0
4,2,2,99937,0,5,14851,23884,48,29,9033,16656.166666666668,1392,1
8,1,2,25279,0,0,2863,2519,7,30,-344,25279.0,210,0
3,2,1,82198,0,6,10115,17047,53,50,6932,11742.57142857143,2650,1
0,0,2,77217,3,3,611,958,46,27,347,19304.25,1242,1
9,0,0,138750,4,3,12167,14053,71,9,1886,34687.5,639,1
3,2,1,132388,1,4,2460,4173,7,64,1713,26477.6,448,1
3,2,1,193504,1,11,1542,2565,29,33,1023,16125.333333333334,957,1
8,1,2,34810,0,2,12466,13457,29,55,991,11603.333333333334,1595,0
4,1,0,47947,2,0,3688,4693,6,40,1005,47947.0,240,0
3,2,1,190211,1,6,13176,18306,44,95,5130,27173.0,4180,1
0,0,2,80251,3,4,3469,2843,27,46,-626,16050.2,1242,2
3,2,1,75681,0,5,8609,15556,26,48,6947,12613.5,1248,1
7,1,2,27113,2,0,1959,2235,27,66,276,27113.0,1782,0
8,1,2,38372,0,0,9904,11801,31,38,1897,38372.0,1178,0
4,2,2,103084,0,2,7177,10600,39,18,3423,34361.333333333336,702,2
4,1,0,47298,2,1,8272,7716,21,35,-556,23649.0,735,0
0,0,2,87192,3,3,6124,6997,56,25,873,21798.0,1400,1
9,0,0,95259,0,0,5598,8299,75,54,2701,95259.0,4050,1
9,0,0,160537,4,5,12087,8799,56,62,-3288,26756.166666666668,3472,1
6,0,1,147157,1,6,4628,6886,27,75,2258,21022.428571428572,2025,1
9,0,0,92490,0,2,3523,5551,68,78,2028,30830.0,5304,1
8,1,2,34876,0,0,3786,4614,49,58,828,34876.0,2842,0
7,1,2,32844,2,0,11104,12424,30,64,1320,32844.0,1920,0
7,1,2,31410,2,0,7901,8721,32,54,820,31410.0,1728,0
1,2,1,62546,4,4,4723,5235,31,38,512,12509.2,1178,1
6,0,1,137333,1,6,10431,9877,50,53,-554,19619.0,2650,1
1,2,1,63015,4,2,1469,1776,64,32,307,21005.0,2048,1
9,0,0,153299,0,3,3260,4569,67,14,1309,38324.75,938,2
1,2,1,51168,4,4,706,494,30,54,-212,10233.6,1620,1
7,1,2,25000,2,0,6803,7665,53,40,862,25000.0,2120,0
9,0,0,113591,4,1,13607,18933,58,37,5326,56795.5,2146,1
3,2,1,162560,1,9,6641,5768,56,47,-873,16256.0,2632,1
9,0,0,118236,4,5,3588,3164,64,41,-424,19706.0,2624,1
5,0,2,64677,0,2,3478,4642,65,59,1164,21559.0,3835,1
9,0,2,115876,0,3,6156,8922,74,48,2766,28969.0,3552,1
0,0,2,66567,3,5,11693,12460,22,62,767,11094.5,1364,1
3,2,1,178413,1,7,6630,14820,19,43,8190,22301.625,817,1
9,0,0,128224,4,2,7720,6548,63,78,-1172,42741.333333333336,4914,1
1,2,1,50696,4,5,2938,3351,34,36,413,8449.333333333334,1224,1
9,0,0,107982,4,3,10692,16423,72,29,5731,26995.5,2088,1
6,0,1,166844,1,9,9307,14998,75,61,5691,16684.4,4575,1
4,2,2,90230,0,2,5606,8987,32,33,3381,30076.666666666668,1056,2
9,0,0,130860,0,3,6218,4489,83,69,-1729,32715.0,5727,1
3,2,1,189921,1,6,8994,11143,43,41,2149,27131.571428571428,1763,1
6,0,1,136345,1,7,2133,3956,32,60,1823,17043.125,1920,1
9,0,2,92199,0,6,10387,13052,94,41,2665,13171.285714285714,3854,1
3,2,1,174456,1,7,6027,7131,39,33,1104,21807.0,1287,1
6,0,1,119293,1,7,11288,16674,42,42,5386,14911.625,1764,1
0,0,2,85470,3,6,6870,5753,24,67,-1117,12210.0,1608,1
9,0,0,120342,0,4,11456,13751,88,17,2295,24068.4,1496,1
9,0,0,93791,0,1,6043,10998,72,46,4955,46895.5,3312,2
7,1,2,28240,2,1,2816,2176,37,10,-640,14120.0,370,0
0,0,2,82384,3,6,8540,6872,36,25,-1668,11769.142857142857,900,1
4,2,2,94930,0,4,7123,7836,16,48,713,18986.0,768,2
7,1,2,30088,2,1,1460,1622,35,39,162,15044.0,1365,0
4,2,2,91273,0,2,14321,18806,31,39,4485,30424.333333333332,1209,2
9,0,0,107573,0,2,14389,20829,78,49,6440,35857.666666666664,3822,1
9,0,0,105614,0,3,11370,10730,46,63,-640,26403.5,2898,1
6,0,1,136506,1,6,9139,7312,51,44,-1827,19500.85714285714,2244,1
3,2,1,181312,1,7,12004,13682,3,61,1678,22664.0,183,1
1,2,1,44254,4,1,6958,5469,50,48,-1489,22127.0,2400,1
3,2,1,78794,0,4,3792,3785,11,25,-7,15758.8,275,1
7,1,2,30333,2,1,2719,1955,20,39,-764,15166.5,780,0
4,2,2,84654,0,3,3744,5863,66,58,2119,21163.5,3828,2
3,2,1,107546,0,4,7484,8425,28,45,941,21509.2,1260,1
8,1,2,42375,0,1,6677,7325,23,17,648,21187.5,391,0
5,0,2,62071,0,3,890,1121,37,51,231,15517.75,1887,1
9,0,0,108838,0,0,5767,8556,77,73,2789,108838.0,5621,1
5,0,2,64912,0,3,10488,12324,19,75,1836,16228.0,1425,1
2,0,2,62772,0,3,8652,7727,29,8,-925,15693.0,232,0
4,2,2,89478,0,2,11707,16971,19,58,5264,29826.0,1102,2
1,2,1,64135,4,6,14119,12032,30,44,-2087,9162.142857142857,1320,1
9,0,2,71702,0,4,1961,2075,58,46,114,14340.4,2668,1
6,0,1,135553,1,4,10125,15315,43,34,5190,27110.6,1462,1
1,2,1,59522,4,4,3340,2739,32,72,-601,11904.4,2304,1
4,1,0,47084,2,3,1285,1525,14,49,240,11771.0,686,0
9,0,0,130976,4,2,1273,1922,52,87,649,43658.666666666664,4524,1
8,1,2,38294,0,1,3584,4641,35,53,1057,19147.0,1855,0
1,2,1,60472,4,1,1359,1240,34,15,-119,30236.0,510,1
4,1,0,42985,2,1,8829,6235,41,37,-2594,21492.5,1517,0
0,0,2,99118,3,3,3421,2659,9,53,-762,24779.5,477,1
7,1,2,27500,2,1,11659,9624,21,49,-2035,13750.0,1029,0
6,0,1,127671,1,5,4014,7012,43,64,2998,21278.5,2752,1
5,0,2,71416,0,1,3542,4818,27,32,1276,35708.0,864,1
4,1,0,39786,2,3,5747,4979,47,52,-768,9946.5,2444,0
4,1,0,46392,2,3,3835,2931,48,29,-904,11598.0,1392,0
9,0,2,88185,0,3,9857,15670,88,34,5813,22046.25,2992,1
9,0,0,133007,4,2,1241,2477,54,57,1236,44335.666666666664,3078,1
9,0,2,91316,0,2,11794,20064,83,52,8270,30438.666666666668,4316,1
6,0,1,115191,1,10,5258,8852,50,55,3594,10471.90909090909,2750,1
6,0,1,156981,1,8,4438,4255,36,42,-183,17442.333333333332,1512,1
9,0,0,128197,4,3,6888,14981,47,30,8093,32049.25,1410,1
7,1,2,32895,2,2,14226,11328,43,69,-2898,10965.0,2967,0
9,0,0,128822,4,5,3054,4603,70,28,1549,21470.333333333332,1960,1
3,2,1,172020,1,10,4533,5571,72,82,1038,15638.181818181818,5904,1
3,2,1,87684,0,6,4730,9052,53,94,4322,12526.285714285714,4982,1
3,2,1,94844,0,2,9847,18837,4,39,8990,31614.666666666668,156,1
9,0,2,98223,0,5,14896,14879,87,66,-17,16370.5,5742,1
8,1,2,41682,0,4,11809,15166,17,57,3357,8336.4,969,0
8,1,2,45229,0,0,13993,18471,42,44,4478,45229.0,1848,0
8,1,2,41511,0,2,5056,6752,41,50,1696,13837.0,2050,0
0,0,2,83183,3,2,13266,20047,26,45,6781,27727.666666666668,1170,1
2,0,2,64711,0,1,10332,14623,34,20,4291,32355.5,680,0
3,2,1,78110,0,6,11846,17986,45,25,6140,11158.57142857143,1125,1
9,0,0,128909,4,3,11903,13571,95,16,1668,32227.25,1520,1
9,0,0,140984,4,4,11361,20655,84,52,9294,28196.8,4368,1
9,0,0,120515,0,3,10946,14426,50,51,3480,30128.75,2550,1
9,0,0,108748,0,3,3103,2259,87,60,-844,27187.0,5220,1
9,0,0,126585,0,2,3504,3836,61,27,332,42195.0,1647,2
7,1,2,25000,2,0,3242,3426,32,61,184,25000.0,1952,0
3,2,1,89360,0,2,12214,10782,37,57,-1432,29786.666666666668,2109,1
2,0,2,54609,0,5,9286,9037,47,21,-249,9101.5,987,0
2,0,2,82330,0,3,14516,20836,7,46,6320,20582.5,322,0
2,0,2,77488,0,3,2277,2280,60,31,3,19372.0,1860,0
8,1,2,45617,0,3,13982,18925,12,30,4943,11404.25,360,2
9,0,0,114142,0,4,9589,11180,71,34,1591,22828.4,2414,1
9,0,2,92702,0,1,2582,2724,87,41,142,46351.0,3567,2
9,0,0,119007,4,3,8183,10243,72,46,2060,29751.75,3312,1
9,0,0,114218,0,1,2325,2276,59,26,-49,57109.0,1534,1
9,0,0,129016,4,5,14149,11043,64,10,-3106,21502.666666666668,640,1
9,0,0,120369,4,4,1869,1941,87,44,72,24073.8,3828,1
9,0,2,78413,0,4,7642,10149,91,41,2507,15682.6,3731,1
7,1,2,25000,2,0,7677,8569,47,74,892,25000.0,3478,0
5,0,2,71881,0,5,10281,12002,25,17,1721,11980.166666666666,425,1
3,2,1,91369,0,3,8751,8268,23,25,-483,22842.25,575,1
4,2,2,92616,0,3,3947,6440,10,33,2493,23154.0,330,1
9,0,0,118040,4,0,9819,16380,60,29,6561,118040.0,1740,1
9,0,0,146407,4,2,6092,10292,52,27,4200,48802.333333333336,1404,1
6,0,1,126131,1,5,3375,4461,37,33,1086,21021.833333333332,1221,1
5,0,2,58772,0,5,3787,3606,60,29,-181,9795.333333333334,1740,2
8,1,2,34981,0,2,6726,5715,36,49,-1011,11660.333333333334,1764,0
2,0,2,53689,0,2,8783,11419,33,29,2636,17896.333333333332,957,0
9,0,2,86615,0,4,3514,5983,56,42,2469,17323.0,2352,1
7,1,2,31114,2,3,11280,12385,47,41,1105,7778.5,1927,0
9,0,0,121648,4,3,14775,28123,31,29,13348,30412.0,899,1
9,0,0,118561,0,2,14318,13708,72,60,-610,39520.333333333336,4320,1
3,2,1,192183,1,9,9159,16015,58,71,6856,19218.3,4118,1
1,2,1,55772,4,3,3139,4075,27,25,936,13943.0,675,1
1,2,1,61067,4,4,5702,5945,17,38,243,12213.4,646,1
9,0,0,113327,0,3,11719,13258,70,57,1539,28331.75,3990,1
8,1,2,35148,0,2,8987,7332,44,46,-1655,11716.0,2024,0
9,0,0,124063,4,6,10634,9634,53,43,-1000,17723.285714285714,2279,1
4,1,0,39573,2,3,5770,7322,0,23,1552,9893.25,0,0
9,0,0,115923,4,4,2850,3227,71,81,377,23184.6,5751,1
3,2,1,92771,0,3,4328,5026,55,47,698,23192.75,2585,1
8,1,2,39402,0,2,556,698,36,41,142,13134.0,1476,0
9,0,0,123961,4,4,13831,9875,72,26,-3956,24792.2,1872,1
4,2,2,87441,0,4,9788,7543,31,28,-2245,17488.2,868,1
0,0,2,57178,3,4,4178,2960,14,21,-1218,11435.6,294,1
3,2,1,182959,1,7,9438,10024,32,84,586,22869.875,2688,1
9,0,0,120408,4,2,11130,14011,38,40,2881,40136.0,1520,1
6,0,1,133892,1,4,9863,13040,31,32,3177,26778.4,992,1
2,0,2,74941,0,3,11733,16894,22,61,5161,18735.25,1342,0
8,1,2,37004,0,1,7867,9184,48,63,1317,18502.0,3024,0
3,2,1,88090,0,6,8537,9242,41,45,705,12584.285714285714,1845,1
2,0,2,76118,0,6,6154,8491,49,69,2337,10874.0,3381,0
5,0,2,64321,0,6,3009,3090,25,60,81,9188.714285714286,1500,1
1,2,1,49295,4,5,14908,19048,16,53,4140,8215.833333333334,848,1
9,0,2,100637,0,4,2865,2475,73,26,-390,20127.4,1898,1
3,2,1,74072,0,2,12476,20037,18,21,7561,24690.666666666668,378,1
8,1,2,41462,0,1,4714,6443,32,36,1729,20731.0,1152,0
7,1,2,25000,2,1,12624,10179,33,18,-2445,12500.0,594,0
8,1,2,32432,0,1,13696,10186,59,57,-3510,16216.0,3363,0
9,0,0,154699,4,6,1197,942,75,75,-255,22099.85714285714,5625,1
8,1,2,37262,0,2,12143,14112,29,26,1969,12420.666666666666,754,0
0,0,2,77955,3,6,4218,4380,82,28,162,11136.42857142857,2296,1
9,0,0,150263,4,3,14264,29005,100,34,14741,37565.75,3400,1
9,0,2,81060,0,3,7148,8694,52,32,1546,20265.0,1664,1
6,0,1,143149,1,3,7344,9833,38,12,2489,35787.25,456,1
4,1,0,43866,2,0,7910,6664,0,70,-1246,43866.0,0,0
8,1,2,46853,0,0,8094,8962,28,40,868,46853.0,1120,0
7,1,2,25000,2,0,5841,6770,5,38,929,25000.0,190,0
9,0,0,126760,4,5,12350,14632,66,59,2282,21126.666666666668,3894,1
9,0,2,96274,0,1,4530,5642,83,35,1112,48137.0,2905,1
4,1,0,42909,2,0,3628,3556,47,68,-72,42909.0,3196,0
9,0,2,74529,0,4,14813,22701,54,63,7888,14905.8,3402,1
7,1,2,27635,2,0,8091,7285,4,27,-806,27635.0,108,0
0,0,2,84574,3,7,13016,14777,29,5,1761,10571.75,145,1
7,1,2,28771,2,2,11051,9015,26,17,-2036,9590.333333333334,442,0
9,0,2,90586,0,3,6936,8699,49,57,1763,22646.5,2793,1
5,0,2,60769,0,3,2280,3507,18,42,1227,15192.25,756,1
3,2,1,83684,0,1,7910,7912,70,75,2,41842.0,5250,1
6,0,1,94387,1,7,14146,9907,1,39,-4239,11798.375,39,1
8,1,2,35429,0,3,1333,1631,43,66,298,8857.25,2838,0
9,0,2,92785,0,4,6032,8926,70,61,2894,18557.0,4270,1
6,0,1,108708,1,7,3067,2217,17,17,-850,13588.5,289,1
6,0,1,127562,1,6,8978,12105,30,39,3127,18223.14285714286,1170,1
9,0,0,137949,4,6,7757,12765,79,49,5008,19707.0,3871,1
4,1,0,44616,2,0,3882,3747,60,70,-135,44616.0,4200,0
3,2,1,173618,1,8,11428,26669,20,37,15241,19290.88888888889,740,1
2,0,2,74735,0,2,12722,19597,49,30,6875,24911.666666666668,1470,0
4,2,2,87667,0,3,3053,3210,40,35,157,21916.75,1400,2
3,2,1,159117,1,6,13309,26342,40,42,13033,22731.0,1680,1
9,0,0,111795,4,7,7238,13138,77,35,5900,13974.375,2695,1
5,0,2,52788,0,0,4525,4433,18,37,-92,52788.0,666,1
4,2,2,85783,0,3,8473,12388,35,63,3915,21445.75,2205,2
3,2,1,169417,1,6,13007,27784,0,59,14777,24202.428571428572,0,1
1,2,1,45166,4,4,12547,13311,31,33,764,9033.2,1023,1
3,2,1,73618,0,7,2090,2637,41,71,547,9202.25,2911,1
9,0,0,121435,0,3,851,1479,79,31,628,30358.75,2449,1
6,0,1,147560,1,6,14627,24268,41,32,9641,21080.0,1312,1
7,1,2,28725,2,0,14469,11270,31,33,-3199,28725.0,1023,0
7,1,2,31008,2,2,6344,7322,39,50,978,10336.0,1950,0
4,1,0,35004,2,0,2967,2161,23,49,-806,35004.0,1127,0
2,0,2,69231,0,3,14273,11623,71,43,-2650,17307.75,3053,0
7,1,2,27737,2,1,10711,10999,17,68,288,13868.5,1156,0
3,2,1,194045,1,8,14070,28435,13,37,14365,21560.555555555555,481,1
5,0,2,67600,0,2,6047,6178,31,5,131,22533.333333333332,155,1
2,0,2,69405,0,4,5468,6044,33,52,576,13881.0,1716,2
4,2,2,99064,0,2,9705,8477,30,49,-1228,33021.333333333336,1470,2
6,0,1,125350,1,5,14927,26770,65,63,11843,20891.666666666668,4095,1
9,0,0,135606,4,5,7302,14132,76,60,6830,22601.0,4560,1
1,2,1,54509,4,4,10630,8367,73,23,-2263,10901.8,1679,1
9,0,0,130403,4,7,9702,7631,82,59,-2071,16300.375,4838,1
3,2,1,84932,0,5,8193,14110,29,39,5917,14155.333333333334,1131,1
4,1,0,39899,2,2,14393,10472,57,54,-3921,13299.666666666666,3078,0
9,0,0,140623,0,2,11376,21502,48,58,10126,46874.333333333336,2784,1
6,0,1,140974,1,10,7789,6667,34,84,-1122,12815.818181818182,2856,1
4,2,2,90913,0,3,1145,1021,23,36,-124,22728.25,828,1
6,0,1,143257,1,7,6741,11981,43,56,5240,17907.125,2408,1
8,1,2,33368,0,1,8313,9500,30,51,1187,16684.0,1530,0
4,2,2,83953,0,3,826,1169,33,49,343,20988.25,1617,2
4,1,0,42408,2,1,13901,15594,9,61,1693,21204.0,549,0
6,0,1,140406,1,7,7724,6542,55,74,-1182,17550.75,4070,1
3,2,1,185448,1,10,3479,4218,71,29,739,16858.909090909092,2059,1
6,0,1,162418,1,6,825,1398,38,73,573,23202.571428571428,2774,1
3,2,1,65819,0,2,9786,18544,50,66,8758,21939.666666666668,3300,1
6,0,1,155394,1,7,6066,10585,40,27,4519,19424.25,1080,1
6,0,1,139133,1,6,6561,11403,5,70,4842,19876.14285714286,350,1
9,0,0,145993,4,6,2710,4329,58,47,1619,20856.14285714286,2726,1
2,0,2,68343,0,2,11598,18408,27,58,6810,22781.0,1566,0
6,0,1,154206,1,4,2949,3829,16,50,880,30841.2,800,1
6,0,1,140311,1,5,13459,16664,23,45,3205,23385.166666666668,1035,1
3,2,1,81585,0,5,5754,7118,56,26,1364,13597.5,1456,1
4,1,0,42453,2,2,13488,16340,53,50,2852,14151.0,2650,0
7,1,2,28879,2,0,10376,7469,18,30,-2907,28879.0,540,0
9,0,0,126432,4,6,10688,20954,88,61,10266,18061.714285714286,5368,1
8,1,2,37330,0,3,3269,3628,4,28,359,9332.5,112,0
0,0,2,95688,3,2,4640,7084,10,24,2444,31896.0,240,1
1,2,1,66959,4,3,5091,7600,18,55,2509,16739.75,990,1
6,0,1,133777,1,8,884,1093,19,58,209,14864.111111111111,1102,1
7,1,2,25000,2,0,3234,2706,14,45,-528,25000.0,630,0
3,2,1,91131,0,4,4412,8801,0,62,4389,18226.2,0,1
2,0,2,67495,0,0,7855,6799,15,30,-1056,67495.0,450,0
7,1,2,32475,2,0,1162,919,0,36,-243,32475.0,0,0
4,1,0,56086,2,2,12947,12366,91,28,-581,18695.333333333332,2548,0
3,2,1,85264,0,2,1814,2528,27,72,714,28421.333333333332,1944,1
1,2,1,50571,4,4,1014,739,4,58,-275,10114.2,232,1
0,0,2,77209,3,7,10726,14030,16,48,3304,9651.125,768,1
4,1,0,40278,2,3,9898,12787,24,16,2889,10069.5,384,0
2,0,2,75381,0,3,6736,4874,30,51,-1862,18845.25,1530,2
6,0,1,119203,1,5,8202,7068,55,72,-1134,19867.166666666668,3960,1
8,1,2,43312,0,0,1089,1055,8,33,-34,43312.0,264,0
4,1,0,41407,2,0,6646,7328,5,49,682,41407.0,245,0
7,1,2,28072,2,3,13658,15671,57,23,2013,7018.0,1311,0
0,0,2,77719,3,5,13347,21478,57,45,8131,12953.166666666666,2565,1
8,1,2,47898,0,1,12088,10443,23,47,-1645,23949.0,1081,2
9,0,0,106086,4,5,6172,4329,92,60,-1843,17681.0,5520,1
1,2,1,50183,4,3,3660,4445,35,80,785,12545.75,2800,1
2,0,2,60821,0,0,4869,4925,15,44,56,60821.0,660,2
6,0,1,110311,1,7,7870,9143,62,67,1273,13788.875,4154,1
4,2,2,85436,0,3,11415,17158,11,60,5743,21359.0,660,2
0,0,2,77119,3,5,8836,10088,37,40,1252,12853.166666666666,1480,1
9,0,0,112560,4,2,13783,13171,86,28,-612,37520.0,2408,1
4,2,2,91983,0,6,12985,20578,55,35,7593,13140.42857142857,1925,2
9,0,2,107920,0,5,1719,2867,86,44,1148,17986.666666666668,3784,1
7,1,2,30670,2,1,1564,1219,40,52,-345,15335.0,2080,0
3,2,1,202086,1,7,13631,28911,58,38,15280,25260.75,2204,1
4,2,2,85449,0,4,1931,3072,22,46,1141,17089.8,1012,2
9,0,0,131977,4,6,12347,18459,60,56,6112,18853.85714285714,3360,1
4,1,0,43845,2,0,13721,16460,81,81,2739,43845.0,6561,0
0,0,2,78344,3,5,10616,14863,21,51,4247,13057.333333333334,1071,2
9,0,0,109436,4,5,10047,15632,44,30,5585,18239.333333333332,1320,1
3,2,1,58208,0,5,14809,23853,30,75,9044,9701.333333333334,2250,1
4,2,2,83308,0,5,11394,13457,37,48,2063,13884.666666666666,1776,1
3,2,1,174067,1,9,2498,4981,15,15,2483,17406.7,225,1
4,1,0,39972,2,1,2772,3152,30,61,380,19986.0,1830,0
6,0,1,86051,1,6,12723,14329,19,74,1606,12293.0,1406,1
9,0,0,125161,4,3,2002,3953,69,27,1951,31290.25,1863,1
9,0,0,154011,4,4,7593,9966,82,9,2373,30802.2,738,1
9,0,2,70612,0,1,1319,1939,73,54,620,35306.0,3942,1
8,1,2,42492,0,3,5749,7514,49,49,1765,10623.0,2401,0
9,0,2,88109,0,4,8299,11285,63,41,2986,17621.8,2583,1
4,1,0,44701,2,0,8615,6627,28,70,-1988,44701.0,1960,0
4,1,0,53846,2,1,3548,3307,52,38,-241,26923.0,1976,0
2,0,2,82436,0,2,12485,18576,34,51,6091,27478.666666666668,1734,0
0,0,2,90875,3,5,14604,16202,18,48,1598,15145.833333333334,864,1
5,0,2,68998,0,3,3529,5221,52,58,1692,17249.5,3016,1
9,0,0,109275,4,6,1803,1648,67,30,-155,15610.714285714286,2010,1
9,0,2,74638,0,4,4813,7471,93,47,2658,14927.6,4371,1
6,0,1,149305,1,7,9380,6707,25,19,-2673,18663.125,475,1
9,0,2,99907,0,2,11968,15389,40,13,3421,33302.333333333336,520,1
4,1,0,42038,2,1,12979,13775,13,62,796,21019.0,806,0
9,0,2,89873,0,4,3564,4982,100,40,1418,17974.6,4000,1
4,2,2,76019,0,5,4230,3965,48,30,-265,12669.833333333334,1440,2
8,1,2,47018,0,2,10908,13399,34,47,2491,15672.666666666666,1598,0
2,0,2,76095,0,4,10355,7914,34,50,-2441,15219.0,1700,2
1,2,1,58365,4,5,10995,12126,55,61,1131,9727.5,3355,1
9,0,2,94573,0,5,7488,9823,67,37,2335,15762.166666666666,2479,1
0,0,2,66191,3,2,6148,7162,33,58,1014,22063.666666666668,1914,1
1,2,1,53487,4,6,614,767,39,39,153,7641.0,1521,1
2,0,2,69109,0,1,12858,11768,1,49,-1090,34554.5,49,0
9,0,0,111664,0,1,1509,2142,94,54,633,55832.0,5076,1
5,0,2,78659,0,2,6139,7928,65,69,1789,26219.666666666668,4485,1
3,2,1,211080,1,7,12880,17001,16,56,4121,26385.0,896,1
9,0,0,103637,0,5,11543,11124,36,33,-419,17272.833333333332,1188,1
9,0,0,113746,4,3,12694,20399,33,39,7705,28436.5,1287,1
7,1,2,33056,2,1,10136,8475,36,35,-1661,16528.0,1260,0
4,1,0,38321,2,0,11658,13800,47,57,2142,38321.0,2679,0
3,2,1,108946,0,4,1579,1516,36,38,-63,21789.2,1368,1
2,0,2,85958,0,4,12413,15879,61,44,3466,17191.6,2684,0
5,0,2,68088,0,2,6367,6868,41,57,501,22696.0,2337,2
7,1,2,30355,2,1,8687,10485,16,43,1798,15177.5,688,0
4,2,2,77730,0,4,8513,10661,53,44,2148,15546.0,2332,1
1,2,1,60017,4,5,12705,12204,26,72,-501,10002.833333333334,1872,1
9,0,2,99468,0,4,10121,10934,64,55,813,19893.6,3520,1
9,0,0,106619,4,4,11819,8518,39,39,-3301,21323.8,1521,1
8,1,2,36748,0,1,8117,9152,37,27,1035,18374.0,999,0
7,1,2,32368,2,0,13545,12406,43,45,-1139,32368.0,1935,0
5,0,2,66764,0,1,14732,15716,0,46,984,33382.0,0,1
5,0,2,63975,0,3,3001,2990,44,55,-11,15993.75,2420,1
4,1,0,55799,2,2,12797,14335,16,53,1538,18599.666666666668,848,0
8,1,2,48484,0,3,901,886,23,44,-15,12121.0,1012,0
4,2,2,77482,0,3,5689,5553,62,22,-136,19370.5,1364,1
0,0,2,109344,3,6,10857,8023,40,43,-2834,15620.57142857143,1720,2
8,1,2,37101,0,0,6491,8113,2,58,1622,37101.0,116,0
8,1,2,43993,0,1,13465,15688,0,18,2223,21996.5,0,0
9,0,0,121334,4,3,10214,12068,100,47,1854,30333.5,4700,1
9,0,2,89475,0,5,2053,3248,41,35,1195,14912.5,1435,1
8,1,2,33301,0,2,8237,9493,62,42,1256,11100.333333333334,2604,0
2,0,2,61860,0,1,6026,4727,55,28,-1299,30930.0,1540,0
9,0,0,147075,4,4,8648,16970,69,71,8322,29415.0,4899,1
9,0,0,148407,4,3,5472,6425,62,83,953,37101.75,5146,1
2,0,2,63098,0,4,4231,6167,26,72,1936,12619.6,1872,2
5,0,2,69615,0,1,10442,14129,47,59,3687,34807.5,2773,2
8,1,2,41143,0,2,7628,7218,47,11,-410,13714.333333333334,517,0
5,0,2,72461,0,3,11408,14434,49,37,3026,18115.25,1813,2
7,1,2,33844,2,0,2236,1697,31,50,-539,33844.0,1550,0
7,1,2,36785,2,0,12067,14848,14,63,2781,36785.0,882,0
3,2,1,207198,1,5,5240,7692,31,52,2452,34533.0,1612,1
9,0,2,97083,0,3,8999,12107,58,34,3108,24270.75,1972,1
4,2,2,95155,0,1,4045,5292,23,46,1247,47577.5,1058,1
5,0,2,52446,0,4,712,543,46,31,-169,10489.2,1426,2
3,2,1,71319,0,3,3098,3748,20,27,650,17829.75,540,1
3,2,1,97225,0,3,5589,6488,2,71,899,24306.25,142,1
8,1,2,40914,0,4,10520,11999,30,19,1479,8182.8,570,0
3,2,1,177218,1,7,2620,5811,63,27,3191,22152.25,1701,1
2,0,2,90402,0,2,6088,6289,26,73,201,30134.0,1898,0
4,2,2,86206,0,2,11780,13076,13,43,1296,28735.333333333332,559,1
7,1,2,27266,2,0,9762,10909,19,50,1147,27266.0,950,0
9,0,0,120893,0,0,790,668,72,52,-122,120893.0,3744,2
7,1,2,26610,2,1,7332,6301,73,48,-1031,13305.0,3504,0
9,0,2,87313,0,2,5844,5601,80,5,-243,29104.333333333332,400,1
6,0,1,126432,1,9,14784,12221,58,67,-2563,12643.2,3886,1
3,2,1,95339,0,6,8301,8293,38,51,-8,13619.857142857143,1938,1
1,2,1,51129,4,6,6082,8170,6,64,2088,7304.142857142857,384,1
4,2,2,87707,0,4,5924,4798,24,30,-1126,17541.4,720,1
6,0,1,142138,1,7,2582,3267,63,39,685,17767.25,2457,1
4,2,2,83576,0,2,10865,10581,8,21,-284,27858.666666666668,168,1
6,0,1,135795,1,3,4250,3860,42,35,-390,33948.75,1470,1
3,2,1,172467,1,8,4383,3345,38,72,-1038,19163.0,2736,1
5,0,2,57104,0,4,9729,12839,15,58,3110,11420.8,870,1
6,0,1,120560,1,7,817,634,61,16,-183,15070.0,976,1
1,2,1,56249,4,4,14929,18947,49,41,4018,11249.8,2009,1
8,1,2,35765,0,2,12791,9884,51,60,-2907,11921.666666666666,3060,0
3,2,1,220418,1,7,5769,5832,73,55,63,27552.25,4015,1
1,2,1,53875,4,5,8543,5991,25,49,-2552,8979.166666666666,1225,1
3,2,1,159130,1,7,12424,13697,0,36,1273,19891.25,0,1
9,0,0,92714,0,1,7864,10030,76,19,2166,46357.0,1444,1
4,2,2,97239,0,2,3665,5045,41,45,1380,32413.0,1845,1
4,1,0,47645,2,4,2844,2628,44,83,-216,9529.0,3652,0
0,0,2,79838,3,6,13242,16636,89,66,3394,11405.42857142857,5874,1
5,0,2,64874,0,1,4540,5991,65,39,1451,32437.0,2535,2
3,2,1,86541,0,4,550,413,41,51,-137,17308.2,2091,1
7,1,2,34439,2,1,14014,12952,23,48,-1062,17219.5,1104,0
5,0,2,52473,0,4,9705,12029,60,48,2324,10494.6,2880,1
4,2,2,103937,0,3,4968,5734,37,24,766,25984.25,888,2
5,0,2,64369,0,0,5647,4997,24,64,-650,64369.0,1536,1
6,0,1,121955,1,6,9286,9977,38,47,691,17422.14285714286,1786,1
0,0,2,86259,3,1,13782,19469,9,36,5687,43129.5,324,1
6,0,1,145714,1,9,10290,15746,13,56,5456,14571.4,728,1
9,0,0,113677,0,1,5343,9574,100,34,4231,56838.5,3400,2
4,1,0,45265,2,0,14996,18916,59,28,3920,45265.0,1652,0
1,2,1,32377,4,6,13588,13863,19,41,275,4625.285714285715,779,1
2,0,2,80889,0,5,4566,5561,75,70,995,13481.5,5250,0
8,1,2,41942,0,0,11979,10435,8,51,-1544,41942.0,408,0
2,0,2,68269,0,2,4776,3671,34,23,-1105,22756.333333333332,782,2
9,0,0,132508,4,3,5351,6775,49,45,1424,33127.0,2205,1
9,0,0,137999,4,3,11176,15946,72,41,4770,34499.75,2952,1
9,0,0,113966,0,4,6539,10602,54,48,4063,22793.2,2592,1
4,2,2,68828,0,5,2918,3567,15,51,649,11471.333333333334,765,1
3,2,1,92927,0,4,6759,6959,24,31,200,18585.4,744,1
9,0,0,144530,4,4,10229,12657,58,50,2428,28906.0,2900,1
4,2,2,87137,0,2,5646,6890,40,42,1244,29045.666666666668,1680,2
6,0,1,143566,1,9,4981,7824,54,50,2843,14356.6,2700,1
2,0,2,78421,0,2,3740,3213,33,34,-527,26140.333333333332,1122,0
5,0,2,53774,0,1,5165,5025,50,17,-140,26887.0,850,1
3,2,1,196065,1,6,2605,5013,27,45,2408,28009.285714285714,1215,1
9,0,0,118721,4,4,2530,3203,90,49,673,23744.2,4410,1
0,0,2,94301,3,2,5849,5714,34,89,-135,31433.666666666668,3026,1
5,0,2,77380,0,3,6542,8504,38,41,1962,19345.0,1558,1
7,1,2,33652,2,1,14128,14453,72,24,325,16826.0,1728,0
1,2,1,54341,4,5,917,934,65,51,17,9056.833333333334,3315,1
3,2,1,104723,0,2,5806,5771,37,19,-35,34907.666666666664,703,1
9,0,0,134589,4,4,5851,9488,98,30,3637,26917.8,2940,1
0,0,2,69830,3,3,12960,21136,68,30,8176,17457.5,2040,1
3,2,1,87690,0,2,5135,8927,55,61,3792,29230.0,3355,1
3,2,1,208596,1,6,12894,21792,18,33,8898,29799.428571428572,594,1
9,0,0,140879,4,2,14971,16735,74,60,1764,46959.666666666664,4440,1
9,0,0,130117,4,5,12341,22600,62,11,10259,21686.166666666668,682,1
5,0,2,71786,0,5,1546,2057,25,38,511,11964.333333333334,950,2
9,0,0,124197,4,2,2983,5372,60,25,2389,41399.0,1500,1
1,2,1,60688,4,5,3176,4192,55,42,1016,10114.666666666666,2310,1
9,0,0,84284,0,1,12864,14140,82,44,1276,42142.0,3608,1
7,1,2,30327,2,0,6040,4765,37,70,-1275,30327.0,2590,0
8,1,2,39204,0,2,6129,7986,39,64,1857,13068.0,2496,0
5,0,2,68312,0,2,7062,9065,43,38,2003,22770.666666666668,1634,1
9,0,0,148274,4,3,9096,10112,100,45,1016,37068.5,4500,1
3,2,1,72475,0,1,13438,14594,6,47,1156,36237.5,282,1
4,1,0,42578,2,1,3039,3350,37,25,311,21289.0,925,0
0,0,2,70878,3,2,1965,2945,15,56,980,23626.0,840,1
5,0,2,59388,0,3,3106,4167,24,34,1061,14847.0,816,1
4,2,2,83762,0,4,14732,23990,16,73,9258,16752.4,1168,1
9,0,2,75820,0,1,4420,5884,47,16,1464,37910.0,752,1
3,2,1,100336,0,4,11698,13575,2,57,1877,20067.2,114,1
9,0,0,107795,4,4,1359,2689,71,34,1330,21559.0,2414,1
5,0,2,78306,0,2,1194,1093,44,39,-101,26102.0,1716,1
9,0,2,77517,0,4,12927,17929,85,82,5002,15503.4,6970,1
9,0,0,150922,4,6,14761,11783,72,37,-2978,21560.285714285714,2664,1
1,2,1,52552,4,7,5734,5629,18,40,-105,6569.0,720,1
8,1,2,42479,0,3,12885,9217,45,41,-3668,10619.75,1845,0
9,0,0,108916,4,5,8859,6218,60,32,-2641,18152.666666666668,1920,1
5,0,2,56243,0,3,885,823,22,75,-62,14060.75,1650,2
1,2,1,57864,4,4,1613,2189,33,40,576,11572.8,1320,1
9,0,2,98408,0,4,10161,11634,61,69,1473,19681.6,4209,1
9,0,2,97076,0,3,4260,3656,67,43,-604,24269.0,2881,1
5,0,2,64269,0,2,617,907,49,21,290,21423.0,1029,1
4,1,0,48021,2,1,1820,1925,48,66,105,24010.5,3168,0
6,0,1,141388,1,9,6531,5769,53,17,-762,14138.8,901,1
6,0,1,165311,1,5,14082,26650,33,13,12568,27551.833333333332,429,1
8,1,2,39351,0,3,3986,3610,39,33,-376,9837.75,1287,0
1,2,1,44501,4,4,620,911,49,38,291,8900.2,1862,1
2,0,2,81922,0,4,4852,4234,66,44,-618,16384.4,2904,0
7,1,2,27312,2,0,8870,9496,40,61,626,27312.0,2440,0
9,0,0,139223,4,5,14177,30399,100,5,16222,23203.833333333332,500,1
4,2,2,82908,0,3,10455,8376,4,29,-2079,20727.0,116,1
7,1,2,33911,2,0,3707,3063,46,66,-644,33911.0,3036,0
6,0,1,134504,1,6,4765,5384,29,23,619,19214.85714285714,667,1
9,0,0,107422,0,2,11157,13531,71,46,2374,35807.333333333336,3266,1
5,0,2,73816,0,1,972,796,8,5,-176,36908.0,40,1
3,2,1,174755,1,6,11172,19020,40,43,7848,24965.0,1720,1
4,2,2,86456,0,3,7146,11866,29,45,4720,21614.0,1305,1
9,0,0,142726,4,3,2346,3579,90,95,1233,35681.5,8550,1
8,1,2,46459,0,1,13683,14382,14,38,699,23229.5,532,0
4,1,0,50119,2,0,14823,18308,30,49,3485,50119.0,1470,0
9,0,2,90273,0,4,12947,9468,69,51,-3479,18054.6,3519,1
4,1,0,39117,2,1,12743,9793,43,30,-2950,19558.5,1290,0
0,0,2,87120,3,6,11800,8627,50,23,-3173,12445.714285714286,1150,1
6,0,1,121117,1,7,10219,10071,5,68,-148,15139.625,340,1
7,1,2,35575,2,0,8098,6107,45,34,-1991,35575.0,1530,0
3,2,1,86807,0,3,10758,14325,78,18,3567,21701.75,1404,1
3,2,1,220583,1,6,14989,18583,34,70,3594,31511.85714285714,2380,1
9,0,2,117381,0,4,8873,6697,77,72,-2176,23476.2,5544,1
2,0,2,73369,0,2,702,780,30,45,78,24456.333333333332,1350,0
0,0,2,86081,3,4,3464,4383,42,26,919,17216.2,1092,1
9,0,2,108228,0,1,8685,6806,74,19,-1879,54114.0,1406,1
4,1,0,51512,2,2,5863,4596,32,66,-1267,17170.666666666668,2112,0
8,1,2,37921,0,3,10360,7410,30,52,-2950,9480.25,1560,0
6,0,1,149112,1,7,8555,10732,34,67,2177,18639.0,2278,1
1,2,1,72063,4,5,10276,13758,7,40,3482,12010.5,280,2
4,2,2,90906,0,5,11428,15351,31,65,3923,15151.0,2015,1
9,0,0,104016,0,2,10598,11748,79,31,1150,34672.0,2449,2
6,0,1,131151,1,7,504,932,35,66,428,16393.875,2310,1
3,2,1,197992,1,5,1319,2367,65,35,1048,32998.666666666664,2275,1
2,0,2,72153,0,3,500,615,29,37,115,18038.25,1073,0
5,0,2,60794,0,0,6749,6402,41,58,-347,60794.0,2378,2
9,0,0,133884,4,5,2093,4358,77,70,2265,22314.0,5390,1
7,1,2,25000,2,0,4027,2952,29,19,-1075,25000.0,551,0
8,1,2,37661,0,0,12654,16207,26,45,3553,37661.0,1170,0
9,0,0,117357,0,0,5087,5128,92,31,41,117357.0,2852,1
3,2,1,86724,0,6,866,817,45,51,-49,12389.142857142857,2295,1
4,2,2,89594,0,4,1073,778,67,49,-295,17918.8,3283,1
2,0,2,75654,0,4,2823,3728,30,43,905,15130.8,1290,2
5,0,2,67672,0,0,13616,20529,11,37,6913,67672.0,407,2
9,0,0,104607,0,6,10931,19514,65,50,8583,14943.857142857143,3250,2
6,0,1,149589,1,5,8307,12281,46,52,3974,24931.5,2392,1
9,0,0,104824,4,5,2344,4411,89,42,2067,17470.666666666668,3738,1
4,1,0,41946,2,0,4347,5305,74,67,958,41946.0,4958,0
0,0,2,68119,3,4,9999,15854,51,36,5855,13623.8,1836,1
2,0,2,70265,0,3,4924,5905,14,37,981,17566.25,518,0
4,1,0,49616,2,1,9727,7973,44,65,-1754,24808.0,2860,0
9,0,0,111883,0,2,12483,23561,40,71,11078,37294.333333333336,2840,1
9,0,2,80645,0,4,1567,2592,76,61,1025,16129.0,4636,1
3,2,1,104526,0,3,6683,10469,35,48,3786,26131.5,1680,1
9,0,0,123122,4,5,8649,10295,59,57,1646,20520.333333333332,3363,1
0,0,2,78202,3,5,8130,9481,36,54,1351,13033.666666666666,1944,1
9,0,0,146282,4,4,717,1449,58,48,732,29256.4,2784,1
6,0,1,150389,1,4,1221,1107,54,49,-114,30077.8,2646,1
4,2,2,74867,0,3,14858,14070,56,48,-788,18716.75,2688,1
4,1,0,44611,2,2,5113,5490,27,43,377,14870.333333333334,1161,0
9,0,2,91294,0,4,13639,17140,88,76,3501,18258.8,6688,1
9,0,0,126322,4,3,11497,17732,94,61,6235,31580.5,5734,1
0,0,2,85477,3,7,3581,5161,0,63,1580,10684.625,0,1
4,1,0,43022,2,0,7839,5582,45,51,-2257,43022.0,2295,0
3,2,1,98258,0,6,1222,2231,46,41,1009,14036.857142857143,1886,1
0,0,2,99046,3,4,14541,23162,26,67,8621,19809.2,1742,2
1,2,1,57504,4,5,12017,17721,65,55,5704,9584.0,3575,1
4,2,2,101944,0,4,4293,4864,0,31,571,20388.8,0,1
2,0,2,72922,0,1,6464,9044,13,39,2580,36461.0,507,0
3,2,1,210901,1,7,6517,10724,31,50,4207,26362.625,1550,1
0,0,2,84171,3,6,8241,8085,48,51,-156,12024.42857142857,2448,1
9,0,0,138999,4,2,6615,14758,57,58,8143,46333.0,3306,1
4,1,0,41418,2,0,9527,11492,38,16,1965,41418.0,608,0
9,0,0,128866,4,3,5754,8701,60,37,2947,32216.5,2220,1
8,1,2,37751,0,2,3350,4133,39,63,783,12583.666666666666,2457,0
8,1,2,44432,0,4,6596,7615,26,41,1019,8886.4,1066,0
7,1,2,34400,2,0,13071,12331,50,27,-740,34400.0,1350,0
9,0,0,123882,4,6,13840,23206,74,62,9366,17697.428571428572,4588,1
3,2,1,86200,0,3,9384,6868,52,44,-2516,21550.0,2288,1
7,1,2,34673,2,0,7573,6847,38,22,-726,34673.0,836,0
3,2,1,212005,1,8,4648,6736,67,49,2088,23556.11111111111,3283,1
7,1,2,33420,2,2,6376,7632,32,71,1256,11140.0,2272,0
5,0,2,76949,0,2,12848,16522,21,50,3674,25649.666666666668,1050,1
0,0,2,100043,3,7,11646,11512,25,53,-134,12505.375,1325,1
6,0,1,131660,1,6,1200,1153,22,53,-47,18808.571428571428,1166,1
1,2,1,54579,4,4,14585,13769,60,53,-816,10915.8,3180,1
3,2,1,173328,1,7,6097,12475,59,58,6378,21666.0,3422,1
3,2,1,103658,0,5,14131,11007,61,65,-3124,17276.333333333332,3965,1
0,0,2,97749,3,6,13586,10163,17,43,-3423,13964.142857142857,731,1
9,0,0,105550,4,6,13873,17875,100,51,4002,15078.57142857143,5100,1
0,0,2,55864,3,3,11857,12354,44,62,497,13966.0,2728,1
9,0,0,109793,0,3,13991,24262,68,58,10271,27448.25,3944,1
6,0,1,146994,1,5,2333,4112,41,48,1779,24499.0,1968,1
1,2,1,67357,4,4,1187,1259,31,20,72,13471.4,620,1
9,0,0,115226,0,0,9928,9632,71,23,-296,115226.0,1633,1
2,0,2,69397,0,3,9518,10121,36,17,603,17349.25,612,2
4,1,0,54647,2,4,4215,5352,20,84,1137,10929.4,1680,0
5,0,2,85426,0,2,2415,3304,48,41,889,28475.333333333332,1968,1
4,1,0,42377,2,1,14204,15864,61,45,1660,21188.5,2745,0
1,2,1,54078,4,5,6971,7031,18,69,60,9013.0,1242,1
3,2,1,80056,0,1,13924,18774,35,66,4850,40028.0,2310,1
9,0,2,73519,0,3,9953,7082,93,95,-2871,18379.75,8835,2
4,1,0,51946,2,1,7184,7400,50,56,216,25973.0,2800,0
9,0,2,96837,0,4,10993,8310,63,22,-2683,19367.4,1386,2
9,0,0,137291,4,6,14169,27361,68,66,13192,19613.0,4488,1
4,1,0,44023,2,2,509,368,10,54,-141,14674.333333333334,540,0
4,2,2,91820,0,2,2266,1654,37,60,-612,30606.666666666668,2220,1
9,0,0,116722,4,6,1683,1275,53,72,-408,16674.571428571428,3816,1
9,0,2,98180,0,2,12883,19134,93,57,6251,32726.666666666668,5301,1
2,0,2,76185,0,3,14020,20459,28,39,6439,19046.25,1092,2
1,2,1,58127,4,5,10957,13853,12,41,2896,9687.833333333334,492,1
0,0,2,66964,3,4,3629,4423,26,57,794,13392.8,1482,1
9,0,0,130758,4,2,1009,1596,72,62,587,43586.0,4464,1
9,0,0,113466,0,2,3892,5696,79,31,1804,37822.0,2449,2
0,0,2,75474,3,4,13215,14326,71,63,1111,15094.8,4473,1
9,0,0,98239,0,3,4652,6068,100,41,1416,24559.75,4100,1
9,0,0,65880,0,2,7412,13344,68,35,5932,21960.0,2380,1
3,2,1,67648,0,7,7102,7330,56,50,228,8456.0,2800,1
4,1,0,41374,2,0,10290,11328,50,63,1038,41374.0,3150,0
7,1,2,29163,2,2,6852,5714,22,59,-1138,9721.0,1298,0
9,0,2,91154,0,0,5477,5361,92,30,-116,91154.0,2760,1
3,2,1,162220,1,8,10161,20849,37,68,10688,18024.444444444445,2516,1
3,2,1,94796,0,4,10572,17021,65,50,6449,18959.2,3250,1
9,0,0,128767,4,5,11626,19137,81,81,7511,21461.166666666668,6561,1
9,0,0,125444,4,2,8691,16823,78,8,8132,41814.666666666664,624,1
7,1,2,31944,2,1,1008,721,28,5,-287,15972.0,140,0
4,1,0,43688,2,2,8259,6180,46,13,-2079,14562.666666666666,598,0
4,2,2,90952,0,4,9331,13026,49,78,3695,18190.4,3822,2
8,1,2,37312,0,0,11781,10490,33,31,-1291,37312.0,1023,0
3,2,1,153029,1,9,14928,23626,69,47,8698,15302.9,3243,1
3,2,1,71319,0,1,8533,12473,19,54,3940,35659.5,1026,1
8,1,2,44513,0,0,1133,1270,7,36,137,44513.0,252,0
4,2,2,83898,0,5,1922,2085,40,35,163,13983.0,1400,1
2,0,2,60535,0,1,9408,12209,47,29,2801,30267.5,1363,0
9,0,0,116735,0,1,4520,6193,80,43,1673,58367.5,3440,1
5,0,2,56724,0,1,6723,9361,33,32,2638,28362.0,1056,1
9,0,2,102236,0,4,10389,18059,77,28,7670,20447.2,2156,1
9,0,0,120374,4,4,5789,4351,92,50,-1438,24074.8,4600,1
1,2,1,49347,4,6,13233,14100,11,36,867,7049.571428571428,396,1
9,0,2,88585,0,3,10555,12579,72,16,2024,22146.25,1152,1
9,0,0,113223,0,3,668,1236,77,56,568,28305.75,4312,2
3,2,1,186060,1,8,14634,25064,58,33,10430,20673.333333333332,1914,1
6,0,1,161343,1,10,8795,6455,34,30,-2340,14667.545454545454,1020,1
9,0,0,105521,0,4,8725,11815,60,29,3090,21104.2,1740,2
5,0,2,69325,0,3,5001,7270,45,14,2269,17331.25,630,1
8,1,2,35752,0,4,13628,10207,39,36,-3421,7150.4,1404,0
3,2,1,99848,0,5,12367,15973,17,41,3606,16641.333333333332,697,1
2,0,2,62143,0,3,10095,9897,15,29,-198,15535.75,435,2
4,1,0,48463,2,1,8966,11456,30,61,2490,24231.5,1830,0
9,0,0,138185,4,1,7901,8723,93,20,822,69092.5,1860,1
0,0,2,83172,3,6,3166,3368,27,46,202,11881.714285714286,1242,1
2,0,2,81138,0,4,10348,9558,16,39,-790,16227.6,624,0
8,1,2,39234,0,0,2296,2965,28,54,669,39234.0,1512,0
0,0,2,81997,3,3,1758,2841,38,26,1083,20499.25,988,1
5,0,2,74402,0,1,8466,9911,40,5,1445,37201.0,200,2
9,0,0,137060,4,5,6845,9498,75,37,2653,22843.333333333332,2775,1
4,2,2,83435,0,5,6672,6767,58,53,95,13905.833333333334,3074,2
2,0,2,74774,0,2,3492,5360,50,59,1868,24924.666666666668,2950,0
7,1,2,29702,2,0,14681,10558,56,47,-4123,29702.0,2632,0
0,0,2,86726,3,5,8583,7759,69,23,-824,14454.333333333334,1587,1
4,1,0,51669,2,3,7785,8096,65,74,311,12917.25,4810,0
9,0,0,120531,0,1,3194,2912,83,52,-282,60265.5,4316,1
9,0,0,147155,4,3,12629,25685,75,42,13056,36788.75,3150,1
3,2,1,191858,1,9,887,1615,42,25,728,19185.8,1050,1
5,0,2,49663,0,4,6507,7713,10,55,1206,9932.6,550,1
9,0,0,103020,4,4,12106,22384,65,70,10278,20604.0,4550,1
6,0,1,154897,1,7,11867,17651,60,60,5784,19362.125,3600,1
3,2,1,94396,0,6,9404,10547,31,58,1143,13485.142857142857,1798,1
8,1,2,40487,0,3,8260,8502,20,38,242,10121.75,760,0
2,0,2,64670,0,3,7648,9082,58,51,1434,16167.5,2958,0
4,1,0,47722,2,2,7418,8491,0,25,1073,15907.333333333334,0,0
9,0,0,119730,0,3,1929,1608,78,64,-321,29932.5,4992,1
6,0,1,155519,1,7,11390,18873,39,46,7483,19439.875,1794,1
5,0,2,72632,0,0,7075,5030,37,36,-2045,72632.0,1332,1
6,0,1,137996,1,7,4485,3969,32,48,-516,17249.5,1536,1
9,0,0,114187,0,5,895,843,76,53,-52,19031.166666666668,4028,1
9,0,0,115581,0,5,9845,16405,85,34,6560,19263.5,2890,1
3,2,1,74465,0,2,3719,6734,46,41,3015,24821.666666666668,1886,1
3,2,1,99024,0,3,9444,15261,43,12,5817,24756.0,516,1
1,2,1,55208,4,6,4809,4055,19,60,-754,7886.857142857143,1140,1
9,0,0,116235,0,0,13443,22360,64,48,8917,116235.0,3072,1
3,2,1,167431,1,7,7270,13343,26,67,6073,20928.875,1742,1
1,2,1,49868,4,4,1151,905,24,33,-246,9973.6,792,1
9,0,2,92539,0,6,2914,3643,86,34,729,13219.857142857143,2924,1
9,0,0,131931,4,4,12732,17514,69,51,4782,26386.2,3519,1
9,0,0,166634,4,0,6592,13055,73,45,6463,166634.0,3285,1
1,2,1,40686,4,4,13412,12001,26,39,-1411,8137.2,1014,1
9,0,0,123953,0,4,9094,12416,61,70,3322,24790.6,4270,2
3,2,1,210371,1,7,9192,18599,54,57,9407,26296.375,3078,1
2,0,2,64875,0,3,14924,14378,0,39,-546,16218.75,0,0
7,1,2,25000,2,1,4492,4754,54,41,262,12500.0,2214,0
4,2,2,82853,0,4,3998,4707,44,41,709,16570.6,1804,2
3,2,1,87604,0,3,8278,6981,23,50,-1297,21901.0,1150,1
5,0,2,66436,0,4,4008,4736,54,51,728,13287.2,2754,1
9,0,0,153360,4,4,6854,11683,80,95,4829,30672.0,7600,1
3,2,1,76614,0,5,10773,16299,43,31,5526,12769.0,1333,1
0,0,2,74434,3,7,13670,9801,29,7,-3869,9304.25,203,2
9,0,0,169804,4,5,11429,19355,47,53,7926,28300.666666666668,2491,1
0,0,2,80257,3,4,8853,9003,16,59,150,16051.4,944,1
0,0,2,96905,3,3,12960,12663,73,5,-297,24226.25,365,1
5,0,2,69432,0,4,8911,12164,23,71,3253,13886.4,1633,1
3,2,1,162383,1,10,3198,6823,51,62,3625,14762.09090909091,3162,1
3,2,1,92733,0,3,12843,17089,39,32,4246,23183.25,1248,1
0,0,2,78858,3,7,10750,7541,24,57,-3209,9857.25,1368,1
9,0,2,102612,0,4,14065,21592,55,7,7527,20522.4,385,2
8,1,2,35211,0,0,1477,1577,45,23,100,35211.0,1035,0
9,0,0,125760,4,3,14765,26329,55,12,11564,31440.0,660,1
4,2,2,91536,0,4,6965,7745,31,61,780,18307.2,1891,1
9,0,2,87088,0,2,11504,18184,81,37,6680,29029.333333333332,2997,1
8,1,2,38943,0,0,7869,7873,27,67,4,38943.0,1809,0
0,0,2,90589,3,3,14703,19638,18,50,4935,22647.25,900,1
4,1,0,41175,2,2,2586,3065,32,49,479,13725.0,1568,0
3,2,1,137545,1,9,13451,28512,45,47,15061,13754.5,2115,1
6,0,1,133474,1,6,7160,7649,44,74,489,19067.714285714286,3256,1
9,0,2,87097,0,2,10313,8648,62,41,-1665,29032.333333333332,2542,1
2,0,2,73369,0,0,8645,8045,27,23,-600,73369.0,621,0
8,1,2,32682,0,1,10327,9997,62,74,-330,16341.0,4588,0
8,1,2,38898,0,1,1586,2196,0,49,610,19449.0,0,0
9,0,0,106966,0,0,12042,22612,37,25,10570,106966.0,925,1
4,2,2,96914,0,2,11008,12017,10,23,1009,32304.666666666668,230,2
7,1,2,39057,2,1,5044,4595,0,70,-449,19528.5,0,0
2,0,2,68595,0,3,8110,6495,13,21,-1615,17148.75,273,0
2,0,2,66034,0,3,14202,16301,54,50,2099,16508.5,2700,0
3,2,1,178830,1,9,5859,5540,32,60,-319,17883.0,1920,1
0,0,2,87372,3,7,8199,7556,25,63,-643,10921.5,1575,1
5,0,2,72620,0,2,6825,9726,32,62,2901,24206.666666666668,1984,1
4,1,0,44905,2,2,9678,10576,41,47,898,14968.333333333334,1927,0
3,2,1,180612,1,7,11329,22447,18,56,11118,22576.5,1008,1
9,0,0,142699,4,2,8189,13520,96,41,5331,47566.333333333336,3936,1
9,0,0,130999,0,0,11828,17983,48,37,6155,130999.0,1776,1
7,1,2,34065,2,0,9228,9580,54,48,352,34065.0,2592,0
3,2,1,161676,1,8,10844,16981,42,29,6137,17964.0,1218,1
2,0,2,77825,0,2,10807,12792,7,53,1985,25941.666666666668,371,0
6,0,1,133950,1,9,4944,5029,5,65,85,13395.0,325,1
3,2,1,189709,1,7,8913,21315,35,40,12402,23713.625,1400,1
7,1,2,28735,2,2,5811,4248,37,48,-1563,9578.333333333334,1776,0
3,2,1,144617,1,6,3633,3154,46,33,-479,20659.571428571428,1518,1
2,0,2,70989,0,4,3643,3935,32,46,292,14197.8,1472,0
1,2,1,61350,4,6,11577,14868,33,41,3291,8764.285714285714,1353,1
2,0,2,86591,0,3,4823,4297,9,47,-526,21647.75,423,0
8,1,2,48339,0,2,11472,9460,60,64,-2012,16113.0,3840,0
4,2,2,81794,0,2,10544,11422,17,30,878,27264.666666666668,510,2
4,2,2,103555,0,4,13114,20587,38,56,7473,20711.0,2128,1
9,0,2,104068,0,6,11757,17766,62,21,6009,14866.857142857143,1302,1
4,1,0,49617,2,2,9392,9020,0,55,-372,16539.0,0,0
7,1,2,31368,2,1,3849,4256,0,60,407,15684.0,0,0
3,2,1,204107,1,9,9021,20476,51,18,11455,20410.7,918,1
9,0,0,89266,0,4,12371,23326,57,69,10955,17853.2,3933,2
3,2,1,76026,0,3,4547,5211,29,53,664,19006.5,1537,1
3,2,1,198372,1,7,13442,31514,13,31,18072,24796.5,403,1
9,0,0,152672,4,4,11108,16385,70,27,5277,30534.4,1890,1
7,1,2,30420,2,0,4524,5087,42,83,563,30420.0,3486,0
5,0,2,50661,0,1,12248,9356,21,62,-2892,25330.5,1302,1
6,0,1,144453,1,8,9809,7819,55,22,-1990,16050.333333333334,1210,1
1,2,1,54314,4,3,6093,4323,9,40,-1770,13578.5,360,1
2,0,2,68473,0,3,10428,9837,29,50,-591,17118.25,1450,0
2,0,2,80121,0,0,2538,2544,31,49,6,80121.0,1519,0
0,0,2,90627,3,4,9522,7107,15,23,-2415,18125.4,345,1
9,0,0,129184,4,0,1590,1198,56,55,-392,129184.0,3080,1
4,2,2,98217,0,1,4674,4966,48,37,292,49108.5,1776,2
5,0,2,61724,0,1,9521,7713,45,36,-1808,30862.0,1620,2
0,0,2,79811,3,3,5039,4897,59,71,-142,19952.75,4189,1
3,2,1,168613,1,5,7389,10921,59,78,3532,28102.166666666668,4602,1
2,0,2,65923,0,3,1335,1541,22,11,206,16480.75,242,2
3,2,1,84068,0,2,8520,9136,5,33,616,28022.666666666668,165,1
9,0,0,125160,0,2,8304,14608,59,31,6304,41720.0,1829,2
8,1,2,42314,0,0,5630,6524,65,73,894,42314.0,4745,0
9,0,0,115616,4,5,3467,5611,27,14,2144,19269.333333333332,378,1
7,1,2,27120,2,2,12953,13040,15,49,87,9040.0,735,0
9,0,0,125143,4,3,14380,25977,73,76,11597,31285.75,5548,1
2,0,2,70160,0,3,2260,2693,18,23,433,17540.0,414,0
1,2,1,53740,4,2,4897,5579,0,59,682,17913.333333333332,0,1
4,2,2,103503,0,5,2071,3507,40,60,1436,17250.5,2400,1
9,0,2,89395,0,4,1154,1429,76,91,275,17879.0,6916,1
9,0,0,102832,4,5,661,1104,60,51,443,17138.666666666668,3060,1
7,1,2,33081,2,0,10729,8245,21,22,-2484,33081.0,462,0
2,0,2,74266,0,1,7541,8917,27,39,1376,37133.0,1053,0
9,0,2,101613,0,4,4111,6128,52,37,2017,20322.6,1924,1
3,2,1,185875,1,6,9848,13261,16,32,3413,26553.571428571428,512,1
6,0,1,145307,1,6,9554,16527,17,67,6973,20758.14285714286,1139,1
0,0,2,88011,3,6,4372,5871,25,19,1499,12573.0,475,1
9,0,0,132599,4,4,9571,18813,54,20,9242,26519.8,1080,1
7,1,2,30998,2,2,12990,14883,25,62,1893,10332.666666666666,1550,0
9,0,0,159149,4,5,13700,14670,81,64,970,26524.833333333332,5184,1
9,0,2,84377,0,4,9375,13458,44,20,4083,16875.4,880,1
9,0,0,127449,4,5,3127,5751,94,39,2624,21241.5,3666,1
3,2,1,189237,1,6,12631,12946,30,44,315,27033.85714285714,1320,1
2,0,2,79098,0,3,13763,21242,50,63,7479,19774.5,3150,2
9,0,0,82589,0,1,2067,1758,100,59,-309,41294.5,5900,1
0,0,2,77818,3,4,7158,11666,17,54,4508,15563.6,918,1
9,0,2,107168,0,2,8028,9455,34,18,1427,35722.666666666664,612,1
9,0,0,155295,4,5,3343,2833,51,52,-510,25882.5,2652,1
2,0,2,64769,0,4,2259,1911,19,29,-348,12953.8,551,0
9,0,2,99293,0,2,11496,8767,74,48,-2729,33097.666666666664,3552,1
8,1,2,37475,0,0,9996,9360,14,38,-636,37475.0,532,0
0,0,2,88626,3,5,6835,8711,53,47,1876,14771.0,2491,1
9,0,2,81829,0,2,4304,5483,76,65,1179,27276.333333333332,4940,1
0,0,2,80901,3,4,1843,2965,46,45,1122,16180.2,2070,1
4,1,0,43862,2,2,7776,8341,16,56,565,14620.666666666666,896,0
9,0,0,133459,4,6,12610,10353,100,55,-2257,19065.571428571428,5500,1
0,0,2,93510,3,5,10577,8767,27,30,-1810,15585.0,810,1
9,0,0,160653,4,2,9368,13582,63,50,4214,53551.0,3150,1
9,0,2,82703,0,1,14947,11996,64,30,-2951,41351.5,1920,2
8,1,2,46213,0,2,13436,13793,42,8,357,15404.333333333334,336,2
7,1,2,31227,2,0,5776,6080,18,45,304,31227.0,810,0
5,0,2,53587,0,3,8815,8879,49,42,64,13396.75,2058,1
8,1,2,38037,0,4,14233,17823,9,59,3590,7607.4,531,0
3,2,1,176368,1,7,3866,7355,17,46,3489,22046.0,782,1
9,0,0,143782,4,1,12025,12328,57,47,303,71891.0,2679,1
3,2,1,222418,1,9,14212,31447,19,55,17235,22241.8,1045,1
9,0,0,163849,4,3,13411,19412,63,54,6001,40962.25,3402,1
9,0,2,106963,0,4,4070,3520,63,49,-550,21392.6,3087,1
7,1,2,30255,2,0,7137,5277,49,58,-1860,30255.0,2842,0
9,0,2,83496,0,2,12213,18340,53,9,6127,27832.0,477,1
6,0,1,177023,1,7,4282,3945,19,38,-337,22127.875,722,1
3,2,1,172467,1,9,14880,31170,41,29,16290,17246.7,1189,1
9,0,0,130394,4,3,11747,10554,87,67,-1193,32598.5,5829,1
9,0,2,82013,0,2,11075,16286,56,38,5211,27337.666666666668,2128,1
5,0,2,62480,0,1,12182,10804,38,47,-1378,31240.0,1786,1
8,1,2,41716,0,1,9866,11720,48,54,1854,20858.0,2592,0
7,1,2,25000,2,2,6741,6096,22,19,-645,8333.333333333334,418,0
5,0,2,66915,0,5,7648,10283,59,21,2635,11152.5,1239,1
6,0,1,146147,1,7,7449,11254,44,52,3805,18268.375,2288,1
8,1,2,37288,0,2,4676,3275,22,36,-1401,12429.333333333334,792,0
9,0,2,102724,0,3,4909,6212,66,23,1303,25681.0,1518,1
6,0,1,159741,1,6,4757,3930,9,32,-827,22820.14285714286,288,1
9,0,0,121835,4,4,3261,6687,13,61,3426,24367.0,793,1
0,0,2,93544,3,4,10092,14666,45,70,4574,18708.8,3150,1
3,2,1,192988,1,8,9198,19909,62,59,10711,21443.11111111111,3658,1
0,0,2,83179,3,5,1094,1158,4,69,64,13863.166666666666,276,1
7,1,2,31564,2,2,1286,1375,19,50,89,10521.333333333334,950,0
9,0,0,106598,0,4,12085,13892,81,77,1807,21319.6,6237,1
9,0,0,110853,0,0,10583,8982,65,47,-1601,110853.0,3055,1
9,0,0,79727,4,3,4602,5303,92,22,701,19931.75,2024,1
1,2,1,46587,4,6,4680,5966,71,30,1286,6655.285714285715,2130,1
9,0,0,159122,4,4,5303,10999,55,33,5696,31824.4,1815,1
0,0,2,84053,3,6,7641,7856,49,28,215,12007.57142857143,1372,2
0,0,2,87013,3,4,3547,4257,60,33,710,17402.6,1980,1
8,1,2,41352,0,2,5605,6728,58,31,1123,13784.0,1798,0
1,2,1,52428,4,6,1594,1849,74,41,255,7489.714285714285,3034,1
0,0,2,80685,3,4,2011,3131,21,35,1120,16137.0,735,2
9,0,0,136121,4,3,9881,12305,94,7,2424,34030.25,658,1
2,0,2,71389,0,3,9477,6925,12,12,-2552,17847.25,144,0
8,1,2,36879,0,2,3251,4004,8,28,753,12293.0,224,0
9,0,0,136786,4,2,13733,17102,66,27,3369,45595.333333333336,1782,1
3,2,1,158452,1,8,12174,16652,38,51,4478,17605.777777777777,1938,1
9,0,0,130242,0,3,13162,20915,100,70,7753,32560.5,7000,2
2,0,2,68802,0,1,13890,20958,28,54,7068,34401.0,1512,2
1,2,1,47948,4,5,2533,3517,40,21,984,7991.333333333333,840,1
1,2,1,69248,4,6,12965,11712,65,52,-1253,9892.57142857143,3380,1
4,1,0,35574,2,0,3431,2898,72,47,-533,35574.0,3384,0
1,2,1,46214,4,4,3560,2845,38,32,-715,9242.8,1216,1
4,2,2,82039,0,4,643,817,23,53,174,16407.8,1219,2
0,0,2,84096,3,6,3314,4449,47,28,1135,12013.714285714286,1316,2
1,2,1,52633,4,6,13825,11776,47,42,-2049,7519.0,1974,1
1,2,1,50676,4,3,8765,7802,2,29,-963,12669.0,58,1
8,1,2,40563,0,1,2711,2386,36,45,-325,20281.5,1620,0
9,0,0,93150,4,4,8185,13123,87,68,4938,18630.0,5916,1
0,0,2,89738,3,6,2667,2254,38,34,-413,12819.714285714286,1292,1
0,0,2,95870,3,3,10477,7731,6,52,-2746,23967.5,312,1
3,2,1,217278,1,7,13331,27380,28,20,14049,27159.75,560,1
5,0,2,57332,0,3,4527,6899,27,65,2372,14333.0,1755,2
9,0,0,172520,4,6,12136,12259,74,50,123,24645.714285714286,3700,1
4,1,0,56609,2,1,4566,3230,60,40,-1336,28304.5,2400,0
3,2,1,74291,0,5,10428,18969,38,42,8541,12381.833333333334,1596,1
9,0,0,109376,0,5,6683,4839,79,70,-1844,18229.333333333332,5530,1
9,0,0,125832,4,6,5205,4787,53,57,-418,17976.0,3021,1
1,2,1,69283,4,4,13588,16441,57,94,2853,13856.6,5358,1
3,2,1,87157,0,6,12857,22520,34,76,9663,12451.0,2584,1
1,2,1,52114,4,2,9371,6629,22,51,-2742,17371.333333333332,1122,1
6,0,1,123122,1,7,9102,13344,30,38,4242,15390.25,1140,1
3,2,1,88489,0,2,9014,7591,52,73,-1423,29496.333333333332,3796,1
4,2,2,99753,0,2,10420,7456,39,57,-2964,33251.0,2223,1
4,1,0,41242,2,0,14223,13451,29,49,-772,41242.0,1421,0
4,2,2,80318,0,5,4619,5375,31,45,756,13386.333333333334,1395,2
6,0,1,199413,1,11,7179,8153,20,21,974,16617.75,420,1
1,2,1,69263,4,6,14556,15007,37,18,451,9894.714285714286,666,1
9,0,0,137758,4,5,13686,16121,68,62,2435,22959.666666666668,4216,1
9,0,2,105057,0,5,1702,2034,82,36,332,17509.5,2952,1
7,1,2,34884,2,2,14294,11540,33,57,-2754,11628.0,1881,0
9,0,0,115978,0,6,10402,14193,73,88,3791,16568.285714285714,6424,1
8,1,2,37338,0,1,6659,5632,19,38,-1027,18669.0,722,0
7,1,2,34233,2,2,891,728,30,48,-163,11411.0,1440,0
5,0,2,66415,0,2,3755,4655,39,49,900,22138.333333333332,1911,1
9,0,2,74526,0,3,7635,6759,47,28,-876,18631.5,1316,1
5,0,2,64970,0,2,14675,18583,56,57,3908,21656.666666666668,3192,2
4,2,2,95872,0,7,12931,15234,42,24,2303,11984.0,1008,1
3,2,1,70771,0,2,13504,18812,36,41,5308,23590.333333333332,1476,1
8,1,2,43727,0,1,4505,5918,13,17,1413,21863.5,221,0
9,0,0,118658,4,2,4220,8242,82,49,4022,39552.666666666664,4018,1
2,0,2,66974,0,1,8475,11017,71,24,2542,33487.0,1704,0
5,0,2,65859,0,3,12179,13628,20,45,1449,16464.75,900,2
7,1,2,29054,2,0,14956,15151,58,5,195,29054.0,290,0
5,0,2,64547,0,4,2636,1862,43,53,-774,12909.4,2279,2
9,0,0,129169,4,4,4520,6704,36,37,2184,25833.8,1332,1
6,0,1,157983,1,8,10986,18342,50,55,7356,17553.666666666668,2750,1
2,0,2,73804,0,4,6628,5225,0,66,-1403,14760.8,0,0
7,1,2,26520,2,1,8120,8371,29,75,251,13260.0,2175,0
6,0,1,165631,1,7,11205,21198,48,38,9993,20703.875,1824,1
9,0,0,129723,0,3,10301,10743,82,31,442,32430.75,2542,1
7,1,2,32329,2,0,13952,16569,20,73,2617,32329.0,1460,0
1,2,1,58226,4,3,8316,9807,40,30,1491,14556.5,1200,1
6,0,1,139966,1,6,14731,18212,0,43,3481,19995.14285714286,0,1
9,0,0,119347,0,3,6275,5504,86,28,-771,29836.75,2408,1
9,0,2,80157,0,4,5584,5870,86,47,286,16031.4,4042,1
9,0,0,110031,4,5,681,881,15,51,200,18338.5,765,1
9,0,0,138305,4,2,12695,11723,29,40,-972,46101.666666666664,1160,1
2,0,2,82138,0,0,1481,1496,43,60,15,82138.0,2580,0
1,2,1,55115,4,4,4083,4186,64,60,103,11023.0,3840,1
7,1,2,29671,2,1,895,970,57,42,75,14835.5,2394,0
8,1,2,34545,0,1,5972,7172,16,25,1200,17272.5,400,0
5,0,2,57965,0,2,6184,6480,25,50,296,19321.666666666668,1250,1
7,1,2,28558,2,0,5168,4729,51,67,-439,28558.0,3417,0
9,0,0,112810,4,5,13627,22379,100,25,8752,18801.666666666668,2500,1
3,2,1,227475,1,5,2520,6235,30,61,3715,37912.5,1830,1
4,2,2,95410,0,2,8487,11228,24,32,2741,31803.333333333332,768,1
4,2,2,93238,0,4,8920,10912,50,41,1992,18647.6,2050,1
3,2,1,90709,0,3,13268,16384,24,25,3116,22677.25,600,1
4,1,0,44899,2,0,12770,13148,24,29,378,44899.0,696,0
1,2,1,66775,4,7,1602,1470,11,63,-132,8346.875,693,1
6,0,1,122684,1,6,14012,16520,32,35,2508,17526.285714285714,1120,1
7,1,2,31917,2,0,11323,13933,8,39,2610,31917.0,312,0
4,1,0,44626,2,1,12338,10754,34,34,-1584,22313.0,1156,0
9,0,0,157830,4,4,2829,4759,59,35,1930,31566.0,2065,1
9,0,0,116781,0,4,10606,15534,65,20,4928,23356.2,1300,2
2,0,2,66783,0,4,6961,8454,18,25,1493,13356.6,450,0
9,0,0,138760,4,2,1221,1995,94,42,774,46253.333333333336,3948,1
9,0,0,117854,4,6,2678,3495,72,26,817,16836.285714285714,1872,1
8,1,2,47608,0,4,9827,10482,31,73,655,9521.6,2263,0
8,1,2,37128,0,1,13598,9694,56,71,-3904,18564.0,3976,0
8,1,2,49172,0,0,9462,12495,47,56,3033,49172.0,2632,0
2,0,2,71134,0,1,3950,5774,43,33,1824,35567.0,1419,2
9,0,0,126702,0,1,3177,3500,68,25,323,63351.0,1700,1
2,0,2,69154,0,3,12415,12320,60,45,-95,17288.5,2700,0
4,2,2,93629,0,3,1582,1377,59,15,-205,23407.25,885,1
5,0,2,78427,0,1,3213,3422,83,13,209,39213.5,1079,2
9,0,0,95281,0,1,1810,2844,64,42,1034,47640.5,2688,1
4,2,2,97678,0,3,6115,10313,45,31,4198,24419.5,1395,2
4,1,0,50148,2,0,6596,7225,34,29,629,50148.0,986,0
2,0,2,59866,0,4,9954,15466,34,29,5512,11973.2,986,0
1,2,1,58076,4,6,13842,16432,34,46,2590,8296.57142857143,1564,1
3,2,1,90765,0,3,11394,18213,58,50,6819,22691.25,2900,1
1,2,1,42015,4,2,3049,4074,52,41,1025,14005.0,2132,1
1,2,1,52343,4,3,11683,16665,20,48,4982,13085.75,960,1
4,2,2,75063,0,5,10229,15861,47,64,5632,12510.5,3008,1
9,0,2,101390,0,6,13851,10035,59,16,-3816,14484.285714285714,944,1
8,1,2,38172,0,1,8419,9431,21,43,1012,19086.0,903,0
7,1,2,29097,2,0,8836,7521,36,31,-1315,29097.0,1116,0
5,0,2,78037,0,4,12366,9666,27,56,-2700,15607.4,1512,1
9,0,0,103045,4,5,10194,19523,37,31,9329,17174.166666666668,1147,1
4,2,2,83583,0,3,14641,10909,31,37,-3732,20895.75,1147,1
9,0,0,132346,0,0,14001,15215,100,25,1214,132346.0,2500,1
1,2,1,61533,4,8,4163,4085,56,56,-78,6837.0,3136,1
6,0,1,126219,1,6,4575,4056,13,48,-519,18031.285714285714,624,1
6,0,1,149039,1,6,3010,2481,35,68,-529,21291.285714285714,2380,1
4,1,0,40219,2,0,9383,12053,30,38,2670,40219.0,1140,0
7,1,2,32610,2,2,7260,6825,43,28,-435,10870.0,1204,0
8,1,2,45146,0,0,9782,12588,0,33,2806,45146.0,0,0
2,0,2,77784,0,2,1829,1466,40,49,-363,25928.0,1960,2
9,0,0,141119,4,3,10708,14768,77,66,4060,35279.75,5082,1
6,0,1,169524,1,9,11360,8129,10,46,-3231,16952.4,460,1
4,2,2,93542,0,1,5643,7719,11,74,2076,46771.0,814,1
8,1,2,39940,0,1,7150,5076,28,9,-2074,19970.0,252,0
9,0,0,134525,4,3,7286,15541,88,61,8255,33631.25,5368,1
9,0,0,127747,4,3,5968,8809,49,58,2841,31936.75,2842,1
9,0,0,108326,0,0,5546,9435,100,50,3889,108326.0,5000,1
5,0,2,54414,0,1,14903,23126,30,34,8223,27207.0,1020,1
6,0,1,132978,1,4,6993,7366,21,37,373,26595.6,777,1
9,0,2,90558,0,4,7140,9243,94,84,2103,18111.6,7896,2
0,0,2,78527,3,3,4352,5062,13,54,710,19631.75,702,1
9,0,2,100918,0,4,10503,11200,39,35,697,20183.6,1365,1
7,1,2,30087,2,1,3108,3737,51,16,629,15043.5,816,0
7,1,2,29570,2,0,10223,10312,20,46,89,29570.0,920,0
0,0,2,79592,3,3,1857,2033,23,52,176,19898.0,1196,1
9,0,0,133462,0,3,1848,2664,70,38,816,33365.5,2660,2
9,0,0,143133,4,5,9353,13031,85,28,3678,23855.5,2380,1
5,0,2,60996,0,5,2012,2436,53,28,424,10166.0,1484,1
9,0,0,125450,4,5,534,989,97,18,455,20908.333333333332,1746,1
9,0,0,143561,4,3,1035,1405,59,8,370,35890.25,472,1
2,0,2,66197,0,2,14321,15124,38,88,803,22065.666666666668,3344,0
3,2,1,85228,0,4,11733,23063,23,44,11330,17045.6,1012,1
3,2,1,79919,0,2,9871,13425,49,49,3554,26639.666666666668,2401,1
9,0,0,115480,4,7,3206,4363,59,40,1157,14435.0,2360,1
7,1,2,25067,2,0,2137,1548,30,31,-589,25067.0,930,0
3,2,1,182387,1,8,1849,1327,34,25,-522,20265.222222222223,850,1
3,2,1,184587,1,6,503,585,40,35,82,26369.571428571428,1400,1
4,2,2,76741,0,3,3284,3261,20,19,-23,19185.25,380,2
0,0,2,85761,3,7,8534,10923,47,72,2389,10720.125,3384,1
2,0,2,69566,0,4,10221,11282,38,79,1061,13913.2,3002,0
3,2,1,176504,1,5,14210,12025,0,56,-2185,29417.333333333332,0,1
9,0,0,135061,0,1,14128,19896,56,39,5768,67530.5,2184,1
2,0,2,76914,0,2,2771,2031,42,46,-740,25638.0,1932,0
5,0,2,61265,0,4,10431,15818,30,32,5387,12253.0,960,2
9,0,0,116894,4,3,11042,11026,49,69,-16,29223.5,3381,1
9,0,0,107986,0,3,8633,7711,76,48,-922,26996.5,3648,2
9,0,2,103901,0,2,11789,17132,70,17,5343,34633.666666666664,1190,1
9,0,0,94702,4,1,6945,13600,100,39,6655,47351.0,3900,1
3,2,1,84430,0,4,3167,4568,30,68,1401,16886.0,2040,1
4,2,2,97071,0,3,7913,8173,45,47,260,24267.75,2115,1
1,2,1,54498,4,7,5520,8127,14,50,2607,6812.25,700,1
3,2,1,86272,0,3,12061,12172,29,55,111,21568.0,1595,1
8,1,2,44511,0,3,13721,15105,55,43,1384,11127.75,2365,0
4,2,2,89749,0,1,14379,11483,13,73,-2896,44874.5,949,2
3,2,1,92432,0,2,5851,9176,44,57,3325,30810.666666666668,2508,1
9,0,2,98206,0,2,8057,11064,52,61,3007,32735.333333333332,3172,1
4,1,0,47756,2,1,3043,2499,35,32,-544,23878.0,1120,0
9,0,0,110591,0,0,1462,2673,100,22,1211,110591.0,2200,2
6,0,1,135956,1,8,2428,2614,8,17,186,15106.222222222223,136,1
9,0,0,101240,0,4,7855,14192,49,45,6337,20248.0,2205,1
9,0,0,154346,4,3,12341,19350,53,56,7009,38586.5,2968,1
2,0,2,68346,0,2,13121,15652,53,5,2531,22782.0,265,2
4,1,0,46399,2,4,5742,4643,43,46,-1099,9279.8,1978,0
9,0,2,117225,0,5,12274,15620,79,49,3346,19537.5,3871,1
8,1,2,28377,0,4,7215,6933,53,60,-282,5675.4,3180,0
6,0,1,141599,1,8,11056,12324,58,46,1268,15733.222222222223,2668,1
4,1,0,41755,2,1,10128,12629,61,53,2501,20877.5,3233,0
6,0,1,151575,1,7,12118,22706,18,22,10588,18946.875,396,1
6,0,1,105947,1,8,8253,15231,21,22,6978,11771.888888888889,462,1
7,1,2,26706,2,0,3064,3050,40,71,-14,26706.0,2840,0
9,0,2,98594,0,4,6153,10529,78,16,4376,19718.8,1248,1
9,0,0,102319,4,4,1014,1897,82,31,883,20463.8,2542,1
8,1,2,45485,0,2,3556,2550,25,62,-1006,15161.666666666666,1550,0
5,0,2,76982,0,5,11286,17663,27,30,6377,12830.333333333334,810,2
4,2,2,99376,0,3,12118,13781,62,13,1663,24844.0,806,1
5,0,2,64776,0,5,2677,4002,58,8,1325,10796.0,464,2
4,1,0,50344,2,0,12089,8998,47,32,-3091,50344.0,1504,0
3,2,1,75037,0,4,5657,9944,46,47,4287,15007.4,2162,1
0,0,2,106225,3,4,11966,10293,39,25,-1673,21245.0,975,1
9,0,0,91621,4,4,14740,18701,91,14,3961,18324.2,1274,1
2,0,2,85643,0,4,7312,9100,26,13,1788,17128.6,338,0
5,0,2,68969,0,3,14844,11018,15,23,-3826,17242.25,345,1
9,0,0,120834,4,4,1188,1285,58,31,97,24166.8,1798,1
9,0,2,98054,0,3,8901,10543,64,29,1642,24513.5,1856,1
5,0,2,57208,0,1,5052,7195,18,40,2143,28604.0,720,1
4,1,0,50664,2,3,3457,3412,0,72,-45,12666.0,0,0
9,0,0,122336,4,3,13129,24863,55,34,11734,30584.0,1870,1
3,2,1,75243,0,7,6410,10249,42,29,3839,9405.375,1218,1
4,2,2,91132,0,5,10574,8237,32,44,-2337,15188.666666666666,1408,1
7,1,2,36293,2,2,544,392,41,55,-152,12097.666666666666,2255,0
5,0,2,67424,0,3,13141,15376,14,56,2235,16856.0,784,2
9,0,2,78736,0,3,3958,4434,96,56,476,19684.0,5376,1
7,1,2,27559,2,0,11646,12333,55,22,687,27559.0,1210,0
2,0,2,80997,0,1,9197,6957,52,64,-2240,40498.5,3328,0
6,0,1,171414,1,8,9162,13599,56,69,4437,19046.0,3864,1
3,2,1,174328,1,7,10530,15971,45,51,5441,21791.0,2295,1
8,1,2,37237,0,1,13110,11568,20,67,-1542,18618.5,1340,0
5,0,2,61843,0,3,12281,14759,7,66,2478,15460.75,462,1
1,2,1,57218,4,4,5254,7178,21,38,1924,11443.6,798,1
4,2,2,86781,0,2,7978,11603,12,50,3625,28927.0,600,1
2,0,2,71934,0,2,5949,5429,32,26,-520,23978.0,832,2
8,1,2,45238,0,0,10155,10159,33,9,4,45238.0,297,0
5,0,2,58038,0,2,14091,11047,25,23,-3044,19346.0,575,1
6,0,1,129745,1,6,8094,14949,0,46,6855,18535.0,0,1
3,2,1,176518,1,7,4283,3799,54,26,-484,22064.75,1404,1
0,0,2,76536,3,3,10181,12968,57,75,2787,19134.0,4275,1
5,0,2,67776,0,2,4836,3792,41,79,-1044,22592.0,3239,1
6,0,1,157841,1,8,11183,11366,27,75,183,17537.88888888889,2025,1
0,0,2,84682,3,3,4259,6183,46,36,1924,21170.5,1656,2
2,0,2,77143,0,2,6968,4892,54,51,-2076,25714.333333333332,2754,0
9,0,0,81571,4,2,9195,16064,88,47,6869,27190.333333333332,4136,1
9,0,0,144631,4,7,4133,4810,47,70,677,18078.875,3290,1
9,0,2,91830,0,4,7004,7187,70,61,183,18366.0,4270,1
8,1,2,38149,0,2,1282,1695,63,30,413,12716.333333333334,1890,0
4,2,2,85214,0,5,13661,22222,27,76,8561,14202.333333333334,2052,1
1,2,1,50350,4,4,13843,15104,0,63,1261,10070.0,0,1
8,1,2,31787,0,2,767,804,39,29,37,10595.666666666666,1131,0
0,0,2,63512,3,3,12505,14284,40,42,1779,15878.0,1680,1
4,2,2,102511,0,6,10334,15088,16,30,4754,14644.42857142857,480,2
5,0,2,60982,0,3,10005,15793,49,10,5788,15245.5,490,2
1,2,1,59089,4,5,11334,10029,25,55,-1305,9848.166666666666,1375,1
2,0,2,74920,0,2,13274,14666,29,93,1392,24973.333333333332,2697,0
0,0,2,81518,3,4,4347,4469,53,42,122,16303.6,2226,1
1,2,1,40114,4,2,12390,11871,39,51,-519,13371.333333333334,1989,1
9,0,0,136634,4,4,9430,15859,85,68,6429,27326.8,5780,1
9,0,0,117197,4,3,11724,17127,82,39,5403,29299.25,3198,1
9,0,0,98402,0,4,5886,8526,39,89,2640,19680.4,3471,1
5,0,2,57502,0,2,838,1046,40,28,208,19167.333333333332,1120,2
9,0,0,126026,4,5,12778,12573,79,60,-205,21004.333333333332,4740,1
9,0,0,134347,4,4,11271,22187,62,13,10916,26869.4,806,1
3,2,1,89424,0,5,4712,3699,21,17,-1013,14904.0,357,1
9,0,0,133154,4,6,7486,13116,60,51,5630,19022.0,3060,1
4,1,0,49105,2,3,3185,2779,13,49,-406,12276.25,637,0
9,0,0,141874,0,4,13035,9252,58,42,-3783,28374.8,2436,2
2,0,2,82777,0,5,9385,7166,52,42,-2219,13796.166666666666,2184,2
3,2,1,81247,0,3,1623,1900,0,9,277,20311.75,0,1
9,0,0,132016,4,4,14806,29469,31,22,14663,26403.2,682,1
0,0,2,82397,3,5,554,576,5,43,22,13732.833333333334,215,1
9,0,0,105210,0,1,13257,15306,100,32,2049,52605.0,3200,1
9,0,0,129634,4,3,2357,5050,74,42,2693,32408.5,3108,1
7,1,2,32335,2,0,2489,2628,50,20,139,32335.0,1000,0
4,2,2,86828,0,3,14183,12879,42,16,-1304,21707.0,672,2
5,0,2,82747,0,3,8868,11490,28,58,2622,20686.75,1624,1
5,0,2,74833,0,2,11444,17603,24,60,6159,24944.333333333332,1440,1
2,0,2,71455,0,1,13369,9504,57,41,-3865,35727.5,2337,0
7,1,2,29996,2,2,13426,13724,44,49,298,9998.666666666666,2156,0
7,1,2,32859,2,3,3390,2990,54,23,-400,8214.75,1242,0
4,2,2,94132,0,2,3601,5758,33,23,2157,31377.333333333332,759,1
2,0,2,82368,0,1,12383,15336,32,51,2953,41184.0,1632,0
6,0,1,145130,1,5,10663,14061,13,59,3398,24188.333333333332,767,1
9,0,0,112521,0,3,3158,2303,78,85,-855,28130.25,6630,2
7,1,2,32011,2,1,3127,2467,53,42,-660,16005.5,2226,0
0,0,2,79667,3,5,11797,16261,20,5,4464,13277.833333333334,100,1
9,0,2,79948,0,4,8342,7354,91,38,-988,15989.6,3458,1
9,0,0,110026,4,3,6073,6262,70,95,189,27506.5,6650,1
4,2,2,108855,0,4,12898,9773,25,42,-3125,21771.0,1050,2
9,0,0,100598,0,4,13726,18689,54,25,4963,20119.6,1350,2
4,2,2,81709,0,3,13800,14216,60,22,416,20427.25,1320,1
9,0,2,101270,0,1,3244,4318,63,65,1074,50635.0,4095,1
3,2,1,166945,1,9,10944,8801,15,55,-2143,16694.5,825,1
4,2,2,76216,0,4,10106,10413,29,47,307,15243.2,1363,2
4,1,0,44596,2,3,4215,3012,44,8,-1203,11149.0,352,0
1,2,1,46575,4,5,13129,14420,15,28,1291,7762.5,420,1
8,1,2,47515,0,0,5779,6679,33,35,900,47515.0,1155,0
9,0,2,118048,0,6,1187,1968,72,51,781,16864.0,3672,1
5,0,2,64247,0,3,3581,3164,48,70,-417,16061.75,3360,1
3,2,1,202262,1,5,6323,13857,34,43,7534,33710.333333333336,1462,1
3,2,1,92206,0,3,6603,9913,36,65,3310,23051.5,2340,1
8,1,2,46773,0,2,12783,16210,55,81,3427,15591.0,4455,0
7,1,2,28700,2,0,14623,12928,50,76,-1695,28700.0,3800,0
9,0,0,111395,0,2,2696,3884,72,12,1188,37131.666666666664,864,2
3,2,1,154057,1,7,9028,9247,53,33,219,19257.125,1749,1
4,2,2,90506,0,5,2408,3621,79,38,1213,15084.333333333334,3002,2
9,0,0,136441,4,6,8256,12038,67,5,3782,19491.571428571428,335,1
1,2,1,57018,4,1,9537,7708,8,48,-1829,28509.0,384,1
9,0,0,103473,0,2,10739,8158,39,46,-2581,34491.0,1794,1
4,2,2,100365,0,2,14184,17583,32,73,3399,33455.0,2336,2
9,0,2,99589,0,5,5612,8802,54,65,3190,16598.166666666668,3510,1
0,0,2,93814,3,8,7473,9472,52,28,1999,10423.777777777777,1456,1
9,0,0,134375,4,0,14568,24381,42,82,9813,134375.0,3444,1
9,0,0,105903,4,5,5418,5429,78,20,11,17650.5,1560,1
4,1,0,47833,2,0,4731,4256,48,51,-475,47833.0,2448,0
9,0,0,131668,4,0,5098,7299,52,28,2201,131668.0,1456,1
0,0,2,94698,3,6,7250,10840,41,26,3590,13528.285714285714,1066,1
1,2,1,44785,4,6,6460,6545,40,49,85,6397.857142857143,1960,1
5,0,2,66737,0,2,5552,8673,67,93,3121,22245.666666666668,6231,1
8,1,2,38595,0,2,872,706,42,75,-166,12865.0,3150,0
2,0,2,64668,0,2,5869,8827,52,62,2958,21556.0,3224,0
4,1,0,44258,2,0,2024,1529,45,43,-495,44258.0,1935,0
6,0,1,145349,1,5,9100,12394,45,37,3294,24224.833333333332,1665,1
3,2,1,183762,1,6,14452,34825,35,44,20373,26251.714285714286,1540,1
7,1,2,37136,2,0,2357,2370,30,35,13,37136.0,1050,0
2,0,2,65548,0,3,13082,14369,37,5,1287,16387.0,185,0
7,1,2,29867,2,3,2527,2912,37,55,385,7466.75,2035,0
3,2,1,160457,1,9,3978,9069,5,58,5091,16045.7,290,1
4,2,2,99116,0,5,1791,2176,55,34,385,16519.333333333332,1870,2
9,0,0,128901,4,5,5030,7153,53,26,2123,21483.5,1378,1
0,0,2,86993,3,2,12962,19853,22,49,6891,28997.666666666668,1078,2
4,2,2,97666,0,3,9368,15270,34,37,5902,24416.5,1258,2
4,2,2,94689,0,3,12178,10735,17,17,-1443,23672.25,289,2
6,0,1,157164,1,6,9959,9667,15,54,-292,22452.0,810,1
2,0,2,70731,0,1,9549,10488,49,42,939,35365.5,2058,2
9,0,0,106412,0,4,7113,9197,55,72,2084,21282.4,3960,1
2,0,2,64455,0,2,14884,17980,1,26,3096,21485.0,26,2
9,0,0,106283,0,4,11278,12905,97,31,1627,21256.6,3007,1
2,0,2,81476,0,2,12642,14934,35,49,2292,27158.666666666668,1715,0
9,0,0,144019,4,4,1626,2947,51,70,1321,28803.8,3570,1
3,2,1,159935,1,7,565,1329,36,49,764,19991.875,1764,1
6,0,1,151640,1,5,8314,14149,43,48,5835,25273.333333333332,2064,1
5,0,2,50039,0,1,13762,13364,11,25,-398,25019.5,275,2
8,1,2,34517,0,2,9379,11105,18,31,1726,11505.666666666666,558,0
2,0,2,81092,0,0,3101,3883,40,36,782,81092.0,1440,0
1,2,1,63457,4,4,13510,11364,5,41,-2146,12691.4,205,1
9,0,0,91833,0,1,5973,10675,96,58,4702,45916.5,5568,1
9,0,0,128971,4,2,11124,24430,59,7,13306,42990.333333333336,413,1
4,1,0,48778,2,0,14699,14722,0,63,23,48778.0,0,0
3,2,1,75723,0,6,13807,11779,34,66,-2028,10817.57142857143,2244,1
5,0,2,75385,0,2,4078,5158,43,61,1080,25128.333333333332,2623,1
9,0,0,148179,4,4,12589,19549,53,53,6960,29635.8,2809,1
9,0,2,100142,0,4,7183,8701,52,58,1518,20028.4,3016,1
3,2,1,104468,0,1,9068,12445,30,44,3377,52234.0,1320,1
3,2,1,178369,1,7,13519,11098,72,36,-2421,22296.125,2592,1
5,0,2,80821,0,3,9471,9326,40,37,-145,20205.25,1480,1
9,0,0,135457,4,2,7540,7509,67,68,-31,45152.333333333336,4556,1
3,2,1,192410,1,8,11426,22881,0,55,11455,21378.88888888889,0,1
9,0,2,86783,0,3,14017,19041,62,53,5024,21695.75,3286,1
2,0,2,64412,0,2,6140,4936,50,63,-1204,21470.666666666668,3150,0
8,1,2,42964,0,0,10179,13805,54,76,3626,42964.0,4104,0
6,0,1,128887,1,6,9975,16809,36,68,6834,18412.428571428572,2448,1
2,0,2,76270,0,2,4580,3952,67,56,-628,25423.333333333332,3752,0
0,0,2,97555,3,6,2542,3387,62,37,845,13936.42857142857,2294,1
2,0,2,55364,0,0,11122,15660,25,5,4538,55364.0,125,0
5,0,2,64309,0,1,523,724,70,29,201,32154.5,2030,1
8,1,2,47406,0,0,10178,11273,30,75,1095,47406.0,2250,0
4,1,0,39693,2,0,4644,3695,33,53,-949,39693.0,1749,0
3,2,1,161172,1,8,3520,7914,48,45,4394,17908.0,2160,1
9,0,0,111128,0,2,11494,11210,62,62,-284,37042.666666666664,3844,1
9,0,0,167509,4,8,12150,16286,72,71,4136,18612.11111111111,5112,1
9,0,2,97289,0,3,4595,5144,79,46,549,24322.25,3634,1
4,1,0,37710,2,2,1682,2003,41,41,321,12570.0,1681,0
9,0,0,133267,4,5,4073,4841,64,35,768,22211.166666666668,2240,1
9,0,0,111682,0,5,9913,14088,78,58,4175,18613.666666666668,4524,1
3,2,1,87046,0,3,3943,7005,58,19,3062,21761.5,1102,1
0,0,2,83013,3,2,11906,13673,32,38,1767,27671.0,1216,1
8,1,2,48720,0,4,2252,2908,7,72,656,9744.0,504,0
9,0,2,89739,0,3,7824,7628,81,14,-196,22434.75,1134,1
9,0,0,144042,4,4,12367,27404,85,24,15037,28808.4,2040,1
0,0,2,93874,3,4,6541,9497,0,61,2956,18774.8,0,1
8,1,2,35385,0,3,6705,8171,10,45,1466,8846.25,450,0
3,2,1,91593,0,4,5006,9575,61,24,4569,18318.6,1464,1
3,2,1,82710,0,1,3802,6715,79,46,2913,41355.0,3634,1
9,0,2,96831,0,5,6876,6577,54,16,-299,16138.5,864,1
9,0,2,105309,0,4,14753,25557,72,65,10804,21061.8,4680,2
5,0,2,74605,0,5,8510,9719,38,24,1209,12434.166666666666,912,1
8,1,2,36793,0,2,1301,1306,49,5,5,12264.333333333334,245,0
9,0,0,148214,4,5,7599,13960,92,52,6361,24702.333333333332,4784,1
9,0,0,127324,4,5,1506,1958,89,53,452,21220.666666666668,4717,1
4,1,0,39125,2,4,8016,8720,39,39,704,7825.0,1521,0
2,0,2,71586,0,6,3839,4512,54,46,673,10226.57142857143,2484,0
9,0,0,105294,0,1,14939,21417,62,67,6478,52647.0,4154,1
9,0,0,127759,4,3,5143,11423,55,32,6280,31939.75,1760,1
9,0,0,126009,4,3,7482,5791,99,37,-1691,31502.25,3663,1
5,0,2,69393,0,4,13372,10389,36,58,-2983,13878.6,2088,2
9,0,0,109875,0,3,10108,16673,66,35,6565,27468.75,2310,1
7,1,2,35980,2,1,5467,5000,23,48,-467,17990.0,1104,0
5,0,2,63659,0,2,3791,3956,51,31,165,21219.666666666668,1581,1
0,0,2,81299,3,6,8312,12707,62,35,4395,11614.142857142857,2170,1
2,0,2,77455,0,4,3128,3529,64,39,401,15491.0,2496,2
9,0,2,100428,0,1,7678,5634,73,32,-2044,50214.0,2336,1
9,0,0,123649,4,3,13296,21058,70,34,7762,30912.25,2380,1
3,2,1,102467,0,2,8461,7446,29,17,-1015,34155.666666666664,493,1
9,0,2,88823,0,3,9539,13746,59,46,4207,22205.75,2714,1
3,2,1,65696,0,2,2870,4597,66,44,1727,21898.666666666668,2904,1
2,0,2,75663,0,5,12316,17001,34,45,4685,12610.5,1530,2
1,2,1,54714,4,5,4674,4456,12,28,-218,9119.0,336,1
2,0,2,80355,0,5,14623,19620,41,49,4997,13392.5,2009,0
4,2,2,107808,0,4,5582,8355,36,41,2773,21561.6,1476,2
9,0,0,98602,4,3,1531,1703,70,35,172,24650.5,2450,1
6,0,1,145574,1,7,2255,2171,5,59,-84,18196.75,295,1
6,0,1,118750,1,6,5133,7576,12,34,2443,16964.285714285714,408,1
4,2,2,99262,0,4,4502,3214,85,42,-1288,19852.4,3570,1
0,0,2,98061,3,6,10553,16135,44,34,5582,14008.714285714286,1496,1
4,2,2,97485,0,2,9182,11223,29,16,2041,32495.0,464,2
3,2,1,75767,0,4,8643,10876,43,47,2233,15153.4,2021,1
9,0,0,113596,4,4,2942,4790,38,31,1848,22719.2,1178,1
7,1,2,29158,2,1,13090,12663,34,36,-427,14579.0,1224,0
8,1,2,29390,0,1,9805,7821,59,52,-1984,14695.0,3068,0
9,0,0,126819,4,1,8381,9617,41,26,1236,63409.5,1066,1
9,0,0,135106,4,4,2277,4584,58,69,2307,27021.2,4002,1
4,1,0,45688,2,3,13020,13465,26,37,445,11422.0,962,0
2,0,2,82058,0,5,11903,13731,18,41,1828,13676.333333333334,738,2
3,2,1,173627,1,7,3768,3385,33,23,-383,21703.375,759,1
3,2,1,85952,0,1,14293,19442,41,48,5149,42976.0,1968,1
3,2,1,195253,1,7,9740,19073,29,30,9333,24406.625,870,1
9,0,0,94040,0,4,6724,12041,100,65,5317,18808.0,6500,1
3,2,1,182163,1,5,3715,8441,69,38,4726,30360.5,2622,1
7,1,2,34619,2,0,1250,883,12,34,-367,34619.0,408,0
7,1,2,25813,2,1,8223,9295,15,59,1072,12906.5,885,0
1,2,1,68740,4,5,5962,7175,52,41,1213,11456.666666666666,2132,1
9,0,2,114687,0,1,7558,8242,29,60,684,57343.5,1740,1
9,0,0,107261,4,4,11800,19882,77,29,8082,21452.2,2233,1
9,0,0,131871,0,3,9759,14672,72,56,4913,32967.75,4032,1
9,0,2,77858,0,3,7229,8927,68,19,1698,19464.5,1292,1
9,0,2,84916,0,5,8152,12859,64,19,4707,14152.666666666666,1216,1
1,2,1,54972,4,7,12601,17440,69,38,4839,6871.5,2622,1
9,0,0,113658,0,1,11656,11803,72,19,147,56829.0,1368,1
5,0,2,60809,0,3,12270,10683,24,29,-1587,15202.25,696,1
9,0,2,79252,0,3,12591,14093,52,50,1502,19813.0,2600,1
9,0,2,99788,0,1,6576,7167,55,55,591,49894.0,3025,1
9,0,0,135484,4,2,4701,5649,63,69,948,45161.333333333336,4347,1
6,0,1,124798,1,6,10125,16139,46,19,6014,17828.285714285714,874,1
9,0,0,130976,0,0,5094,4429,84,54,-665,130976.0,4536,1
6,0,1,131743,1,5,7870,6035,49,35,-1835,21957.166666666668,1715,1
9,0,0,123945,0,2,6083,4920,70,48,-1163,41315.0,3360,2
3,2,1,176501,1,6,2446,5984,20,47,3538,25214.428571428572,940,1
4,2,2,89247,0,3,4601,4856,8,43,255,22311.75,344,1
1,2,1,47404,4,6,12729,15041,11,78,2312,6772.0,858,1
9,0,0,118456,4,6,8298,16327,78,32,8029,16922.285714285714,2496,1
1,2,1,55756,4,7,3236,4390,46,16,1154,6969.5,736,2
6,0,1,138054,1,8,14296,10602,10,48,-3694,15339.333333333334,480,1
0,0,2,91775,3,4,4044,5769,19,33,1725,18355.0,627,1
6,0,1,161097,1,7,5918,8362,48,73,2444,20137.125,3504,1
9,0,0,108039,0,2,8752,9449,80,64,697,36013.0,5120,2
9,0,2,98895,0,1,9931,7081,72,21,-2850,49447.5,1512,1
9,0,0,112755,4,4,7497,13254,46,35,5757,22551.0,1610,1
6,0,1,141428,1,6,6347,7453,6,61,1106,20204.0,366,1
1,2,1,53569,4,5,11902,8357,60,37,-3545,8928.166666666666,2220,1
9,0,0,100096,4,3,12606,21260,52,6,8654,25024.0,312,1
3,2,1,91796,0,5,9866,9306,55,81,-560,15299.333333333334,4455,1
3,2,1,79487,0,3,5009,4580,32,24,-429,19871.75,768,1
9,0,0,136770,4,6,13972,23362,75,57,9390,19538.571428571428,4275,1
9,0,2,102799,0,2,12582,21838,65,61,9256,34266.333333333336,3965,2
4,1,0,48307,2,4,3439,3378,31,49,-61,9661.4,1519,0
0,0,2,89651,3,4,3925,5049,38,23,1124,17930.2,874,2
9,0,0,119485,4,5,5333,8114,96,5,2781,19914.166666666668,480,1
9,0,0,132523,4,5,11340,22559,91,25,11219,22087.166666666668,2275,1
9,0,2,99939,0,3,10635,16223,59,65,5588,24984.75,3835,1
9,0,0,96804,4,3,2431,3595,88,65,1164,24201.0,5720,1
7,1,2,25000,2,3,10774,10738,26,35,-36,6250.0,910,0
0,0,2,98256,3,6,11751,11575,68,41,-176,14036.57142857143,2788,2
9,0,0,98319,4,2,11770,17160,70,53,5390,32773.0,3710,1
0,0,2,95091,3,5,3106,4083,23,46,977,15848.5,1058,1
8,1,2,43740,0,0,624,598,35,9,-26,43740.0,315,0
7,1,2,30529,2,1,1075,1207,13,26,132,15264.5,338,0
9,0,0,138992,4,6,11713,22281,95,49,10568,19856.0,4655,1
9,0,0,111295,0,1,1889,3129,100,38,1240,55647.5,3800,1
9,0,2,83389,0,3,1699,1478,70,35,-221,20847.25,2450,1
8,1,2,36294,0,1,2276,1765,32,57,-511,18147.0,1824,0
9,0,2,91234,0,5,11963,12492,53,60,529,15205.666666666666,3180,1
2,0,2,60727,0,3,12193,14502,41,51,2309,15181.75,2091,0
4,1,0,41814,2,2,9593,10973,14,47,1380,13938.0,658,0
6,0,1,127370,1,8,10194,18933,14,39,8739,14152.222222222223,546,1
7,1,2,25000,2,3,7922,6735,23,34,-1187,6250.0,782,0
0,0,2,75550,3,3,10236,7405,0,57,-2831,18887.5,0,1
3,2,1,86773,0,3,9794,15787,52,28,5993,21693.25,1456,1
5,0,2,60622,0,3,7461,10353,40,20,2892,15155.5,800,1
3,2,1,190234,1,7,14208,12684,38,65,-1524,23779.25,2470,1
2,0,2,72559,0,1,5672,5754,54,21,82,36279.5,1134,0
3,2,1,186644,1,6,4008,4026,42,50,18,26663.428571428572,2100,1
9,0,2,97547,0,2,7148,8117,57,13,969,32515.666666666668,741,1
8,1,2,45981,0,2,13157,11514,23,53,-1643,15327.0,1219,0
5,0,2,66802,0,2,1991,1729,36,20,-262,22267.333333333332,720,1
9,0,0,107887,0,0,13551,17960,29,58,4409,107887.0,1682,1
6,0,1,117405,1,7,1381,2185,32,32,804,14675.625,1024,1
4,1,0,44590,2,0,11973,10537,36,35,-1436,44590.0,1260,0
0,0,2,91414,3,4,2354,3462,7,59,1108,18282.8,413,1
5,0,2,64379,0,2,6965,5573,48,43,-1392,21459.666666666668,2064,1
4,1,0,43944,2,3,12585,10697,35,70,-1888,10986.0,2450,0
9,0,0,137561,4,4,8986,6598,99,34,-2388,27512.2,3366,1
1,2,1,53495,4,5,14849,16138,38,45,1289,8915.833333333334,1710,1
4,2,2,94570,0,4,2571,2874,56,79,303,18914.0,4424,1
6,0,1,126620,1,7,1331,2448,58,32,1117,15827.5,1856,1
0,0,2,77931,3,2,10443,16886,28,68,6443,25977.0,1904,1
6,0,1,144227,1,8,1715,3061,55,61,1346,16025.222222222223,3355,1
1,2,1,59575,4,2,9548,8829,59,43,-719,19858.333333333332,2537,1
7,1,2,32067,2,1,9102,10933,31,37,1831,16033.5,1147,0
9,0,0,86555,0,4,4754,7529,75,37,2775,17311.0,2775,1
7,1,2,28141,2,1,9493,7850,61,25,-1643,14070.5,1525,0
0,0,2,77588,3,6,3421,5558,76,58,2137,11084.0,4408,1
8,1,2,32624,0,0,8536,11845,17,39,3309,32624.0,663,0
9,0,0,146053,4,4,13654,19880,84,43,6226,29210.6,3612,1
4,1,0,51607,2,0,10924,13792,45,40,2868,51607.0,1800,0
1,2,1,49876,4,4,2921,2995,57,54,74,9975.2,3078,1
5,0,2,69020,0,2,1670,1444,0,32,-226,23006.666666666668,0,2
4,1,0,36718,2,4,10885,12572,21,16,1687,7343.6,336,2
9,0,0,99645,0,4,12587,11194,78,45,-1393,19929.0,3510,1
5,0,2,68008,0,3,3197,2705,44,50,-492,17002.0,2200,1
0,0,2,88690,3,5,6032,9688,24,60,3656,14781.666666666666,1440,1
9,0,0,129649,4,4,13041,22178,47,37,9137,25929.8,1739,1
4,2,2,81356,0,1,947,1530,28,41,583,40678.0,1148,2
0,0,2,92683,3,6,13764,18052,48,66,4288,13240.42857142857,3168,1
9,0,0,99454,0,0,5783,10323,95,34,4540,99454.0,3230,1
4,2,2,97724,0,4,12660,11422,15,49,-1238,19544.8,735,1
9,0,0,100875,0,4,1853,1367,74,43,-486,20175.0,3182,1
5,0,2,63467,0,6,13695,19879,0,10,6184,9066.714285714286,0,1
5,0,2,81289,0,3,13339,13171,41,49,-168,20322.25,2009,1
3,2,1,95813,0,4,6587,6216,25,53,-371,19162.6,1325,1
4,2,2,97720,0,2,10835,15122,20,35,4287,32573.333333333332,700,2
9,0,0,136760,4,6,12283,18387,74,13,6104,19537.14285714286,962,1
7,1,2,28237,2,1,5625,6334,76,34,709,14118.5,2584,0
3,2,1,86745,0,5,2386,3583,35,34,1197,14457.5,1190,1
3,2,1,85334,0,2,5249,8610,51,71,3361,28444.666666666668,3621,1
2,0,2,79904,0,5,3109,4155,75,47,1046,13317.333333333334,3525,2
1,2,1,54829,4,4,13816,18326,52,41,4510,10965.8,2132,1
3,2,1,178278,1,7,11446,16867,21,63,5421,22284.75,1323,1
1,2,1,48687,4,5,8311,10663,41,46,2352,8114.5,1886,1
5,0,2,64338,0,3,9056,9477,36,61,421,16084.5,2196,1
9,0,0,135125,4,5,3379,5039,64,21,1660,22520.833333333332,1344,1
1,2,1,53078,4,7,10685,9469,30,47,-1216,6634.75,1410,1
7,1,2,25000,2,0,6716,6058,28,37,-658,25000.0,1036,0
9,0,0,127537,4,3,8809,13852,67,52,5043,31884.25,3484,1
5,0,2,75685,0,4,930,1303,72,35,373,15137.0,2520,1
3,2,1,217851,1,9,1300,2577,51,64,1277,21785.1,3264,1
3,2,1,95074,0,1,4780,9109,47,64,4329,47537.0,3008,1
8,1,2,43784,0,1,6158,6302,20,35,144,21892.0,700,0
9,0,0,104337,0,0,6422,5089,81,47,-1333,104337.0,3807,2
2,0,2,76047,0,3,9184,10412,63,24,1228,19011.75,1512,2
8,1,2,29285,0,0,6688,6560,28,44,-128,29285.0,1232,0
9,0,0,112152,0,3,4363,7785,56,20,3422,28038.0,1120,2
9,0,0,143107,4,4,13569,26983,71,47,13414,28621.4,3337,1
1,2,1,57714,4,5,4233,5258,16,27,1025,9619.0,432,1
7,1,2,25294,2,2,11335,9233,0,29,-2102,8431.333333333334,0,0
7,1,2,25889,2,0,5581,6852,21,40,1271,25889.0,840,0
4,2,2,80458,0,4,9950,11668,36,56,1718,16091.6,2016,1
4,1,0,37768,2,2,1186,971,8,49,-215,12589.333333333334,392,0
4,1,0,45687,2,0,1145,922,17,7,-223,45687.0,119,0
9,0,0,146280,4,1,7163,11182,75,84,4019,73140.0,6300,1
9,0,2,107217,0,2,7220,11260,97,63,4040,35739.0,6111,1
0,0,2,88635,3,5,10563,15542,32,46,4979,14772.5,1472,1
5,0,2,56979,0,3,10626,9733,29,34,-893,14244.75,986,2
4,2,2,72797,0,3,778,1229,44,32,451,18199.25,1408,2
4,2,2,108210,0,2,10924,16425,27,28,5501,36070.0,756,2
9,0,0,150563,4,4,2560,2209,91,67,-351,30112.6,6097,1
9,0,0,140655,4,7,4887,3839,90,27,-1048,17581.875,2430,1
6,0,1,141046,1,7,2505,3934,44,39,1429,17630.75,1716,1
2,0,2,62891,0,3,14178,15617,27,45,1439,15722.75,1215,0
9,0,0,115922,0,3,9606,8363,59,51,-1243,28980.5,3009,2
4,1,0,42060,2,2,581,665,11,33,84,14020.0,363,0
3,2,1,85185,0,1,12514,22628,77,26,10114,42592.5,2002,1
0,0,2,109785,3,3,11047,17037,30,69,5990,27446.25,2070,1
1,2,1,55873,4,4,8260,9886,69,52,1626,11174.6,3588,1
6,0,1,149640,1,4,4579,5830,31,22,1251,29928.0,682,1
9,0,2,98063,0,6,6694,7524,48,51,830,14009.0,2448,1
1,2,1,57424,4,4,11112,14880,49,52,3768,11484.8,2548,1
8,1,2,32468,0,3,4887,3475,3,58,-1412,8117.0,174,0
9,0,0,137093,4,6,11526,15622,85,33,4096,19584.714285714286,2805,1
9,0,0,156845,4,6,11913,23522,79,68,11609,22406.428571428572,5372,1
3,2,1,143631,1,7,11606,8764,47,43,-2842,17953.875,2021,1
4,1,0,41928,2,2,3299,2333,50,72,-966,13976.0,3600,0
3,2,1,205945,1,7,11070,18872,51,46,7802,25743.125,2346,1
8,1,2,41784,0,1,5375,5926,40,42,551,20892.0,1680,0
9,0,0,105203,4,5,4476,8522,69,53,4046,17533.833333333332,3657,1
4,2,2,77178,0,2,12247,9174,0,29,-3073,25726.0,0,2
7,1,2,28974,2,0,12333,15036,23,5,2703,28974.0,115,0
8,1,2,36292,0,3,4004,3084,53,23,-920,9073.0,1219,0
2,0,2,64694,0,3,13251,11012,32,31,-2239,16173.5,992,0
9,0,0,116359,0,3,8068,14054,71,53,5986,29089.75,3763,2
0,0,2,74780,3,4,6892,5339,32,39,-1553,14956.0,1248,2
3,2,1,95862,0,2,6887,5319,17,67,-1568,31954.0,1139,1
7,1,2,29798,2,4,12792,12104,64,43,-688,5959.6,2752,0
4,2,2,104356,0,4,5261,7839,8,79,2578,20871.2,632,2
9,0,0,113006,4,4,7107,5931,64,65,-1176,22601.2,4160,1
4,1,0,48822,2,2,11571,9201,27,63,-2370,16274.0,1701,0
7,1,2,29250,2,1,9404,9986,52,59,582,14625.0,3068,0
2,0,2,76325,0,1,3640,5070,10,32,1430,38162.5,320,0
3,2,1,60497,0,3,1886,1715,14,44,-171,15124.25,616,1
8,1,2,37553,0,1,5541,4626,22,76,-915,18776.5,1672,0
4,2,2,86978,0,3,5084,7832,49,61,2748,21744.5,2989,1
1,2,1,57184,4,6,9932,7780,0,71,-2152,8169.142857142857,0,1
1,2,1,62493,4,3,868,708,12,42,-160,15623.25,504,1
4,1,0,43037,2,4,2285,1730,2,40,-555,8607.4,80,0
9,0,2,96853,0,7,9610,16673,48,47,7063,12106.625,2256,1
1,2,1,60397,4,6,3423,3257,22,55,-166,8628.142857142857,1210,1
7,1,2,31700,2,0,12386,10458,67,42,-1928,31700.0,2814,0
5,0,2,61847,0,4,10495,10444,28,12,-51,12369.4,336,2
3,2,1,102342,0,2,11776,10379,24,31,-1397,34114.0,744,1
9,0,0,121695,4,3,5246,7218,67,43,1972,30423.75,2881,1
0,0,2,82047,3,4,5273,5152,53,53,-121,16409.4,2809,1
9,0,2,105029,0,6,4041,3782,54,27,-259,15004.142857142857,1458,2
4,2,2,89622,0,4,13999,16351,1,7,2352,17924.4,7,1
9,0,2,91874,0,6,14074,17331,84,56,3257,13124.857142857143,4704,1
2,0,2,70329,0,1,10119,13395,21,29,3276,35164.5,609,0
6,0,1,129352,1,7,12114,18787,36,38,6673,16169.0,1368,1
8,1,2,42917,0,1,12434,17218,30,30,4784,21458.5,900,0
4,2,2,73067,0,3,2816,4543,78,32,1727,18266.75,2496,1
9,0,0,95548,0,1,2049,2678,92,59,629,47774.0,5428,2
5,0,2,64844,0,1,9121,6610,15,51,-2511,32422.0,765,1
4,1,0,57812,2,1,14894,17575,34,69,2681,28906.0,2346,0
1,2,1,46571,4,2,1291,1910,51,32,619,15523.666666666666,1632,1
9,0,2,82857,0,1,4450,7246,53,45,2796,41428.5,2385,1
9,0,0,107807,0,2,10836,9380,80,37,-1456,35935.666666666664,2960,1
5,0,2,55926,0,2,4051,3129,39,51,-922,18642.0,1989,2
8,1,2,41239,0,2,11051,15055,21,51,4004,13746.333333333334,1071,0
9,0,2,99833,0,4,1142,820,100,36,-322,19966.6,3600,1
0,0,2,81433,3,3,1069,1740,15,62,671,20358.25,930,1
9,0,0,117786,0,4,12788,13118,59,51,330,23557.2,3009,1
4,2,2,98125,0,0,8772,12502,52,54,3730,98125.0,2808,2
4,2,2,78719,0,3,5864,7180,15,59,1316,19679.75,885,1
9,0,0,126652,0,0,8064,7780,63,43,-284,126652.0,2709,1
0,0,2,92038,3,4,7171,5700,8,41,-1471,18407.6,328,1
4,1,0,39403,2,3,14656,14837,35,27,181,9850.75,945,0
6,0,1,140045,1,6,637,851,32,26,214,20006.428571428572,832,1
6,0,1,157636,1,5,3528,4511,28,63,983,26272.666666666668,1764,1
0,0,2,82854,3,4,935,1181,13,21,246,16570.8,273,2
3,2,1,183863,1,8,2248,5158,34,77,2910,20429.222222222223,2618,1
4,2,2,96710,0,4,7299,6174,20,31,-1125,19342.0,620,1
1,2,1,58262,4,5,2595,3266,10,50,671,9710.333333333334,500,1
1,2,1,47896,4,6,714,565,17,32,-149,6842.285714285715,544,1
4,1,0,42438,2,3,6681,5505,24,32,-1176,10609.5,768,0
5,0,2,64024,0,2,10933,10636,29,50,-297,21341.333333333332,1450,1
2,0,2,64971,0,2,12448,11438,41,68,-1010,21657.0,2788,0
0,0,2,82981,3,3,10266,12718,21,59,2452,20745.25,1239,1
4,1,0,44289,2,0,7307,5703,43,64,-1604,44289.0,2752,0
6,0,1,140613,1,5,10675,12858,43,34,2183,23435.5,1462,1
8,1,2,38899,0,4,6527,8332,58,36,1805,7779.8,2088,0
4,2,2,93319,0,5,6165,8397,51,69,2232,15553.166666666666,3519,2
6,0,1,142689,1,8,1449,1897,50,59,448,15854.333333333334,2950,1
2,0,2,61133,0,2,10390,16191,31,31,5801,20377.666666666668,961,0
4,2,2,102817,0,3,2518,3709,33,43,1191,25704.25,1419,1
3,2,1,80689,0,2,13146,23045,48,43,9899,26896.333333333332,2064,1
2,0,2,92549,0,4,2283,3502,23,33,1219,18509.8,759,0
2,0,2,75924,0,4,4200,5650,0,48,1450,15184.8,0,0
8,1,2,50032,0,2,9181,11049,4,56,1868,16677.333333333332,224,0
7,1,2,29904,2,0,14230,11726,57,59,-2504,29904.0,3363,0
3,2,1,160164,1,7,2782,5711,51,76,2929,20020.5,3876,1
9,0,2,101965,0,7,3295,2588,81,55,-707,12745.625,4455,1
9,0,2,98246,0,0,10438,14834,85,40,4396,98246.0,3400,1
1,2,1,49705,4,3,2922,3557,7,19,635,12426.25,133,1
9,0,2,98852,0,4,7893,11536,64,42,3643,19770.4,2688,1
7,1,2,28456,2,1,6032,4830,9,53,-1202,14228.0,477,0
9,0,0,88665,0,2,2011,2942,69,46,931,29555.0,3174,2
6,0,1,108189,1,7,1097,1362,30,50,265,13523.625,1500,1
9,0,0,134286,4,5,9014,19019,93,12,10005,22381.0,1116,1
8,1,2,34742,0,2,12741,16411,39,46,3670,11580.666666666666,1794,0
0,0,2,82539,3,5,6510,9299,52,58,2789,13756.5,3016,1
4,2,2,104216,0,5,13476,14472,40,48,996,17369.333333333332,1920,1
9,0,2,81521,0,3,8567,11696,85,21,3129,20380.25,1785,1
8,1,2,35466,0,0,7633,6432,34,72,-1201,35466.0,2448,0
1,2,1,66045,4,4,11865,11638,24,43,-227,13209.0,1032,1
9,0,0,116960,0,3,12728,21292,41,38,8564,29240.0,1558,1
8,1,2,37792,0,2,13284,17869,45,58,4585,12597.333333333334,2610,0
9,0,0,133580,4,3,3661,5058,69,24,1397,33395.0,1656,1
1,2,1,56457,4,7,14998,18067,40,80,3069,7057.125,3200,1
7,1,2,28327,2,0,6899,6760,19,47,-139,28327.0,893,0
6,0,1,125354,1,7,10452,11918,20,8,1466,15669.25,160,1
0,0,2,85600,3,2,14774,14213,44,47,-561,28533.333333333332,2068,1
8,1,2,36638,0,4,3023,3734,9,15,711,7327.6,135,0
9,0,0,116290,0,0,5749,4894,51,45,-855,116290.0,2295,2
9,0,0,100835,0,0,3375,3087,86,88,-288,100835.0,7568,1
2,0,2,79201,0,4,6079,4462,10,37,-1617,15840.2,370,2
9,0,0,116301,4,1,13892,18635,53,35,4743,58150.5,1855,1
1,2,1,50685,4,4,9515,10533,35,35,1018,10137.0,1225,1
8,1,2,43177,0,3,9872,9569,60,59,-303,10794.25,3540,0
5,0,2,62286,0,3,10762,12024,60,30,1262,15571.5,1800,1
8,1,2,40869,0,2,13001,13111,50,31,110,13623.0,1550,0
3,2,1,79339,0,4,2836,5660,42,38,2824,15867.8,1596,1
9,0,2,102889,0,6,9093,13148,65,59,4055,14698.42857142857,3835,1
2,0,2,66911,0,2,12782,19965,20,45,7183,22303.666666666668,900,2
9,0,0,121601,0,0,4466,3190,71,44,-1276,121601.0,3124,1
6,0,1,171800,1,7,9585,14323,44,58,4738,21475.0,2552,1
4,2,2,82082,0,3,9147,15455,39,57,6308,20520.5,2223,2
4,2,2,97608,0,2,3679,5225,43,54,1546,32536.0,2322,2
2,0,2,74929,0,3,4389,5549,55,17,1160,18732.25,935,0
0,0,2,74873,3,8,11429,10394,36,55,-1035,8319.222222222223,1980,2
4,1,0,49153,2,5,9160,8031,38,83,-1129,8192.166666666666,3154,0
8,1,2,38741,0,1,1255,1057,31,30,-198,19370.5,930,0
9,0,2,78468,0,6,11069,13909,72,46,2840,11209.714285714286,3312,1
3,2,1,173047,1,6,12359,20287,30,70,7928,24721.0,2100,1
9,0,0,110347,4,3,2178,3208,74,53,1030,27586.75,3922,1
5,0,2,57345,0,3,11823,17658,48,42,5835,14336.25,2016,1
3,2,1,203258,1,6,13971,21957,17,23,7986,29036.85714285714,391,1
1,2,1,50028,4,4,6533,7153,32,5,620,10005.6,160,1
3,2,1,191664,1,8,12092,11042,30,28,-1050,21296.0,840,1
4,2,2,91154,0,4,5240,7589,66,14,2349,18230.8,924,1
3,2,1,166720,1,9,3478,4822,35,64,1344,16672.0,2240,1
4,1,0,46906,2,0,7923,10283,33,56,2360,46906.0,1848,0
3,2,1,168586,1,9,13727,29671,29,21,15944,16858.6,609,1
8,1,2,40450,0,2,12889,16678,23,49,3789,13483.333333333334,1127,0
4,1,0,46295,2,2,9884,12245,44,33,2361,15431.666666666666,1452,0
3,2,1,89718,0,3,7393,10205,34,22,2812,22429.5,748,1
3,2,1,196195,1,9,13739,27477,31,54,13738,19619.5,1674,1
0,0,2,95876,3,3,13288,13405,47,22,117,23969.0,1034,1
0,0,2,55372,3,4,9555,10960,40,54,1405,11074.4,2160,1
4,2,2,59152,0,1,10335,10721,26,55,386,29576.0,1430,1
9,0,0,107839,0,4,9055,17096,69,64,8041,21567.8,4416,1
9,0,0,135563,4,6,9269,12600,62,57,3331,19366.14285714286,3534,1
3,2,1,141496,1,7,6793,7386,2,57,593,17687.0,114,1
9,0,2,104080,0,1,2907,2990,99,60,83,52040.0,5940,2
3,2,1,156815,1,8,2186,4266,39,42,2080,17423.88888888889,1638,1
9,0,0,124321,4,5,13153,12991,73,21,-162,20720.166666666668,1533,1
6,0,1,137394,1,5,5572,7106,34,36,1534,22899.0,1224,1
3,2,1,183545,1,7,13481,14911,54,18,1430,22943.125,972,1
9,0,0,136720,4,5,3619,5245,80,30,1626,22786.666666666668,2400,1
9,0,0,122248,4,5,14249,11162,83,54,-3087,20374.666666666668,4482,1
2,0,2,63650,0,0,13288,11665,60,48,-1623,63650.0,2880,0
4,2,2,84750,0,3,7543,9469,36,80,1926,21187.5,2880,1
3,2,1,173738,1,9,9672,7939,52,29,-1733,17373.8,1508,1
8,1,2,28975,0,1,10694,13265,54,24,2571,14487.5,1296,0
1,2,1,52944,4,3,8249,6317,38,37,-1932,13236.0,1406,1
8,1,2,34544,0,0,10989,13168,54,24,2179,34544.0,1296,0
5,0,2,66581,0,0,13013,15780,29,36,2767,66581.0,1044,2
6,0,1,140846,1,2,1000,1149,33,53,149,46948.666666666664,1749,1
9,0,0,136423,4,3,12776,22550,70,63,9774,34105.75,4410,1
2,0,2,63231,0,4,9702,10257,32,59,555,12646.2,1888,0
1,2,1,57853,4,5,10440,11370,58,32,930,9642.166666666666,1856,1
7,1,2,29129,2,0,11479,8872,53,50,-2607,29129.0,2650,0
6,0,1,142810,1,8,6427,5178,50,48,-1249,15867.777777777777,2400,1
6,0,1,137912,1,6,9023,7339,21,41,-1684,19701.714285714286,861,1
3,2,1,80468,0,3,9693,8385,9,27,-1308,20117.0,243,1
0,0,2,93074,3,5,13914,22163,51,48,8249,15512.333333333334,2448,1
0,0,2,89242,3,4,550,826,9,21,276,17848.4,189,1
8,1,2,34578,0,5,11372,11348,44,34,-24,5763.0,1496,0
9,0,0,151186,4,6,11889,16098,53,59,4209,21598.0,3127,1
3,2,1,231910,1,11,7613,18946,47,54,11333,19325.833333333332,2538,1
9,0,0,155685,4,5,9498,10494,94,41,996,25947.5,3854,1
8,1,2,41571,0,1,10174,8047,68,42,-2127,20785.5,2856,0
1,2,1,51835,4,4,11584,16685,33,47,5101,10367.0,1551,1
8,1,2,37159,0,1,11328,12423,25,30,1095,18579.5,750,0
9,0,0,125694,0,3,13338,10271,76,47,-3067,31423.5,3572,1
8,1,2,40885,0,3,9886,11290,67,20,1404,10221.25,1340,0
7,1,2,25000,2,0,7167,8516,59,57,1349,25000.0,3363,0
6,0,1,133513,1,7,14085,21776,57,54,7691,16689.125,3078,1
9,0,0,151957,4,3,9704,11667,98,16,1963,37989.25,1568,1
4,2,2,84951,0,5,7478,9325,31,23,1847,14158.5,713,2
3,2,1,96350,0,7,14108,17049,38,15,2941,12043.75,570,1
4,2,2,69963,0,2,3617,5380,20,44,1763,23321.0,880,1
7,1,2,38604,2,0,9863,7683,21,65,-2180,38604.0,1365,0
6,0,1,150915,1,6,12794,15769,17,82,2975,21559.285714285714,1394,1
2,0,2,59954,0,3,14316,16138,35,38,1822,14988.5,1330,0
4,2,2,75771,0,3,4875,6242,42,51,1367,18942.75,2142,1
1,2,1,55830,4,4,2940,2168,39,29,-772,11166.0,1131,1
3,2,1,207021,1,8,13546,20399,47,40,6853,23002.333333333332,1880,1
0,0,2,69933,3,3,8839,8607,36,70,-232,17483.25,2520,1
3,2,1,70619,0,3,1164,981,27,50,-183,17654.75,1350,1
0,0,2,75000,3,5,3190,5091,16,43,1901,12500.0,688,1
4,2,2,86968,0,3,4165,6259,59,36,2094,21742.0,2124,1
9,0,0,114003,4,7,11439,16413,92,43,4974,14250.375,3956,1
8,1,2,37032,0,4,10336,13757,48,39,3421,7406.4,1872,0
6,0,1,130050,1,7,6878,7953,0,47,1075,16256.25,0,1
9,0,0,109989,4,3,2413,1901,90,67,-512,27497.25,6030,1
1,2,1,58903,4,7,3810,3199,41,47,-611,7362.875,1927,1
9,0,0,122339,0,1,11449,20296,77,5,8847,61169.5,385,2
0,0,2,108864,3,4,10525,8960,36,9,-1565,21772.8,324,1
0,0,2,90616,3,4,13989,16656,47,5,2667,18123.2,235,1
9,0,0,120519,4,6,1584,1682,40,49,98,17217.0,1960,1
1,2,1,53944,4,2,1417,1752,38,58,335,17981.333333333332,2204,1
3,2,1,89982,0,7,5075,8680,45,26,3605,11247.75,1170,1
2,0,2,74015,0,1,10819,11052,28,67,233,37007.5,1876,2
9,0,0,118187,0,4,14554,21190,53,64,6636,23637.4,3392,2
9,0,0,118510,4,4,7924,10263,48,47,2339,23702.0,2256,1
4,2,2,83451,0,5,3403,2577,36,52,-826,13908.5,1872,2
9,0,2,82346,0,2,14784,15395,100,51,611,27448.666666666668,5100,1
5,0,2,61857,0,5,11019,14247,53,32,3228,10309.5,1696,2
3,2,1,81486,0,2,2853,3710,41,24,857,27162.0,984,1
4,1,0,50165,2,1,6535,7242,8,20,707,25082.5,160,0
3,2,1,86246,0,5,5084,7911,25,42,2827,14374.333333333334,1050,1
9,0,0,142291,4,1,8614,11626,74,55,3012,71145.5,4070,1
5,0,2,70811,0,3,10311,11352,49,5,1041,17702.75,245,1
8,1,2,31357,0,1,3159,2465,47,66,-694,15678.5,3102,0
4,1,0,45778,2,0,7856,6372,57,46,-1484,45778.0,2622,0
4,1,0,47576,2,2,7106,8232,12,55,1126,15858.666666666666,660,0
3,2,1,68016,0,5,2630,3117,22,38,487,11336.0,836,1
9,0,0,117914,4,6,6145,13646,99,51,7501,16844.85714285714,5049,1
1,2,1,59500,4,5,13585,19014,17,58,5429,9916.666666666666,986,1
4,1,0,42861,2,1,14794,15217,46,10,423,21430.5,460,0
4,1,0,43380,2,2,10746,8658,22,64,-2088,14460.0,1408,0
6,0,1,136437,1,8,6799,9620,40,52,2821,15159.666666666666,2080,1
9,0,0,156199,4,2,9763,17952,80,85,8189,52066.333333333336,6800,1
9,0,0,116691,0,1,13101,11366,87,37,-1735,58345.5,3219,1
9,0,0,113087,4,2,7009,8537,84,9,1528,37695.666666666664,756,1
3,2,1,81948,0,4,9241,11402,32,55,2161,16389.6,1760,1
9,0,0,107432,0,3,3699,3912,41,34,213,26858.0,1394,1
9,0,2,73740,0,3,7936,10756,58,81,2820,18435.0,4698,1
9,0,0,109300,0,3,2673,2710,43,35,37,27325.0,1505,1
7,1,2,33709,2,0,12213,10006,21,5,-2207,33709.0,105,0
9,0,2,94191,0,3,6148,4783,66,67,-1365,23547.75,4422,1
9,0,0,122289,0,3,8154,6208,20,44,-1946,30572.25,880,1
6,0,1,138663,1,5,1796,2638,16,67,842,23110.5,1072,1
9,0,0,119117,4,6,3857,5319,62,40,1462,17016.714285714286,2480,1
3,2,1,86176,0,3,2165,3577,14,32,1412,21544.0,448,1
3,2,1,212218,1,8,3176,5411,8,58,2235,23579.777777777777,464,1
8,1,2,42327,0,0,2345,3082,40,42,737,42327.0,1680,0
4,2,2,88959,0,2,7412,9729,40,39,2317,29653.0,1560,2
0,0,2,96619,3,6,8909,12122,4,53,3213,13802.714285714286,212,1
9,0,0,121522,4,1,8163,5893,70,32,-2270,60761.0,2240,1
1,2,1,58504,4,6,9895,8622,36,16,-1273,8357.714285714286,576,1
8,1,2,46801,0,0,2486,2425,31,51,-61,46801.0,1581,0
9,0,2,77484,0,3,7831,6476,81,60,-1355,19371.0,4860,1
6,0,1,148612,1,7,11442,16113,28,42,4671,18576.5,1176,1
2,0,2,71644,0,3,5531,6633,29,55,1102,17911.0,1595,0
3,2,1,156107,1,8,1305,2539,47,32,1234,17345.222222222223,1504,1
0,0,2,96632,3,3,9983,8861,25,42,-1122,24158.0,1050,1
9,0,0,151206,4,3,2807,3900,69,44,1093,37801.5,3036,1
2,0,2,67348,0,4,8860,8547,18,71,-313,13469.6,1278,0
0,0,2,87496,3,7,2048,1594,6,53,-454,10937.0,318,1
2,0,2,79888,0,2,5165,6831,57,31,1666,26629.333333333332,1767,0
9,0,2,67680,0,5,7901,12969,100,45,5068,11280.0,4500,1
3,2,1,88391,0,3,4598,3435,59,5,-1163,22097.75,295,1
8,1,2,42357,0,4,8207,5889,14,48,-2318,8471.4,672,0
9,0,0,105291,0,3,2822,4678,71,48,1856,26322.75,3408,1
4,1,0,42890,2,0,13458,16227,27,28,2769,42890.0,756,0
3,2,1,80714,0,3,8911,16004,19,73,7093,20178.5,1387,1
6,0,1,125022,1,6,3558,6717,37,18,3159,17860.285714285714,666,1
9,0,0,138034,4,3,14163,18449,72,39,4286,34508.5,2808,1
3,2,1,91615,0,4,2011,3147,5,61,1136,18323.0,305,1
6,0,1,144250,1,4,13945,17809,23,5,3864,28850.0,115,1
1,2,1,53168,4,3,14054,19130,42,28,5076,13292.0,1176,1
9,0,0,128601,0,4,10793,11472,50,51,679,25720.2,2550,2
2,0,2,72589,0,1,9010,7475,28,63,-1535,36294.5,1764,0
9,0,0,178845,4,5,9880,15679,66,86,5799,29807.5,5676,1
7,1,2,30723,2,3,12534,15131,36,52,2597,7680.75,1872,0
4,2,2,90803,0,6,12480,18811,45,29,6331,12971.857142857143,1305,2
5,0,2,57300,0,4,4331,4217,47,27,-114,11460.0,1269,1
0,0,2,68634,3,4,14038,12376,37,43,-1662,13726.8,1591,1
0,0,2,85491,3,4,13976,12321,63,63,-1655,17098.2,3969,1
9,0,2,103219,0,3,14862,16084,86,45,1222,25804.75,3870,1
0,0,2,86729,3,5,8942,6442,12,73,-2500,14454.833333333334,876,2
1,2,1,54594,4,4,11666,11209,54,65,-457,10918.8,3510,1
8,1,2,27214,0,2,977,1133,9,57,156,9071.333333333334,513,0
9,0,2,103200,0,4,9878,8375,75,29,-1503,20640.0,2175,1
4,1,0,45613,2,4,875,745,40,45,-130,9122.6,1800,0
4,2,2,75674,0,5,12014,10200,34,31,-1814,12612.333333333334,1054,2
1,2,1,70391,4,6,12283,16974,44,75,4691,10055.857142857143,3300,1
8,1,2,35647,0,0,11653,11421,13,55,-232,35647.0,715,0
5,0,2,65301,0,3,8336,10684,61,50,2348,16325.25,3050,1
8,1,2,42461,0,3,14605,17018,30,65,2413,10615.25,1950,0
9,0,2,76926,0,6,7136,8213,57,32,1077,10989.42857142857,1824,1
4,2,2,93719,0,5,13731,11153,12,60,-2578,15619.833333333334,720,1
0,0,2,85817,3,4,13482,13647,18,66,165,17163.4,1188,2
7,1,2,29487,2,0,13026,12098,9,47,-928,29487.0,423,0
8,1,2,30843,0,5,9357,12926,23,72,3569,5140.5,1656,0
9,0,0,110644,0,0,11295,13011,76,44,1716,110644.0,3344,1
9,0,0,146492,4,7,4168,4653,43,59,485,18311.5,2537,1
7,1,2,26893,2,1,11540,13054,56,41,1514,13446.5,2296,0
9,0,0,90709,0,3,6944,11339,94,68,4395,22677.25,6392,1
9,0,0,128270,4,5,13235,16215,62,46,2980,21378.333333333332,2852,1
1,2,1,44002,4,5,7828,10672,25,48,2844,7333.666666666667,1200,1
3,2,1,76360,0,3,4840,8097,29,67,3257,19090.0,1943,1
3,2,1,172068,1,7,2963,7001,24,65,4038,21508.5,1560,1
1,2,1,46293,4,5,11170,12886,29,29,1716,7715.5,841,1
9,0,0,135329,0,3,9849,16106,69,53,6257,33832.25,3657,1
7,1,2,27642,2,2,9803,7266,51,45,-2537,9214.0,2295,0
5,0,2,70611,0,3,12869,11395,26,15,-1474,17652.75,390,1
9,0,0,127340,4,6,9634,14826,52,94,5192,18191.428571428572,4888,1
1,2,1,64089,4,5,13157,13408,43,29,251,10681.5,1247,1
9,0,2,85831,0,2,7544,6160,36,38,-1384,28610.333333333332,1368,1
3,2,1,144579,1,8,9377,22490,23,54,13113,16064.333333333334,1242,1
4,2,2,105357,0,2,9457,8601,56,41,-856,35119.0,2296,1
9,0,0,95498,4,3,2578,1814,77,53,-764,23874.5,4081,1
0,0,2,84425,3,6,5921,5117,42,34,-804,12060.714285714286,1428,1
3,2,1,168050,1,8,11834,15893,14,64,4059,18672.222222222223,896,1
3,2,1,76752,0,5,14291,11694,23,49,-2597,12792.0,1127,1
8,1,2,41031,0,0,12283,12997,22,23,714,41031.0,506,0
4,1,0,50937,2,3,11828,14988,18,30,3160,12734.25,540,0
1,2,1,53099,4,5,5281,7182,17,63,1901,8849.833333333334,1071,1
2,0,2,75573,0,5,14958,23345,16,56,8387,12595.5,896,0
7,1,2,31400,2,1,14363,16511,92,51,2148,15700.0,4692,0
1,2,1,65658,4,3,9569,11494,33,30,1925,16414.5,990,1
3,2,1,103633,0,4,1876,2169,27,40,293,20726.6,1080,1
7,1,2,37130,2,0,7903,9168,43,54,1265,37130.0,2322,0
1,2,1,52003,4,7,8001,9475,45,42,1474,6500.375,1890,1
4,1,0,43439,2,3,11228,11746,38,38,518,10859.75,1444,0
9,0,0,91337,0,3,6348,8723,91,54,2375,22834.25,4914,2
9,0,2,98459,0,4,9412,6906,91,16,-2506,19691.8,1456,1
5,0,2,70083,0,4,6897,10554,78,33,3657,14016.6,2574,1
9,0,2,86095,0,7,9335,10853,66,7,1518,10761.875,462,1
9,0,0,143117,4,2,10585,17343,55,73,6758,47705.666666666664,4015,1
2,0,2,71978,0,2,6733,5948,14,33,-785,23992.666666666668,462,0
3,2,1,210688,1,6,1540,2445,53,21,905,30098.285714285714,1113,1
5,0,2,70170,0,3,10501,12036,22,36,1535,17542.5,792,1
5,0,2,81003,0,3,6799,7460,4,23,661,20250.75,92,1
9,0,0,138576,4,5,14541,29280,100,61,14739,23096.0,6100,1
3,2,1,209453,1,6,7651,15160,39,88,7509,29921.85714285714,3432,1
5,0,2,71464,0,1,12272,19590,35,51,7318,35732.0,1785,1
0,0,2,79205,3,4,14165,10683,26,58,-3482,15841.0,1508,2
7,1,2,25000,2,3,8956,11050,42,74,2094,6250.0,3108,0
9,0,2,110968,0,4,8592,12075,38,22,3483,22193.6,836,1
4,2,2,109277,0,5,11039,11211,28,51,172,18212.833333333332,1428,2
7,1,2,29494,2,4,11666,8392,44,17,-3274,5898.8,748,0
9,0,0,122438,4,2,7030,13027,79,14,5997,40812.666666666664,1106,1
3,2,1,84012,0,1,10743,17023,54,18,6280,42006.0,972,1
7,1,2,35058,2,2,1349,953,27,74,-396,11686.0,1998,0
6,0,1,141056,1,9,989,791,30,42,-198,14105.6,1260,1
4,2,2,92724,0,5,6892,7099,82,79,207,15454.0,6478,2
4,1,0,37553,2,2,10650,13375,40,44,2725,12517.666666666666,1760,0
3,2,1,84745,0,5,7981,14116,51,35,6135,14124.166666666666,1785,1
9,0,0,107206,4,3,1001,1138,64,27,137,26801.5,1728,1
9,0,0,128855,4,4,5080,6952,70,52,1872,25771.0,3640,1
9,0,0,128224,4,3,13252,25529,52,32,12277,32056.0,1664,1
0,0,2,93417,3,3,6636,5742,34,18,-894,23354.25,612,1
2,0,2,65897,0,4,3490,3638,15,60,148,13179.4,900,2
8,1,2,39001,0,2,8047,10633,30,27,2586,13000.333333333334,810,0
8,1,2,31493,0,3,3713,2956,38,32,-757,7873.25,1216,0
7,1,2,33404,2,0,14040,10764,52,45,-3276,33404.0,2340,0
2,0,2,73930,0,0,3542,3918,8,43,376,73930.0,344,0
3,2,1,57175,0,3,2680,3867,42,72,1187,14293.75,3024,1
4,1,0,54625,2,2,9938,9729,52,47,-209,18208.333333333332,2444,0
4,2,2,100581,0,5,6912,11130,32,20,4218,16763.5,640,1
0,0,2,84685,3,6,3687,3589,12,27,-98,12097.857142857143,324,2
6,0,1,138020,1,5,9881,15805,25,56,5924,23003.333333333332,1400,1
7,1,2,27376,2,1,7133,8832,25,31,1699,13688.0,775,0
2,0,2,73620,0,4,1804,2657,12,34,853,14724.0,408,0
9,0,0,140354,4,3,9233,14085,100,36,4852,35088.5,3600,1
4,1,0,48817,2,0,8418,7502,46,39,-916,48817.0,1794,0
6,0,1,153630,1,5,6125,6472,45,27,347,25605.0,1215,1
9,0,0,124433,4,2,9928,7504,85,46,-2424,41477.666666666664,3910,1
8,1,2,29717,0,0,10152,8375,6,40,-1777,29717.0,240,0
0,0,2,96059,3,5,11880,18789,52,75,6909,16009.833333333334,3900,1
7,1,2,32432,2,3,9179,9358,33,5,179,8108.0,165,0
4,2,2,91795,0,3,11746,19682,23,21,7936,22948.75,483,2
9,0,0,89126,0,1,4162,7260,68,59,3098,44563.0,4012,1
9,0,0,136779,0,2,9673,10341,94,37,668,45593.0,3478,2
7,1,2,36060,2,0,6493,4717,25,69,-1776,36060.0,1725,0
3,2,1,84891,0,3,8522,10506,27,45,1984,21222.75,1215,1
2,0,2,75152,0,4,6828,5236,20,32,-1592,15030.4,640,0
7,1,2,30704,2,0,756,919,30,24,163,30704.0,720,0
7,1,2,32586,2,1,12886,15469,52,50,2583,16293.0,2600,0
4,2,2,108736,0,3,11642,10569,37,60,-1073,27184.0,2220,1
0,0,2,91448,3,6,4787,6817,33,44,2030,13064.0,1452,1
9,0,0,142388,4,5,3681,3154,84,31,-527,23731.333333333332,2604,1
3,2,1,83381,0,3,10710,20279,50,63,9569,20845.25,3150,1
6,0,1,116238,1,6,11566,21846,29,36,10280,16605.428571428572,1044,1
0,0,2,89083,3,5,9952,16211,74,63,6259,14847.166666666666,4662,1
6,0,1,160667,1,7,14137,25553,29,39,11416,20083.375,1131,1
6,0,1,154334,1,6,8384,7846,54,11,-538,22047.714285714286,594,1
5,0,2,56983,0,2,3200,5115,45,31,1915,18994.333333333332,1395,1
9,0,2,84143,0,4,9044,14771,76,50,5727,16828.6,3800,1
3,2,1,179435,1,7,4366,10666,27,15,6300,22429.375,405,1
4,2,2,98111,0,4,1117,1110,33,34,-7,19622.2,1122,2
0,0,2,93418,3,1,6467,7167,17,57,700,46709.0,969,1
8,1,2,39516,0,0,5539,4015,54,40,-1524,39516.0,2160,0
7,1,2,36296,2,0,5311,6382,36,55,1071,36296.0,1980,0
9,0,0,123024,0,1,5853,8201,63,23,2348,61512.0,1449,1
9,0,2,106812,0,1,2256,1748,71,32,-508,53406.0,2272,2
4,1,0,48706,2,0,3342,3681,43,47,339,48706.0,2021,0
3,2,1,201401,1,5,4013,9456,42,53,5443,33566.833333333336,2226,1
5,0,2,68036,0,1,12424,11527,45,36,-897,34018.0,1620,1
9,0,0,102621,0,3,4401,5919,100,36,1518,25655.25,3600,1
5,0,2,63771,0,5,14451,13445,13,20,-1006,10628.5,260,1
9,0,0,124248,4,2,763,972,90,66,209,41416.0,5940,1
2,0,2,64179,0,2,14370,21978,32,42,7608,21393.0,1344,0
4,1,0,43889,2,1,14660,14882,0,50,222,21944.5,0,0
2,0,2,83892,0,2,13111,10678,21,55,-2433,27964.0,1155,0
9,0,0,129123,4,3,13219,13278,83,26,59,32280.75,2158,1
9,0,0,136382,4,4,7981,13248,67,31,5267,27276.4,2077,1
3,2,1,177955,1,8,9170,10298,19,62,1128,19772.777777777777,1178,1
4,1,0,49524,2,3,10194,11464,69,18,1270,12381.0,1242,0
5,0,2,66005,0,2,9699,6910,10,54,-2789,22001.666666666668,540,1
3,2,1,177789,1,7,12501,27103,8,85,14602,22223.625,680,1
4,2,2,104767,0,5,8331,11715,46,28,3384,17461.166666666668,1288,2
2,0,2,61010,0,6,6414,5161,39,41,-1253,8715.714285714286,1599,0
9,0,2,83274,0,4,14339,23189,73,61,8850,16654.8,4453,1
1,2,1,56404,4,5,9639,13583,57,61,3944,9400.666666666666,3477,1
8,1,2,38923,0,2,3167,3192,58,51,25,12974.333333333334,2958,0
6,0,1,155561,1,6,5921,6597,13,38,676,22223.0,494,1
4,2,2,72007,0,2,13761,16269,28,45,2508,24002.333333333332,1260,1
8,1,2,39616,0,1,1456,1168,32,51,-288,19808.0,1632,0
0,0,2,101133,3,4,13163,9699,22,19,-3464,20226.6,418,1
1,2,1,58679,4,6,7307,10358,36,33,3051,8382.714285714286,1188,1
1,2,1,53744,4,3,7745,10167,17,26,2422,13436.0,442,1
2,0,2,75582,0,4,14632,22567,28,55,7935,15116.4,1540,0
9,0,0,150328,4,1,8572,17897,82,23,9325,75164.0,1886,1
1,2,1,59732,4,6,6026,8566,34,27,2540,8533.142857142857,918,1
1,2,1,55094,4,2,10857,9958,40,54,-899,18364.666666666668,2160,1
4,1,0,43134,2,0,10139,11060,36,47,921,43134.0,1692,0
7,1,2,34448,2,1,13551,10275,10,64,-3276,17224.0,640,0
4,2,2,93644,0,3,12176,13659,45,31,1483,23411.0,1395,2
2,0,2,66893,0,3,3412,2907,47,31,-505,16723.25,1457,0
9,0,0,144158,4,5,5489,6269,70,58,780,24026.333333333332,4060,1
6,0,1,136180,1,4,2444,3228,23,41,784,27236.0,943,1
4,2,2,104403,0,5,11857,9214,63,48,-2643,17400.5,3024,2
7,1,2,27881,2,1,916,662,42,56,-254,13940.5,2352,0
6,0,1,155773,1,3,14442,14703,35,38,261,38943.25,1330,1
6,0,1,122879,1,5,1145,1466,20,56,321,20479.833333333332,1120,1
9,0,0,115148,4,6,13633,12545,72,49,-1088,16449.714285714286,3528,1
7,1,2,27092,2,2,10972,8882,24,47,-2090,9030.666666666666,1128,0
3,2,1,169641,1,7,11106,18820,44,13,7714,21205.125,572,1
9,0,0,123636,0,1,4373,7873,84,32,3500,61818.0,2688,2
3,2,1,93956,0,2,14874,11021,25,6,-3853,31318.666666666668,150,1
4,2,2,72500,0,5,5840,6701,23,34,861,12083.333333333334,782,1
9,0,0,90987,0,4,3913,6556,63,11,2643,18197.4,693,1
7,1,2,28881,2,0,6069,5265,41,5,-804,28881.0,205,0
9,0,0,133119,4,4,9048,11781,52,55,2733,26623.8,2860,1
3,2,1,103060,0,1,10871,19981,33,51,9110,51530.0,1683,1
1,2,1,59520,4,1,12593,13392,62,44,799,29760.0,2728,1
3,2,1,78145,0,3,2144,2796,31,31,652,19536.25,961,1
2,0,2,73900,0,3,5159,6788,20,24,1629,18475.0,480,2
1,2,1,53011,4,4,10607,11851,31,75,1244,10602.2,2325,1
8,1,2,39896,0,2,10108,8622,34,24,-1486,13298.666666666666,816,0
4,1,0,41656,2,0,8538,6915,22,36,-1623,41656.0,792,0
5,0,2,56874,0,4,14432,20953,25,55,6521,11374.8,1375,2
8,1,2,42014,0,0,7856,7924,56,62,68,42014.0,3472,0
4,1,0,39853,2,1,5295,4974,30,20,-321,19926.5,600,0
9,0,0,123498,4,5,12737,25994,52,31,13257,20583.0,1612,1
9,0,0,146558,4,4,6501,9869,77,32,3368,29311.6,2464,1
4,1,0,42185,2,1,12029,13646,79,51,1617,21092.5,4029,2
6,0,1,96349,1,8,6542,4870,37,13,-1672,10705.444444444445,481,1
9,0,2,74888,0,3,1640,2010,62,57,370,18722.0,3534,1
9,0,2,99188,0,4,13695,16432,61,46,2737,19837.6,2806,1
4,1,0,40422,2,0,9402,9123,11,41,-279,40422.0,451,0
4,1,0,43298,2,2,2690,2851,51,73,161,14432.666666666666,3723,0
0,0,2,92767,3,4,1530,2519,25,28,989,18553.4,700,1
9,0,2,78388,0,4,10438,11341,94,47,903,15677.6,4418,1
6,0,1,148250,1,9,14281,18654,24,36,4373,14825.0,864,1
3,2,1,85021,0,6,5494,10729,28,39,5235,12145.857142857143,1092,1
9,0,0,131871,0,3,1466,2549,55,64,1083,32967.75,3520,1
4,1,0,50102,2,3,632,731,58,6,99,12525.5,348,0
1,2,1,43318,4,4,4509,6187,52,55,1678,8663.6,2860,1
2,0,2,77242,0,2,8520,12660,33,36,4140,25747.333333333332,1188,0
9,0,2,102171,0,3,12256,20641,77,31,8385,25542.75,2387,1
5,0,2,71615,0,2,6152,6137,28,26,-15,23871.666666666668,728,2
1,2,1,53721,4,2,3204,2398,61,63,-806,17907.0,3843,1
8,1,2,27567,0,1,8998,9376,56,45,378,13783.5,2520,0
3,2,1,77446,0,3,7971,7623,49,15,-348,19361.5,735,1
4,2,2,82312,0,3,3460,4262,56,69,802,20578.0,3864,2
5,0,2,65768,0,1,8106,8604,46,77,498,32884.0,3542,1
2,0,2,82709,0,3,12736,12092,64,68,-644,20677.25,4352,2
1,2,1,46670,4,4,10784,9404,38,62,-1380,9334.0,2356,1
5,0,2,69232,0,1,2722,2662,8,42,-60,34616.0,336,2
9,0,0,101064,4,6,14635,11901,63,37,-2734,14437.714285714286,2331,1
9,0,0,133083,4,2,5831,6760,55,32,929,44361.0,1760,1
3,2,1,158561,1,9,1978,2705,38,32,727,15856.1,1216,1
0,0,2,107574,3,3,13206,11202,67,94,-2004,26893.5,6298,1
8,1,2,41799,0,0,11275,8394,62,58,-2881,41799.0,3596,0
9,0,2,95945,0,4,12453,17769,47,45,5316,19189.0,2115,1
8,1,2,42788,0,0,1369,1739,23,39,370,42788.0,897,0
0,0,2,98329,3,4,3476,5164,39,25,1688,19665.8,975,2
9,0,0,121695,0,3,11074,7892,53,43,-3182,30423.75,2279,1
9,0,0,157162,4,6,1537,2039,39,80,502,22451.714285714286,3120,1
3,2,1,69853,0,3,4023,5403,20,37,1380,17463.25,740,1
5,0,2,60957,0,4,13397,14813,22,49,1416,12191.4,1078,1
6,0,1,130279,1,7,9748,15809,0,61,6061,16284.875,0,1
9,0,0,144536,4,4,14227,18366,64,44,4139,28907.2,2816,1
7,1,2,33160,2,1,3478,4098,12,37,620,16580.0,444,0
9,0,0,154380,4,5,9947,8833,100,61,-1114,25730.0,6100,1
6,0,1,163393,1,8,10573,14715,18,65,4142,18154.777777777777,1170,1
4,1,0,47532,2,0,7249,5730,49,43,-1519,47532.0,2107,0
9,0,0,97850,0,1,12506,18951,82,59,6445,48925.0,4838,1
4,2,2,92772,0,3,5856,4129,24,54,-1727,23193.0,1296,1
9,0,0,108092,0,5,10991,9874,52,42,-1117,18015.333333333332,2184,2
9,0,2,87188,0,3,9562,11941,43,48,2379,21797.0,2064,1
9,0,0,148286,4,3,4374,6439,56,64,2065,37071.5,3584,1
7,1,2,32750,2,1,11203,11969,36,28,766,16375.0,1008,0
4,1,0,46984,2,0,4506,4064,80,69,-442,46984.0,5520,0
0,0,2,84332,3,5,9350,11263,38,52,1913,14055.333333333334,1976,1
7,1,2,26084,2,3,9608,9179,40,43,-429,6521.0,1720,0
2,0,2,59111,0,2,7346,10239,56,52,2893,19703.666666666668,2912,0
5,0,2,57985,0,2,12374,16250,30,29,3876,19328.333333333332,870,1
4,1,0,44829,2,0,12684,9130,38,40,-3554,44829.0,1520,0
9,0,2,89691,0,3,3147,3949,70,21,802,22422.75,1470,2
2,0,2,68274,0,3,4549,5800,3,52,1251,17068.5,156,2
3,2,1,183050,1,8,5949,9106,51,38,3157,20338.88888888889,1938,1
0,0,2,89400,3,2,4659,5496,15,62,837,29800.0,930,1
4,2,2,105818,0,3,13196,18192,11,50,4996,26454.5,550,1
3,2,1,215363,1,7,12222,28264,29,51,16042,26920.375,1479,1
9,0,0,148874,4,2,7820,13882,70,51,6062,49624.666666666664,3570,1
0,0,2,99031,3,5,14392,22407,50,30,8015,16505.166666666668,1500,1
5,0,2,84321,0,3,544,792,38,50,248,21080.25,1900,2
3,2,1,206733,1,9,3356,5057,12,20,1701,20673.3,240,1
9,0,0,105155,0,4,3155,5907,65,49,2752,21031.0,3185,1
7,1,2,36909,2,0,4538,4102,23,18,-436,36909.0,414,0
5,0,2,63928,0,3,12947,18140,28,38,5193,15982.0,1064,1
6,0,1,128077,1,7,8654,13152,9,29,4498,16009.625,261,1
9,0,2,81154,0,4,8533,14357,77,75,5824,16230.8,5775,1
9,0,0,148496,4,3,9995,21034,68,51,11039,37124.0,3468,1
6,0,1,133577,1,8,9002,6983,39,36,-2019,14841.888888888889,1404,1
9,0,0,130939,4,4,2945,4253,74,23,1308,26187.8,1702,1
4,2,2,92486,0,3,11562,16942,20,77,5380,23121.5,1540,2
9,0,0,133212,4,4,13496,20960,100,58,7464,26642.4,5800,1
8,1,2,31830,0,0,12447,12297,17,36,-150,31830.0,612,2
1,2,1,59693,4,2,3587,3603,46,55,16,19897.666666666668,2530,1
9,0,0,130034,4,1,14973,27293,77,21,12320,65017.0,1617,1
2,0,2,74086,0,1,12968,18891,2,55,5923,37043.0,110,0
5,0,2,63134,0,3,10438,13297,73,41,2859,15783.5,2993,1
1,2,1,49052,4,3,8748,9481,43,35,733,12263.0,1505,1
0,0,2,79871,3,4,9821,10063,0,57,242,15974.2,0,1
7,1,2,30917,2,0,11700,9480,35,51,-2220,30917.0,1785,0
4,1,0,46487,2,1,12623,8858,40,35,-3765,23243.5,1400,0
3,2,1,85422,0,1,8926,12283,19,49,3357,42711.0,931,1
9,0,0,124263,4,8,4379,5649,66,65,1270,13807.0,4290,1
8,1,2,39157,0,2,1497,1947,17,43,450,13052.333333333334,731,0
9,0,2,113631,0,6,784,1170,62,30,386,16233.0,1860,1
2,0,2,75847,0,0,4371,3408,60,37,-963,75847.0,2220,0
3,2,1,74568,0,3,1843,3481,29,19,1638,18642.0,551,1
0,0,2,72093,3,5,13512,13695,30,27,183,12015.5,810,1
7,1,2,31270,2,0,2293,1896,51,52,-397,31270.0,2652,0
9,0,0,114791,0,2,6183,9581,93,39,3398,38263.666666666664,3627,1
9,0,2,89048,0,4,14786,20604,56,53,5818,17809.6,2968,1
6,0,1,155463,1,6,14714,27578,36,59,12864,22209.0,2124,1
9,0,0,111240,4,5,13262,16791,83,24,3529,18540.0,1992,1
3,2,1,68719,0,3,9956,8507,38,28,-1449,17179.75,1064,1
4,2,2,95083,0,3,12456,14413,57,62,1957,23770.75,3534,2
4,1,0,55064,2,1,6205,4595,27,26,-1610,27532.0,702,0
9,0,0,114467,0,0,5460,8051,57,22,2591,114467.0,1254,1
5,0,2,78710,0,2,5041,4834,0,62,-207,26236.666666666668,0,2
9,0,2,84372,0,3,1428,1933,89,34,505,21093.0,3026,1
0,0,2,76757,3,4,3716,5919,68,55,2203,15351.4,3740,1
3,2,1,201130,1,5,7308,17198,53,75,9890,33521.666666666664,3975,1
9,0,0,98511,0,2,3947,4861,82,43,914,32837.0,3526,2
5,0,2,67830,0,2,2022,2952,10,35,930,22610.0,350,1
9,0,0,120486,0,4,2878,5360,78,57,2482,24097.2,4446,1
9,0,0,118792,4,5,10875,20703,60,58,9828,19798.666666666668,3480,1
4,1,0,44361,2,2,2986,3006,40,50,20,14787.0,2000,0
9,0,2,105730,0,5,3078,3460,57,42,382,17621.666666666668,2394,1
0,0,2,71189,3,5,11752,13498,40,47,1746,11864.833333333334,1880,1
8,1,2,48686,0,3,8144,9383,32,6,1239,12171.5,192,0
9,0,0,112520,4,6,2386,2238,68,5,-148,16074.285714285714,340,1
4,2,2,79564,0,1,12722,18702,17,40,5980,39782.0,680,1
9,0,0,102437,0,1,2346,1645,68,55,-701,51218.5,3740,2
8,1,2,30789,0,0,2212,3031,54,54,819,30789.0,2916,0
6,0,1,122624,1,4,3460,4656,5,52,1196,24524.8,260,1
9,0,0,106469,0,2,10617,11842,70,21,1225,35489.666666666664,1470,1
5,0,2,56910,0,2,2728,2878,21,51,150,18970.0,1071,1
3,2,1,73242,0,3,12666,23601,26,8,10935,18310.5,208,1
4,2,2,91753,0,3,7670,12551,20,29,4881,22938.25,580,1
9,0,2,97067,0,3,10706,8788,81,18,-1918,24266.75,1458,1
9,0,0,144643,4,2,5310,6102,48,32,792,48214.333333333336,1536,1
9,0,2,106766,0,4,7568,9095,65,31,1527,21353.2,2015,1
7,1,2,28087,2,4,3914,3613,33,18,-301,5617.4,594,0
9,0,0,105913,4,3,11318,9687,41,31,-1631,26478.25,1271,1
5,0,2,55033,0,2,11159,8883,27,20,-2276,18344.333333333332,540,1
4,2,2,87669,0,2,9035,7445,45,47,-1590,29223.0,2115,1
9,0,0,113865,4,5,13023,26169,96,69,13146,18977.5,6624,1
9,0,0,149665,4,5,2145,3362,66,53,1217,24944.166666666668,3498,1
2,0,2,60858,0,4,872,787,10,71,-85,12171.6,710,0
3,2,1,70749,0,2,6968,8143,8,36,1175,23583.0,288,1
9,0,0,145654,4,6,6023,4460,73,60,-1563,20807.714285714286,4380,1
3,2,1,178588,1,5,11394,9485,21,36,-1909,29764.666666666668,756,1
9,0,0,135311,4,5,2959,5439,71,49,2480,22551.833333333332,3479,1
2,0,2,67773,0,5,6653,8599,42,27,1946,11295.5,1134,2
9,0,0,129921,4,5,14262,11529,88,31,-2733,21653.5,2728,1
9,0,2,69526,0,0,11979,16441,70,27,4462,69526.0,1890,1
7,1,2,31716,2,0,12322,10066,40,35,-2256,31716.0,1400,0
0,0,2,86770,3,5,13459,14498,59,47,1039,14461.666666666666,2773,1
4,2,2,80986,0,3,12658,17318,38,56,4660,20246.5,2128,1
4,2,2,92555,0,2,4016,4267,15,54,251,30851.666666666668,810,1
3,2,1,177376,1,9,6156,10136,38,46,3980,17737.6,1748,1
4,2,2,92289,0,4,11879,17591,49,59,5712,18457.8,2891,2
5,0,2,78631,0,2,13992,13280,42,50,-712,26210.333333333332,2100,2
4,2,2,97419,0,1,2092,3269,50,54,1177,48709.5,2700,1
5,0,2,62769,0,3,2443,2080,38,49,-363,15692.25,1862,1
2,0,2,71389,0,2,3625,4373,30,42,748,23796.333333333332,1260,0
6,0,1,102001,1,8,6382,4503,16,36,-1879,11333.444444444445,576,1
7,1,2,31425,2,1,9341,10276,14,40,935,15712.5,560,0
8,1,2,48296,0,3,5528,6206,41,41,678,12074.0,1681,0
9,0,2,97188,0,4,14366,12606,61,48,-1760,19437.6,2928,2
2,0,2,80669,0,4,1727,1707,52,50,-20,16133.8,2600,0
9,0,0,133588,4,2,2807,3605,100,33,798,44529.333333333336,3300,1
6,0,1,141877,1,9,1381,2194,18,60,813,14187.7,1080,1
9,0,0,100828,0,1,6428,7569,70,37,1141,50414.0,2590,1
9,0,0,124516,4,3,8353,14572,53,29,6219,31129.0,1537,1
1,2,1,63585,4,3,8607,10904,32,20,2297,15896.25,640,1
9,0,0,116114,4,3,3225,5206,32,54,1981,29028.5,1728,1
3,2,1,153669,1,7,1507,1208,5,47,-299,19208.625,235,1
4,1,0,44156,2,0,12321,9187,64,54,-3134,44156.0,3456,0
8,1,2,32526,0,5,7482,8022,3,29,540,5421.0,87,0
9,0,0,137097,4,5,7255,11031,77,63,3776,22849.5,4851,1
9,0,0,156742,4,4,2572,3305,58,5,733,31348.4,290,1
1,2,1,51018,4,4,11151,14365,51,24,3214,10203.6,1224,1
7,1,2,32177,2,0,5733,5655,33,55,-78,32177.0,1815,0
0,0,2,70588,3,6,3098,4765,31,54,1667,10084.0,1674,1
9,0,2,88803,0,2,11988,17528,60,68,5540,29601.0,4080,1
9,0,0,147395,4,1,4591,7101,47,19,2510,73697.5,893,1
9,0,0,98955,0,1,776,1444,83,66,668,49477.5,5478,2
7,1,2,31968,2,0,7144,7946,70,77,802,31968.0,5390,0
3,2,1,175034,1,8,13089,18061,22,34,4972,19448.222222222223,748,1
7,1,2,25000,2,2,7433,7279,29,32,-154,8333.333333333334,928,0
3,2,1,173233,1,7,1563,1835,27,47,272,21654.125,1269,1
5,0,2,63748,0,2,10168,9821,31,55,-347,21249.333333333332,1705,2
7,1,2,25000,2,1,5170,4037,25,27,-1133,12500.0,675,0
0,0,2,91287,3,4,3325,3353,20,23,28,18257.4,460,1
2,0,2,66590,0,3,8357,7373,31,67,-984,16647.5,2077,2
9,0,0,131460,4,4,14209,13939,70,43,-270,26292.0,3010,1
5,0,2,67402,0,0,7613,10868,39,43,3255,67402.0,1677,1
9,0,0,127775,0,0,1222,1723,53,5,501,127775.0,265,2
9,0,0,141053,4,3,13101,25384,37,18,12283,35263.25,666,1
4,2,2,90479,0,5,13338,14268,16,50,930,15079.833333333334,800,2
9,0,0,105686,0,2,1134,1533,36,50,399,35228.666666666664,1800,1
9,0,0,129754,4,5,13707,15796,61,32,2089,21625.666666666668,1952,1
1,2,1,46319,4,4,4265,3158,29,42,-1107,9263.8,1218,1
5,0,2,63325,0,0,7031,6250,32,60,-781,63325.0,1920,1
4,2,2,88881,0,4,1974,2012,17,27,38,17776.2,459,1
9,0,0,103935,4,3,7443,14044,66,39,6601,25983.75,2574,1
9,0,0,106963,4,5,9419,18798,60,32,9379,17827.166666666668,1920,1
1,2,1,65714,4,6,2096,1910,36,52,-186,9387.714285714286,1872,1
5,0,2,65810,0,2,2259,3602,69,37,1343,21936.666666666668,2553,1
3,2,1,148981,1,9,999,2357,14,51,1358,14898.1,714,1
7,1,2,26660,2,0,12039,12481,10,37,442,26660.0,370,0
5,0,2,53784,0,2,1883,1687,40,25,-196,17928.0,1000,2
1,2,1,49531,4,5,1195,1535,9,23,340,8255.166666666666,207,1
5,0,2,72533,0,4,2165,1919,52,32,-246,14506.6,1664,1
9,0,0,132545,4,4,8068,11157,68,49,3089,26509.0,3332,1
7,1,2,31299,2,2,1805,1437,21,58,-368,10433.0,1218,0
0,0,2,93397,3,0,14757,16826,24,38,2069,93397.0,912,1
7,1,2,29249,2,0,9194,11300,32,41,2106,29249.0,1312,0
5,0,2,72299,0,1,5419,5183,36,46,-236,36149.5,1656,1
4,2,2,88916,0,3,7063,10701,41,50,3638,22229.0,2050,1
9,0,0,121314,0,0,12035,13792,72,78,1757,121314.0,5616,2
9,0,0,115472,4,6,785,1382,58,50,597,16496.0,2900,1
8,1,2,46790,0,5,3477,2740,63,11,-737,7798.333333333333,693,0
1,2,1,55173,4,2,14580,16703,41,55,2123,18391.0,2255,1
3,2,1,78655,0,4,6321,8434,29,64,2113,15731.0,1856,1
8,1,2,37418,0,2,12024,10845,12,37,-1179,12472.666666666666,444,0
3,2,1,183326,1,8,4657,4710,66,41,53,20369.555555555555,2706,1
9,0,0,159584,4,2,3851,5604,84,42,1753,53194.666666666664,3528,1
1,2,1,59440,4,6,589,645,29,41,56,8491.42857142857,1189,1
9,0,2,108118,0,3,11494,14922,29,58,3428,27029.5,1682,1
3,2,1,182574,1,5,7095,17409,10,34,10314,30429.0,340,1
0,0,2,116268,3,2,13768,16814,16,57,3046,38756.0,912,1
6,0,1,133909,1,8,4665,3939,0,17,-726,14878.777777777777,0,1
6,0,1,118472,1,8,6949,12792,47,64,5843,13163.555555555555,3008,1
0,0,2,80597,3,3,2939,4027,34,65,1088,20149.25,2210,1
7,1,2,25357,2,0,10087,8761,18,55,-1326,25357.0,990,0
1,2,1,53177,4,3,4441,4475,18,31,34,13294.25,558,1
4,1,0,54869,2,1,14487,18601,30,5,4114,27434.5,150,0
9,0,0,121459,4,0,1025,2010,56,59,985,121459.0,3304,1
2,0,2,78076,0,2,7102,5568,13,39,-1534,26025.333333333332,507,0
8,1,2,42211,0,1,2141,2366,6,51,225,21105.5,306,0
7,1,2,25956,2,0,10770,11972,32,55,1202,25956.0,1760,0
9,0,0,131931,4,6,12871,18944,83,45,6073,18847.285714285714,3735,1
4,2,2,96919,0,4,2408,1916,2,88,-492,19383.8,176,2
5,0,2,67234,0,4,10142,12254,54,79,2112,13446.8,4266,1
3,2,1,93000,0,2,8157,14015,32,38,5858,31000.0,1216,1
6,0,1,137494,1,7,4633,3443,44,49,-1190,17186.75,2156,1
9,0,0,131460,4,5,12771,11880,64,61,-891,21910.0,3904,1
3,2,1,187363,1,6,4365,10891,10,52,6526,26766.14285714286,520,1
4,2,2,83070,0,1,9544,11467,19,23,1923,41535.0,437,1
0,0,2,88952,3,7,12212,10848,43,68,-1364,11119.0,2924,1
4,2,2,83688,0,5,11967,19592,35,16,7625,13948.0,560,1
3,2,1,199863,1,8,549,798,30,68,249,22207.0,2040,1
9,0,2,80186,0,4,11439,15407,87,33,3968,16037.2,2871,1
7,1,2,26750,2,3,13352,14639,27,6,1287,6687.5,162,0
9,0,0,136255,4,2,4686,4478,62,47,-208,45418.333333333336,2914,1
3,2,1,170083,1,9,8722,13374,36,75,4652,17008.3,2700,1
4,2,2,81273,0,3,10160,8773,18,57,-1387,20318.25,1026,2
3,2,1,93071,0,5,14100,23737,45,52,9637,15511.833333333334,2340,1
0,0,2,86120,3,5,8641,10772,17,25,2131,14353.333333333334,425,1
4,2,2,87726,0,3,10430,14032,27,50,3602,21931.5,1350,2
5,0,2,64162,0,2,10967,11651,16,36,684,21387.333333333332,576,1
3,2,1,85596,0,5,1566,1973,0,54,407,14266.0,0,1
5,0,2,61342,0,1,10171,8050,30,73,-2121,30671.0,2190,1
3,2,1,77504,0,6,2470,2985,44,10,515,11072.0,440,1
8,1,2,41323,0,0,10379,12592,16,26,2213,41323.0,416,0
4,1,0,40183,2,3,5294,5327,53,44,33,10045.75,2332,0
8,1,2,52544,0,1,6758,4747,31,50,-2011,26272.0,1550,0
9,0,0,117040,4,6,4043,3789,94,59,-254,16720.0,5546,1
2,0,2,64830,0,3,1304,1465,63,20,161,16207.5,1260,0
5,0,2,77898,0,1,9855,9563,27,38,-292,38949.0,1026,1
9,0,2,104709,0,6,4322,4462,79,38,140,14958.42857142857,3002,2
4,2,2,90432,0,4,5780,4752,37,70,-1028,18086.4,2590,2
9,0,0,141867,4,4,3955,2874,80,89,-1081,28373.4,7120,1
3,2,1,80132,0,3,10182,9975,42,51,-207,20033.0,2142,1
2,0,2,72460,0,1,10049,14374,30,35,4325,36230.0,1050,0
6,0,1,117563,1,4,2366,1775,39,57,-591,23512.6,2223,1
5,0,2,72294,0,4,13722,20607,27,47,6885,14458.8,1269,1
9,0,0,120618,0,3,12157,9649,63,41,-2508,30154.5,2583,1
9,0,0,137843,4,2,14974,11704,67,27,-3270,45947.666666666664,1809,1
0,0,2,84731,3,4,11318,9230,25,54,-2088,16946.2,1350,2
9,0,0,126354,4,3,4011,7060,79,39,3049,31588.5,3081,1
9,0,0,114169,4,2,8947,16121,42,57,7174,38056.333333333336,2394,1
0,0,2,96780,3,2,9356,9240,19,58,-116,32260.0,1102,2
9,0,0,144976,0,2,1958,2493,29,40,535,48325.333333333336,1160,1
9,0,0,115942,4,4,14279,21086,76,55,6807,23188.4,4180,1
3,2,1,84595,0,2,11401,13715,49,40,2314,28198.333333333332,1960,1
3,2,1,94660,0,3,13660,24609,65,41,10949,23665.0,2665,1
9,0,0,114985,0,6,14420,22045,69,43,7625,16426.428571428572,2967,1
4,2,2,79236,0,6,1871,2378,21,49,507,11319.42857142857,1029,2
7,1,2,31567,2,0,11712,14118,39,29,2406,31567.0,1131,0
3,2,1,173279,1,8,8904,20891,63,45,11987,19253.222222222223,2835,1
1,2,1,60672,4,8,14999,17147,18,11,2148,6741.333333333333,198,1
5,0,2,63592,0,3,2901,4075,19,42,1174,15898.0,798,1
9,0,0,98176,0,3,7781,10056,58,55,2275,24544.0,3190,1
4,1,0,38513,2,2,14201,16094,51,44,1893,12837.666666666666,2244,0
1,2,1,61816,4,5,10755,10613,32,65,-142,10302.666666666666,2080,1
2,0,2,78126,0,0,11337,9530,29,53,-1807,78126.0,1537,0
9,0,0,130477,4,1,13858,19210,80,61,5352,65238.5,4880,1
1,2,1,60143,4,1,7037,9920,10,44,2883,30071.5,440,1
2,0,2,83349,0,1,9267,11665,41,39,2398,41674.5,1599,2
9,0,0,148765,4,3,12916,15688,88,48,2772,37191.25,4224,1
5,0,2,66465,0,0,14920,12465,47,45,-2455,66465.0,2115,1
1,2,1,54208,4,6,8907,12455,48,28,3548,7744.0,1344,1
3,2,1,196121,1,6,7714,13901,5,56,6187,28017.285714285714,280,1
7,1,2,26945,2,0,7670,6130,41,40,-1540,26945.0,1640,0
1,2,1,56078,4,2,3327,3753,25,17,426,18692.666666666668,425,1
4,2,2,102281,0,2,920,1087,39,39,167,34093.666666666664,1521,1
1,2,1,55402,4,4,1267,1138,21,28,-129,11080.4,588,1
5,0,2,69241,0,2,5746,5675,11,45,-71,23080.333333333332,495,1
3,2,1,90153,0,6,2035,2307,47,42,272,12879.0,1974,1
0,0,2,82485,3,5,3595,4408,32,54,813,13747.5,1728,1
3,2,1,173974,1,8,1894,3696,26,17,1802,19330.444444444445,442,1
3,2,1,132844,1,8,7106,14443,46,38,7337,14760.444444444445,1748,1
4,2,2,93017,0,4,11116,16032,48,19,4916,18603.4,912,2
6,0,1,167282,1,6,3085,4392,36,77,1307,23897.428571428572,2772,1
6,0,1,145588,1,8,8686,12569,27,56,3883,16176.444444444445,1512,1
2,0,2,81098,0,0,13467,11504,35,37,-1963,81098.0,1295,0
3,2,1,153515,1,8,11484,22460,25,68,10976,17057.222222222223,1700,1
1,2,1,58810,4,7,8768,9915,28,42,1147,7351.25,1176,1
5,0,2,62635,0,3,12398,9689,35,33,-2709,15658.75,1155,2
3,2,1,191747,1,9,11481,24729,0,59,13248,19174.7,0,1
3,2,1,87450,0,7,10910,12430,53,68,1520,10931.25,3604,1
2,0,2,73682,0,5,1206,1058,4,48,-148,12280.333333333334,192,0
7,1,2,27846,2,2,4257,3206,21,48,-1051,9282.0,1008,0
2,0,2,75281,0,0,13451,19926,71,58,6475,75281.0,4118,0
4,2,2,93925,0,4,10018,9228,45,45,-790,18785.0,2025,2
9,0,0,123216,0,3,6309,5168,54,46,-1141,30804.0,2484,2
9,0,0,113550,4,4,8599,16433,99,51,7834,22710.0,5049,1
3,2,1,78923,0,4,4565,9121,34,28,4556,15784.6,952,1
5,0,2,64386,0,1,5154,7327,34,35,2173,32193.0,1190,1
1,2,1,61414,4,5,4172,4921,34,19,749,10235.666666666666,646,1
4,1,0,47789,2,3,6683,7090,14,39,407,11947.25,546,0
9,0,0,105255,0,2,13263,18527,51,77,5264,35085.0,3927,1
3,2,1,215998,1,7,13572,21425,82,68,7853,26999.75,5576,1
9,0,0,139694,4,5,5298,5195,66,38,-103,23282.333333333332,2508,1
6,0,1,159717,1,5,10408,18179,23,48,7771,26619.5,1104,1
4,1,0,46936,2,0,10980,10739,41,62,-241,46936.0,2542,0
0,0,2,80179,3,5,10491,11476,21,58,985,13363.166666666666,1218,1
8,1,2,47895,0,3,9458,6746,44,31,-2712,11973.75,1364,0
4,1,0,45875,2,1,4838,4646,51,30,-192,22937.5,1530,0
8,1,2,39086,0,1,919,886,42,41,-33,19543.0,1722,0
5,0,2,61125,0,1,8883,9235,60,49,352,30562.5,2940,1
9,0,0,136887,4,4,1561,1582,53,48,21,27377.4,2544,1
9,0,0,137506,4,7,3005,3697,39,59,692,17188.25,2301,1
7,1,2,30345,2,3,2174,2479,21,76,305,7586.25,1596,0
9,0,0,141433,4,4,3118,6470,68,54,3352,28286.6,3672,1
3,2,1,198004,1,8,12952,28606,47,57,15654,22000.444444444445,2679,1
0,0,2,86990,3,4,10827,17684,25,95,6857,17398.0,2375,1
2,0,2,71161,0,3,9390,8065,43,32,-1325,17790.25,1376,0
9,0,0,146252,4,4,505,721,92,51,216,29250.4,4692,1
3,2,1,170934,1,6,13432,17470,63,61,4038,24419.14285714286,3843,1
2,0,2,61124,0,2,9259,14700,21,30,5441,20374.666666666668,630,0
1,2,1,52065,4,6,11914,11744,44,68,-170,7437.857142857143,2992,1
9,0,2,86724,0,3,10561,7662,79,23,-2899,21681.0,1817,1
6,0,1,146572,1,6,7641,12782,51,51,5141,20938.85714285714,2601,1
2,0,2,72487,0,2,6974,9414,37,52,2440,24162.333333333332,1924,0
9,0,0,145537,4,4,12835,15826,40,33,2991,29107.4,1320,1
5,0,2,70879,0,2,10362,11126,20,47,764,23626.333333333332,940,1
9,0,0,118201,0,4,7461,10903,92,43,3442,23640.2,3956,1
3,2,1,189305,1,7,14148,13963,51,25,-185,23663.125,1275,1
9,0,0,125926,0,3,5413,5122,68,26,-291,31481.5,1768,1
9,0,2,83933,0,3,14093,22531,42,44,8438,20983.25,1848,2
3,2,1,167566,1,9,12897,31180,36,34,18283,16756.6,1224,1
7,1,2,25000,2,2,11332,10684,33,46,-648,8333.333333333334,1518,0
3,2,1,58492,0,3,13850,27213,63,55,13363,14623.0,3465,1
0,0,2,81002,3,4,14805,11839,39,23,-2966,16200.4,897,1
4,1,0,49450,2,0,7174,6529,33,5,-645,49450.0,165,0
9,0,2,94610,0,3,3995,6044,55,60,2049,23652.5,3300,1
4,1,0,42272,2,3,7178,5517,50,51,-1661,10568.0,2550,0
7,1,2,32450,2,0,3556,4244,51,79,688,32450.0,4029,0
9,0,0,127571,4,3,4669,6896,87,19,2227,31892.75,1653,1
1,2,1,53237,4,5,8872,7650,12,64,-1222,8872.833333333334,768,1
8,1,2,35680,0,0,5946,7968,52,47,2022,35680.0,2444,2
6,0,1,130644,1,5,3212,2479,8,58,-733,21774.0,464,1
6,0,1,147962,1,8,5061,8239,29,63,3178,16440.222222222223,1827,1
5,0,2,56025,0,2,2869,3737,39,37,868,18675.0,1443,2
9,0,0,113785,0,2,10597,7933,83,41,-2664,37928.333333333336,3403,1
8,1,2,50395,0,4,5708,5915,9,72,207,10079.0,648,0
0,0,2,90692,3,5,3666,5476,49,60,1810,15115.333333333334,2940,2
2,0,2,75282,0,4,962,790,12,43,-172,15056.4,516,0
8,1,2,35656,0,1,7087,5685,10,75,-1402,17828.0,750,0
5,0,2,60655,0,2,12879,13413,39,20,534,20218.333333333332,780,1
6,0,1,141407,1,6,12747,17517,22,90,4770,20201.0,1980,1
4,2,2,89959,0,4,8950,12603,8,48,3653,17991.8,384,2
4,1,0,45556,2,2,4738,3922,52,15,-816,15185.333333333334,780,0
1,2,1,55918,4,6,9891,9754,39,77,-137,7988.285714285715,3003,1
3,2,1,82850,0,5,1185,1272,25,68,87,13808.333333333334,1700,1
1,2,1,59776,4,7,12451,16252,60,58,3801,7472.0,3480,1
0,0,2,98514,3,4,7065,6700,29,12,-365,19702.8,348,1
0,0,2,90363,3,3,9530,11759,21,69,2229,22590.75,1449,1
9,0,0,96625,0,2,4948,3683,61,50,-1265,32208.333333333332,3050,1
5,0,2,65631,0,4,4937,7505,22,33,2568,13126.2,726,1
1,2,1,61344,4,4,14390,10199,64,43,-4191,12268.8,2752,1
4,2,2,117294,0,7,4210,5818,52,5,1608,14661.75,260,2
3,2,1,171837,1,7,3526,4174,39,59,648,21479.625,2301,1
3,2,1,84169,0,3,6669,9554,50,56,2885,21042.25,2800,1
1,2,1,63783,4,4,7417,9337,31,68,1920,12756.6,2108,1
3,2,1,105511,0,3,9321,8856,33,83,-465,26377.75,2739,1
4,2,2,80673,0,3,4579,4794,20,44,215,20168.25,880,2
8,1,2,36370,0,0,11911,11053,42,50,-858,36370.0,2100,0
1,2,1,47524,4,2,7714,10523,33,60,2809,15841.333333333334,1980,1
6,0,1,120849,1,4,8802,7294,30,34,-1508,24169.8,1020,1
3,2,1,189524,1,6,5617,13108,20,56,7491,27074.85714285714,1120,1
7,1,2,32984,2,2,6075,7328,29,43,1253,10994.666666666666,1247,0
2,0,2,84387,0,3,5637,5062,29,53,-575,21096.75,1537,0
9,0,0,100596,0,2,2533,4121,70,18,1588,33532.0,1260,2
9,0,0,135395,4,5,12335,24013,89,33,11678,22565.833333333332,2937,1
3,2,1,75227,0,4,3458,6829,7,51,3371,15045.4,357,1
0,0,2,80281,3,7,11763,19323,44,81,7560,10035.125,3564,2
7,1,2,32940,2,0,4536,3501,38,10,-1035,32940.0,380,0
6,0,1,122779,1,5,11883,21508,39,47,9625,20463.166666666668,1833,1
7,1,2,27500,2,0,2357,2214,51,54,-143,27500.0,2754,0
5,0,2,72086,0,2,1787,2679,55,5,892,24028.666666666668,275,1
3,2,1,105398,0,3,12430,24195,17,13,11765,26349.5,221,1
9,0,2,116474,0,1,14140,15426,80,52,1286,58237.0,4160,1
1,2,1,49262,4,4,12832,11039,45,67,-1793,9852.4,3015,1
4,2,2,92153,0,4,6969,7879,14,70,910,18430.6,980,2
8,1,2,31830,0,4,5650,6895,65,36,1245,6366.0,2340,0
8,1,2,43693,0,0,12122,11893,30,63,-229,43693.0,1890,2
9,0,0,118887,0,3,8932,6300,58,67,-2632,29721.75,3886,2
2,0,2,60588,0,2,5868,8145,48,77,2277,20196.0,3696,0
3,2,1,181416,1,9,1414,1639,44,35,225,18141.6,1540,1
5,0,2,66026,0,5,625,660,33,36,35,11004.333333333334,1188,1
9,0,0,146816,4,5,10234,17908,44,64,7674,24469.333333333332,2816,1
2,0,2,71401,0,2,13721,13698,16,5,-23,23800.333333333332,80,0
2,0,2,66599,0,5,9189,14118,33,52,4929,11099.833333333334,1716,2
2,0,2,71169,0,0,3431,4936,44,5,1505,71169.0,220,0
2,0,2,63957,0,2,6665,7235,46,49,570,21319.0,2254,0
3,2,1,93395,0,0,14675,15598,43,24,923,93395.0,1032,1
4,2,2,89563,0,2,12633,18628,54,31,5995,29854.333333333332,1674,2
3,2,1,183428,1,6,7625,13673,3,46,6048,26204.0,138,1
5,0,2,63518,0,3,7224,10862,46,58,3638,15879.5,2668,1
7,1,2,27022,2,3,13429,16191,63,45,2762,6755.5,2835,0
2,0,2,67803,0,1,3151,2246,50,66,-905,33901.5,3300,2
0,0,2,102301,3,2,13451,10824,13,10,-2627,34100.333333333336,130,1
7,1,2,27021,2,3,7440,7834,23,44,394,6755.25,1012,0
5,0,2,67120,0,4,12890,10386,66,41,-2504,13424.0,2706,1
7,1,2,25773,2,3,9306,11397,13,58,2091,6443.25,754,0
3,2,1,185669,1,4,7882,8231,28,56,349,37133.8,1568,1
4,2,2,71839,0,4,5725,9413,18,55,3688,14367.8,990,2
9,0,2,72120,0,2,13300,13898,74,28,598,24040.0,2072,2
4,2,2,89295,0,5,10471,9384,51,50,-1087,14882.5,2550,2
8,1,2,39094,0,0,2643,3471,59,47,828,39094.0,2773,0
0,0,2,83693,3,4,13316,12369,33,45,-947,16738.6,1485,1
2,0,2,73834,0,1,13589,15146,2,34,1557,36917.0,68,0
6,0,1,145489,1,7,6746,8396,37,5,1650,18186.125,185,1
0,0,2,71284,3,1,10879,12402,18,43,1523,35642.0,774,1
4,2,2,90078,0,4,7360,11747,49,37,4387,18015.6,1813,1
4,1,0,44290,2,0,5238,3793,46,55,-1445,44290.0,2530,0
9,0,0,114098,0,1,6996,9339,100,20,2343,57049.0,2000,1
3,2,1,213711,1,8,10465,13879,38,48,3414,23745.666666666668,1824,1
9,0,2,90864,0,3,1379,2005,70,65,626,22716.0,4550,1
4,1,0,44317,2,0,11563,8891,2,77,-2672,44317.0,154,0
9,0,0,160056,4,6,14517,10232,80,39,-4285,22865.14285714286,3120,1
9,0,0,124981,0,3,3365,4161,67,17,796,31245.25,1139,1
2,0,2,62947,0,5,3466,2574,33,28,-892,10491.166666666666,924,0
8,1,2,39635,0,2,14940,16057,18,71,1117,13211.666666666666,1278,2
4,1,0,44363,2,1,11258,9244,31,36,-2014,22181.5,1116,0
2,0,2,67755,0,1,7073,9315,50,31,2242,33877.5,1550,0
4,2,2,99778,0,1,5677,8572,9,40,2895,49889.0,360,1
9,0,0,120063,0,3,6892,12145,91,5,5253,30015.75,455,1
9,0,0,118978,0,3,1795,2749,56,59,954,29744.5,3304,2
2,0,2,71747,0,2,12118,19070,21,70,6952,23915.666666666668,1470,2
9,0,0,115059,0,4,6603,6532,61,54,-71,23011.8,3294,1
0,0,2,69291,3,6,4615,4641,34,53,26,9898.714285714286,1802,1
4,2,2,96621,0,1,8971,13943,27,64,4972,48310.5,1728,1
9,0,0,110546,4,6,600,536,91,54,-64,15792.285714285714,4914,1
9,0,0,131347,4,3,2275,2402,63,59,127,32836.75,3717,1
3,2,1,217143,1,8,8958,18687,27,53,9729,24127.0,1431,1
5,0,2,54424,0,2,12148,14975,34,8,2827,18141.333333333332,272,1
1,2,1,58379,4,5,2594,2372,0,33,-222,9729.833333333334,0,1
0,0,2,83870,3,3,1796,2056,45,5,260,20967.5,225,1
3,2,1,150936,1,7,10257,15464,44,60,5207,18867.0,2640,1
5,0,2,75969,0,2,13371,15680,39,38,2309,25323.0,1482,1
6,0,1,163124,1,7,13638,22623,29,45,8985,20390.5,1305,1
5,0,2,61281,0,1,2710,4303,48,72,1593,30640.5,3456,2
4,2,2,84039,0,5,4810,7590,42,86,2780,14006.5,3612,2
3,2,1,79480,0,3,13803,23671,21,28,9868,19870.0,588,1
9,0,0,115372,0,1,2912,4393,96,51,1481,57686.0,4896,1
6,0,1,130452,1,4,3197,5612,24,95,2415,26090.4,2280,1
9,0,2,98102,0,6,9163,14669,73,36,5506,14014.57142857143,2628,1
9,0,2,88367,0,3,12549,18427,57,57,5878,22091.75,3249,1
7,1,2,28242,2,0,4235,3929,16,49,-306,28242.0,784,0
7,1,2,30832,2,0,11910,13158,25,45,1248,30832.0,1125,0
4,1,0,43897,2,2,6822,7431,24,45,609,14632.333333333334,1080,0
9,0,0,114990,4,4,8056,11455,79,50,3399,22998.0,3950,1
7,1,2,30049,2,0,13918,12533,15,42,-1385,30049.0,630,0
7,1,2,33428,2,0,4837,5947,39,52,1110,33428.0,2028,0
9,0,0,149542,4,5,5575,10025,69,45,4450,24923.666666666668,3105,1
9,0,0,115640,0,2,11505,16497,74,72,4992,38546.666666666664,5328,1
4,1,0,31581,2,2,12807,16411,15,43,3604,10527.0,645,0
1,2,1,55039,4,6,5813,8476,31,43,2663,7862.714285714285,1333,1
7,1,2,33426,2,3,13556,15339,54,47,1783,8356.5,2538,0
9,0,0,114107,4,4,1015,726,98,65,-289,22821.4,6370,1
2,0,2,62926,0,3,5505,3873,1,36,-1632,15731.5,36,2
2,0,2,73986,0,2,11185,11854,31,28,669,24662.0,868,2
7,1,2,27010,2,0,12620,11053,0,42,-1567,27010.0,0,0
0,0,2,77990,3,4,3724,2658,40,43,-1066,15598.0,1720,1
9,0,0,85927,0,3,2792,4657,65,82,1865,21481.75,5330,2
9,0,0,153593,4,3,12180,15634,62,33,3454,38398.25,2046,1
2,0,2,84488,0,6,13111,10600,33,19,-2511,12069.714285714286,627,0
3,2,1,167126,1,7,13039,11159,11,20,-1880,20890.75,220,1
3,2,1,74526,0,6,10671,9556,30,40,-1115,10646.57142857143,1200,1
5,0,2,55866,0,3,7682,12021,29,55,4339,13966.5,1595,2
4,2,2,98759,0,2,3879,2940,36,64,-939,32919.666666666664,2304,2
3,2,1,77642,0,3,5308,9895,34,23,4587,19410.5,782,1
5,0,2,55293,0,0,3280,4498,33,33,1218,55293.0,1089,1
9,0,2,121339,0,4,14714,16560,82,44,1846,24267.8,3608,1
1,2,1,62482,4,8,6717,8592,32,51,1875,6942.444444444444,1632,1
0,0,2,92845,3,6,1692,1672,0,76,-20,13263.57142857143,0,1
7,1,2,29016,2,0,12201,12625,24,53,424,29016.0,1272,0
3,2,1,89680,0,5,9394,9407,55,51,13,14946.666666666666,2805,1
4,2,2,95233,0,2,14373,15294,33,93,921,31744.333333333332,3069,2
3,2,1,228088,1,9,13345,16250,28,38,2905,22808.8,1064,1
9,0,2,92976,0,4,14044,13757,85,66,-287,18595.2,5610,1
2,0,2,68019,0,2,5889,6265,15,32,376,22673.0,480,2
9,0,0,140598,4,5,6834,8783,57,47,1949,23433.0,2679,1
4,2,2,96919,0,2,4260,3385,48,29,-875,32306.333333333332,1392,1
4,1,0,50071,2,3,9434,10681,42,54,1247,12517.75,2268,0
0,0,2,75339,3,1,2872,2686,38,41,-186,37669.5,1558,1
3,2,1,142396,1,9,4259,6405,27,69,2146,14239.6,1863,1
0,0,2,78853,3,5,4260,4739,15,45,479,13142.166666666666,675,2
9,0,0,118071,4,3,1085,1337,71,30,252,29517.75,2130,1
1,2,1,50282,4,4,1632,1162,64,67,-470,10056.4,4288,1
5,0,2,59038,0,2,8268,12827,47,29,4559,19679.333333333332,1363,1
2,0,2,84909,0,5,8924,13880,45,50,4956,14151.5,2250,0
0,0,2,81721,3,5,7462,8785,62,42,1323,13620.166666666666,2604,1
9,0,0,135879,4,4,5068,3905,79,25,-1163,27175.8,1975,1
2,0,2,56167,0,2,11477,17773,27,78,6296,18722.333333333332,2106,0
2,0,2,46566,0,2,4790,5708,62,36,918,15522.0,2232,0
9,0,0,143887,4,4,14030,10801,64,23,-3229,28777.4,1472,1
9,0,2,92399,0,2,13925,10930,59,53,-2995,30799.666666666668,3127,1
6,0,1,140129,1,7,6424,7264,38,44,840,17516.125,1672,1
5,0,2,56552,0,5,10375,13740,28,5,3365,9425.333333333334,140,1
9,0,2,64980,0,4,7878,6405,75,90,-1473,12996.0,6750,1
9,0,0,95536,0,3,755,1204,43,94,449,23884.0,4042,1
9,0,2,113018,0,3,11045,16468,55,68,5423,28254.5,3740,1
9,0,0,117279,0,5,2909,5018,75,28,2109,19546.5,2100,1
5,0,2,52734,0,4,8730,13507,25,11,4777,10546.8,275,1
3,2,1,79726,0,3,4685,4262,51,53,-423,19931.5,2703,1
4,1,0,40273,2,3,6824,5507,55,80,-1317,10068.25,4400,0
3,2,1,182715,1,8,9990,17137,26,57,7147,20301.666666666668,1482,1
3,2,1,207304,1,7,9145,21394,47,41,12249,25913.0,1927,1
4,2,2,79887,0,2,3039,2581,24,44,-458,26629.0,1056,1
9,0,0,131716,4,3,5514,7063,73,44,1549,32929.0,3212,1
5,0,2,69657,0,4,9982,10752,38,79,770,13931.4,3002,1
0,0,2,85047,3,5,8353,12875,72,58,4522,14174.5,4176,1
2,0,2,68320,0,3,14258,14112,23,47,-146,17080.0,1081,2
3,2,1,81038,0,1,2753,4308,26,52,1555,40519.0,1352,1
8,1,2,38405,0,1,4310,5873,73,47,1563,19202.5,3431,0
4,2,2,78807,0,4,1967,2705,24,22,738,15761.4,528,1
1,2,1,55227,4,5,12750,12044,32,55,-706,9204.5,1760,1
4,1,0,41471,2,3,4639,3419,52,5,-1220,10367.75,260,0
2,0,2,57322,0,0,2665,3535,40,13,870,57322.0,520,0
0,0,2,89113,3,3,9621,8467,29,32,-1154,22278.25,928,1
3,2,1,156064,1,8,7865,13080,22,47,5215,17340.444444444445,1034,1
1,2,1,60099,4,3,4357,4666,72,69,309,15024.75,4968,1
3,2,1,173755,1,6,13481,29142,55,51,15661,24822.14285714286,2805,1
9,0,0,133821,4,6,2346,4392,50,40,2046,19117.285714285714,2000,1
5,0,2,66353,0,2,992,833,36,60,-159,22117.666666666668,2160,1
6,0,1,156078,1,4,13884,18619,38,5,4735,31215.6,190,1
6,0,1,144350,1,6,9782,17225,28,34,7443,20621.428571428572,952,1
9,0,0,138774,4,4,8971,16013,69,68,7042,27754.8,4692,1
6,0,1,138437,1,8,1308,1109,17,54,-199,15381.888888888889,918,1
1,2,1,51386,4,3,3974,4475,56,52,501,12846.5,2912,1
9,0,0,122264,4,7,2484,3055,76,44,571,15283.0,3344,1
0,0,2,82079,3,3,2416,2795,37,57,379,20519.75,2109,1
9,0,0,121100,4,4,4268,4831,68,36,563,24220.0,2448,1
6,0,1,133163,1,5,534,427,25,47,-107,22193.833333333332,1175,1
9,0,0,112952,0,2,11832,12068,78,45,236,37650.666666666664,3510,1
8,1,2,41603,0,2,8058,5967,61,54,-2091,13867.666666666666,3294,0
8,1,2,36953,0,2,2377,2648,46,39,271,12317.666666666666,1794,0
6,0,1,101146,1,5,988,1491,39,25,503,16857.666666666668,975,1
0,0,2,95803,3,4,10844,9266,60,29,-1578,19160.6,1740,1
3,2,1,87226,0,2,14718,28462,29,54,13744,29075.333333333332,1566,1
6,0,1,135303,1,9,13640,15509,7,61,1869,13530.3,427,1
4,1,0,46086,2,3,6828,8705,39,49,1877,11521.5,1911,0
9,0,0,140637,4,3,9474,8093,87,22,-1381,35159.25,1914,1
0,0,2,93087,3,4,5341,3997,36,35,-1344,18617.4,1260,1
7,1,2,27536,2,1,6786,4957,12,52,-1829,13768.0,624,0
2,0,2,78504,0,3,1511,1816,13,24,305,19626.0,312,0
6,0,1,135406,1,6,9560,14010,23,32,4450,19343.714285714286,736,1
6,0,1,134175,1,5,5731,8313,10,36,2582,22362.5,360,1
3,2,1,93752,0,5,1893,1700,42,48,-193,15625.333333333334,2016,1
1,2,1,58595,4,4,12871,9991,70,24,-2880,11719.0,1680,1
4,2,2,83745,0,7,8406,14277,24,68,5871,10468.125,1632,1
8,1,2,37684,0,2,13329,13202,21,48,-127,12561.333333333334,1008,0
3,2,1,80893,0,5,2765,3671,27,31,906,13482.166666666666,837,1
7,1,2,35641,2,0,5568,6084,47,52,516,35641.0,2444,0
0,0,2,94414,3,5,10145,10960,25,36,815,15735.666666666666,900,1
0,0,2,81675,3,4,11580,10270,66,31,-1310,16335.0,2046,1
9,0,0,145572,4,3,559,472,80,56,-87,36393.0,4480,1
4,1,0,44560,2,2,13166,15199,37,51,2033,14853.333333333334,1887,0
5,0,2,68178,0,3,14185,20975,36,32,6790,17044.5,1152,1
6,0,1,125407,1,7,3488,3325,46,52,-163,15675.875,2392,1
7,1,2,30515,2,0,13891,11865,68,28,-2026,30515.0,1904,0
7,1,2,31852,2,2,12660,13191,30,36,531,10617.333333333334,1080,0
8,1,2,40355,0,1,7668,6322,52,36,-1346,20177.5,1872,0
7,1,2,25101,2,0,820,723,56,21,-97,25101.0,1176,0
8,1,2,50396,0,0,7591,7353,27,30,-238,50396.0,810,0
8,1,2,41735,0,1,4901,5765,28,45,864,20867.5,1260,2
9,0,0,128143,0,5,713,889,87,74,176,21357.166666666668,6438,1
6,0,1,139343,1,2,6577,11103,37,67,4526,46447.666666666664,2479,1
0,0,2,73195,3,5,1917,2899,19,44,982,12199.166666666666,836,1
4,1,0,45577,2,1,14274,10587,32,33,-3687,22788.5,1056,0
2,0,2,64905,0,0,525,471,32,47,-54,64905.0,1504,2
1,2,1,56563,4,4,5807,6785,42,28,978,11312.6,1176,1
8,1,2,40352,0,1,10561,10462,34,60,-99,20176.0,2040,0
2,0,2,59902,0,3,13155,9393,44,29,-3762,14975.5,1276,2
5,0,2,71563,0,0,1187,1344,40,22,157,71563.0,880,1
3,2,1,192049,1,8,746,1327,33,24,581,21338.777777777777,792,1
4,2,2,106110,0,2,9702,14331,38,55,4629,35370.0,2090,1
8,1,2,38831,0,0,7376,7158,54,62,-218,38831.0,3348,0
9,0,2,99429,0,1,5320,7224,73,47,1904,49714.5,3431,1
9,0,0,158751,4,3,6691,11090,75,55,4399,39687.75,4125,1
4,1,0,56760,2,1,9797,12264,43,28,2467,28380.0,1204,0
3,2,1,168257,1,9,7139,15672,45,58,8533,16825.7,2610,1
8,1,2,35741,0,1,10443,7485,0,43,-2958,17870.5,0,0
4,2,2,90629,0,5,752,702,0,60,-50,15104.833333333334,0,1
9,0,2,93762,0,5,9346,15720,60,70,6374,15627.0,4200,1
1,2,1,63465,4,5,9600,7061,38,70,-2539,10577.5,2660,1
6,0,1,130971,1,7,10908,16647,29,88,5739,16371.375,2552,1
9,0,0,116879,0,1,8241,12937,77,20,4696,58439.5,1540,2
3,2,1,90795,0,5,11320,13836,45,46,2516,15132.5,2070,1
4,2,2,87032,0,2,10565,13403,26,72,2838,29010.666666666668,1872,1
7,1,2,32603,2,3,1001,1020,50,51,19,8150.75,2550,0
4,2,2,93739,0,6,10188,17259,43,48,7071,13391.285714285714,2064,2
9,0,0,137927,4,6,6447,6603,67,57,156,19703.85714285714,3819,1
0,0,2,90199,3,3,1770,1736,24,52,-34,22549.75,1248,1
5,0,2,64908,0,4,6677,10491,31,38,3814,12981.6,1178,2
4,1,0,42760,2,3,10243,8398,42,60,-1845,10690.0,2520,0
9,0,0,125758,4,5,864,1830,70,27,966,20959.666666666668,1890,1
9,0,0,122262,4,5,7571,6350,34,16,-1221,20377.0,544,1
5,0,2,67130,0,0,14414,21603,53,37,7189,67130.0,1961,2
3,2,1,208636,1,5,9659,11740,42,54,2081,34772.666666666664,2268,1
8,1,2,45447,0,3,740,1015,9,47,275,11361.75,423,0
9,0,0,121017,0,2,9565,14942,80,80,5377,40339.0,6400,2
4,2,2,87761,0,3,9865,16294,47,44,6429,21940.25,2068,2
6,0,1,153766,1,5,2780,3770,16,46,990,25627.666666666668,736,1
4,2,2,81529,0,1,8052,13450,27,69,5398,40764.5,1863,2
7,1,2,25000,2,1,8863,9368,20,35,505,12500.0,700,0
9,0,0,112157,0,3,8045,6072,47,39,-1973,28039.25,1833,1
5,0,2,73767,0,2,5264,5381,36,46,117,24589.0,1656,1
3,2,1,79480,0,4,12754,23729,19,55,10975,15896.0,1045,1
5,0,2,60677,0,3,5362,7468,33,55,2106,15169.25,1815,1
3,2,1,192844,1,9,3529,3836,48,52,307,19284.4,2496,1
9,0,0,101776,0,3,9377,15847,76,48,6470,25444.0,3648,2
9,0,0,164956,4,5,5092,9874,53,35,4782,27492.666666666668,1855,1
3,2,1,184028,1,6,12178,26027,39,79,13849,26289.714285714286,3081,1
8,1,2,33626,0,0,2757,2419,26,37,-338,33626.0,962,0
2,0,2,64917,0,2,3400,2668,66,61,-732,21639.0,4026,0
9,0,0,168326,4,8,10382,21780,53,47,11398,18702.88888888889,2491,1
7,1,2,33230,2,4,8892,8435,68,44,-457,6646.0,2992,0
9,0,0,102703,0,3,7860,6142,94,62,-1718,25675.75,5828,1
4,2,2,115785,0,5,12085,17109,15,48,5024,19297.5,720,2
4,1,0,46102,2,0,12483,13296,30,31,813,46102.0,930,0
2,0,2,60529,0,1,2660,3939,21,64,1279,30264.5,1344,0
0,0,2,93291,3,5,9569,9367,32,88,-202,15548.5,2816,1
3,2,1,89105,0,3,5311,4007,65,61,-1304,22276.25,3965,1
5,0,2,61522,0,0,14155,14053,62,30,-102,61522.0,1860,1
7,1,2,25000,2,0,7628,9325,46,34,1697,25000.0,1564,0
9,0,0,115865,4,3,547,696,89,47,149,28966.25,4183,1
9,0,0,119369,4,3,2569,1902,58,46,-667,29842.25,2668,1
5,0,2,59565,0,3,14106,12273,15,52,-1833,14891.25,780,1
4,1,0,51540,2,1,9912,8796,0,7,-1116,25770.0,0,0
4,1,0,51660,2,5,1315,1247,34,62,-68,8610.0,2108,0
3,2,1,83033,0,6,7042,4964,40,51,-2078,11861.857142857143,2040,1
6,0,1,175942,1,10,12036,22847,50,54,10811,15994.727272727272,2700,1
8,1,2,46739,0,2,5007,6105,27,74,1098,15579.666666666666,1998,0
5,0,2,69180,0,1,3312,4302,7,34,990,34590.0,238,1
0,0,2,66824,3,3,2728,3285,30,59,557,16706.0,1770,1
0,0,2,94058,3,4,14664,15404,62,51,740,18811.6,3162,1
9,0,0,144235,4,5,8742,9996,71,52,1254,24039.166666666668,3692,1
6,0,1,134649,1,5,9674,17085,15,41,7411,22441.5,615,1
7,1,2,25991,2,0,12314,11851,13,67,-463,25991.0,871,0
9,0,0,110669,4,4,1457,2453,77,44,996,22133.8,3388,1
5,0,2,71475,0,4,9022,12929,38,44,3907,14295.0,1672,2
9,0,0,136835,4,5,3136,2798,50,56,-338,22805.833333333332,2800,1
4,1,0,46554,2,2,7915,9571,9,48,1656,15518.0,432,0
9,0,0,127246,0,2,2732,4082,53,30,1350,42415.333333333336,1590,1
9,0,0,96576,0,4,6881,8103,71,52,1222,19315.2,3692,2
6,0,1,117192,1,6,13522,16559,16,34,3037,16741.714285714286,544,1
9,0,0,141820,4,7,8388,13953,92,38,5565,17727.5,3496,1
9,0,0,110623,4,3,13382,17099,51,58,3717,27655.75,2958,1
1,2,1,63903,4,4,11010,16395,0,40,5385,12780.6,0,1
9,0,0,140281,0,2,2403,4505,47,60,2102,46760.333333333336,2820,1
7,1,2,29502,2,1,516,471,55,39,-45,14751.0,2145,0
9,0,0,105362,4,6,14325,12747,54,53,-1578,15051.714285714286,2862,1
6,0,1,122074,1,5,13726,25921,60,50,12195,20345.666666666668,3000,1
0,0,2,85386,3,5,11263,16415,13,49,5152,14231.0,637,1
7,1,2,34246,2,1,3546,2825,28,40,-721,17123.0,1120,0
9,0,0,124861,0,0,12747,21247,99,21,8500,124861.0,2079,1
4,1,0,35072,2,4,6442,7234,55,28,792,7014.4,1540,0
0,0,2,79015,3,6,14626,20013,26,42,5387,11287.857142857143,1092,1
9,0,0,98767,4,2,13948,12387,66,43,-1561,32922.333333333336,2838,1
9,0,0,120600,4,4,3770,5447,90,35,1677,24120.0,3150,1
9,0,0,130334,4,1,8075,11864,61,72,3789,65167.0,4392,1
4,2,2,94331,0,2,7548,10797,18,45,3249,31443.666666666668,810,2
7,1,2,32376,2,0,11649,9192,5,49,-2457,32376.0,245,0
9,0,0,112623,4,0,8427,12390,99,25,3963,112623.0,2475,1
6,0,1,146707,1,5,11979,16720,15,27,4741,24451.166666666668,405,1
6,0,1,122457,1,7,8760,8294,50,51,-466,15307.125,2550,1
4,2,2,89876,0,3,5616,7328,33,47,1712,22469.0,1551,1
4,1,0,46359,2,0,5861,6515,0,44,654,46359.0,0,0
9,0,2,107949,0,3,13782,11346,68,45,-2436,26987.25,3060,1
4,2,2,91204,0,4,9797,12997,33,77,3200,18240.8,2541,1
5,0,2,66967,0,0,7269,7483,57,47,214,66967.0,2679,1
1,2,1,51195,4,5,9889,11797,33,47,1908,8532.5,1551,1
0,0,2,88377,3,2,14548,17685,46,44,3137,29459.0,2024,1
7,1,2,31339,2,1,2654,3284,58,41,630,15669.5,2378,0
2,0,2,63412,0,2,5071,4554,34,41,-517,21137.333333333332,1394,2
4,2,2,71375,0,4,2393,1986,19,33,-407,14275.0,627,1
0,0,2,87951,3,5,12504,20146,0,43,7642,14658.5,0,1
3,2,1,187182,1,8,13493,9812,20,27,-3681,20798.0,540,1
6,0,1,126537,1,8,2814,3987,52,60,1173,14059.666666666666,3120,1
9,0,2,92464,0,4,13685,22341,78,29,8656,18492.8,2262,2
4,2,2,98348,0,2,9321,11947,69,72,2626,32782.666666666664,4968,1
9,0,2,98458,0,4,13124,13424,77,46,300,19691.6,3542,1
9,0,0,121083,4,3,4724,9374,45,5,4650,30270.75,225,1
9,0,0,121743,4,3,3018,4014,81,68,996,30435.75,5508,1
4,2,2,96563,0,2,9699,15616,3,35,5917,32187.666666666668,105,1
8,1,2,39003,0,2,4133,4880,20,53,747,13001.0,1060,0
9,0,0,109464,0,2,8172,9081,73,23,909,36488.0,1679,2
9,0,2,75342,0,4,14944,11091,51,42,-3853,15068.4,2142,1
5,0,2,68166,0,1,4694,6556,24,46,1862,34083.0,1104,2
4,2,2,93570,0,3,14939,18238,21,50,3299,23392.5,1050,1
7,1,2,30406,2,2,14776,18386,34,47,3610,10135.333333333334,1598,0
8,1,2,34566,0,2,9182,8380,28,26,-802,11522.0,728,0
8,1,2,41081,0,4,14623,11336,29,61,-3287,8216.2,1769,0
1,2,1,52213,4,3,7633,5516,40,34,-2117,13053.25,1360,1
4,1,0,47269,2,2,7533,8843,30,32,1310,15756.333333333334,960,0
9,0,2,94921,0,1,10138,13985,49,49,3847,47460.5,2401,1
9,0,2,122577,0,6,12259,21205,45,62,8946,17511.0,2790,1
6,0,1,149414,1,9,5408,7120,35,43,1712,14941.4,1505,1
1,2,1,54467,4,3,3698,3761,51,26,63,13616.75,1326,1
2,0,2,73349,0,5,3397,4468,36,42,1071,12224.833333333334,1512,2
4,2,2,90829,0,5,4233,6729,7,31,2496,15138.166666666666,217,1
6,0,1,111139,1,9,13571,13451,45,34,-120,11113.9,1530,1
8,1,2,39051,0,0,2759,3005,29,12,246,39051.0,348,0
9,0,0,106511,4,5,5920,10582,64,58,4662,17751.833333333332,3712,1
9,0,0,134422,4,6,7799,12292,78,20,4493,19203.14285714286,1560,1
6,0,1,153934,1,6,5033,7810,20,38,2777,21990.571428571428,760,1
8,1,2,37363,0,1,6399,8343,42,56,1944,18681.5,2352,0
3,2,1,181396,1,7,5997,4464,9,21,-1533,22674.5,189,1
9,0,0,108070,0,3,6467,11005,59,46,4538,27017.5,2714,1
9,0,0,141153,4,4,3874,6910,70,30,3036,28230.6,2100,1
9,0,0,145609,4,6,12446,10770,66,57,-1676,20801.285714285714,3762,1
3,2,1,198474,1,9,1057,2525,23,47,1468,19847.4,1081,1
6,0,1,141649,1,7,5960,10885,51,50,4925,17706.125,2550,1
9,0,0,117686,0,5,1196,1577,73,29,381,19614.333333333332,2117,1
3,2,1,63167,0,6,11966,16535,45,64,4569,9023.857142857143,2880,1
4,1,0,48048,2,4,951,762,44,42,-189,9609.6,1848,0
9,0,0,112515,0,4,4326,5391,61,30,1065,22503.0,1830,1
9,0,0,95836,0,3,2140,3010,77,74,870,23959.0,5698,1
4,2,2,82314,0,4,8815,13929,39,35,5114,16462.8,1365,1
9,0,0,109321,0,3,10347,8564,67,92,-1783,27330.25,6164,1
9,0,0,139220,4,3,5882,7018,45,54,1136,34805.0,2430,1
4,1,0,49945,2,2,7793,7664,43,47,-129,16648.333333333332,2021,0
9,0,0,113477,4,4,11751,20134,79,67,8383,22695.4,5293,1
9,0,0,142667,4,2,10884,12614,84,31,1730,47555.666666666664,2604,1
8,1,2,41012,0,0,12248,13931,13,63,1683,41012.0,819,0
7,1,2,29354,2,0,4330,4530,25,49,200,29354.0,1225,0
0,0,2,84653,3,2,4891,5125,24,27,234,28217.666666666668,648,1
3,2,1,71631,0,4,3402,6241,62,15,2839,14326.2,930,1
6,0,1,159652,1,7,1854,2541,40,79,687,19956.5,3160,1
9,0,0,148591,4,5,7671,11678,45,51,4007,24765.166666666668,2295,1
4,2,2,92970,0,6,13507,21522,32,30,8015,13281.42857142857,960,1
7,1,2,37130,2,0,14785,15520,29,39,735,37130.0,1131,0
9,0,0,133414,4,2,3087,2716,96,39,-371,44471.333333333336,3744,1
4,2,2,88248,0,2,13811,17506,55,54,3695,29416.0,2970,2
9,0,0,121199,0,2,5734,6689,100,47,955,40399.666666666664,4700,1
7,1,2,27486,2,2,4015,3591,38,15,-424,9162.0,570,0
6,0,1,150164,1,9,14893,12895,25,54,-1998,15016.4,1350,1
4,2,2,93653,0,4,11226,14211,23,5,2985,18730.6,115,2
2,0,2,68796,0,5,7711,11779,21,47,4068,11466.0,987,0
7,1,2,35361,2,1,1024,750,65,18,-274,17680.5,1170,0
2,0,2,72270,0,3,1218,1517,40,38,299,18067.5,1520,0
9,0,0,141627,0,2,13033,15359,80,45,2326,47209.0,3600,1
4,1,0,39796,2,2,3633,3269,67,41,-364,13265.333333333334,2747,0
5,0,2,60923,0,1,10247,8707,48,56,-1540,30461.5,2688,1
9,0,0,117883,4,2,6297,12184,95,35,5887,39294.333333333336,3325,1
3,2,1,106301,0,3,6499,10356,30,57,3857,26575.25,1710,1
6,0,1,144199,1,7,4278,4314,6,45,36,18024.875,270,1
9,0,0,117225,4,3,659,1069,64,49,410,29306.25,3136,1
2,0,2,67441,0,2,11600,9398,19,68,-2202,22480.333333333332,1292,0
9,0,2,105476,0,4,5481,3969,50,35,-1512,21095.2,1750,1
9,0,2,114160,0,1,11805,14879,53,42,3074,57080.0,2226,1
9,0,0,100576,0,6,549,906,100,13,357,14368.0,1300,2
7,1,2,29181,2,0,2565,2255,18,78,-310,29181.0,1404,0
6,0,1,111373,1,7,4014,3276,39,13,-738,13921.625,507,1
9,0,0,119543,4,6,8798,13697,83,33,4899,17077.571428571428,2739,1
4,1,0,35397,2,0,12957,11634,13,22,-1323,35397.0,286,0
9,0,0,120138,0,4,1679,1269,46,47,-410,24027.6,2162,1
2,0,2,66771,0,2,10770,14262,53,41,3492,22257.0,2173,0
6,0,1,143518,1,7,2036,3421,13,61,1385,17939.75,793,1
3,2,1,82054,0,2,6018,4983,19,49,-1035,27351.333333333332,931,1
3,2,1,170040,1,9,3355,5110,67,59,1755,17004.0,3953,1
7,1,2,34818,2,6,6170,5131,47,89,-1039,4974.0,4183,0
6,0,1,122661,1,6,6624,8096,26,54,1472,17523.0,1404,1
7,1,2,29950,2,1,2900,2386,22,28,-514,14975.0,616,0
7,1,2,30708,2,5,6855,7869,52,48,1014,5118.0,2496,0
9,0,0,130280,4,2,1471,1547,61,33,76,43426.666666666664,2013,1
5,0,2,64971,0,5,9828,10414,28,15,586,10828.5,420,1
9,0,0,125911,4,4,11053,18543,63,57,7490,25182.2,3591,1
8,1,2,40025,0,2,9858,9191,17,74,-667,13341.666666666666,1258,0
6,0,1,139273,1,8,14004,17814,30,55,3810,15474.777777777777,1650,1
9,0,0,116749,4,5,1707,1614,80,28,-93,19458.166666666668,2240,1
8,1,2,48270,0,4,12249,12589,18,40,340,9654.0,720,0
5,0,2,61065,0,3,4805,7216,29,9,2411,15266.25,261,1
4,2,2,93086,0,6,11894,16823,35,48,4929,13298.0,1680,2
5,0,2,53847,0,2,8707,8006,43,21,-701,17949.0,903,1
4,1,0,50226,2,2,11644,8632,52,41,-3012,16742.0,2132,0
4,1,0,41441,2,2,4068,3454,51,49,-614,13813.666666666666,2499,0
3,2,1,137339,1,8,14398,33183,41,25,18785,15259.888888888889,1025,1
2,0,2,72247,0,1,10019,9754,21,67,-265,36123.5,1407,0
0,0,2,95070,3,5,4186,5009,49,61,823,15845.0,2989,1
9,0,0,142580,4,5,6932,8389,65,39,1457,23763.333333333332,2535,1
5,0,2,59446,0,2,6676,9347,16,31,2671,19815.333333333332,496,1
7,1,2,29946,2,2,5875,6598,3,59,723,9982.0,177,0
9,0,2,85946,0,5,3132,5401,67,19,2269,14324.333333333334,1273,1
0,0,2,96140,3,5,681,923,63,53,242,16023.333333333334,3339,1
5,0,2,64147,0,1,3981,4738,30,40,757,32073.5,1200,1
7,1,2,26622,2,0,4679,4419,42,44,-260,26622.0,1848,0
6,0,1,119138,1,6,6908,8736,48,63,1828,17019.714285714286,3024,1
2,0,2,78087,0,1,2232,3416,44,28,1184,39043.5,1232,0
1,2,1,53516,4,2,4674,5605,56,43,931,17838.666666666668,2408,1
3,2,1,198547,1,6,1501,1573,68,39,72,28363.85714285714,2652,1
3,2,1,85330,0,2,9882,11320,0,95,1438,28443.333333333332,0,1
9,0,2,101703,0,2,13431,11674,98,34,-1757,33901.0,3332,1
2,0,2,84854,0,4,5923,6195,51,27,272,16970.8,1377,0
9,0,0,105042,0,4,749,1028,86,7,279,21008.4,602,1
3,2,1,151939,1,7,1152,2826,22,45,1674,18992.375,990,1
0,0,2,95123,3,4,11588,17280,57,43,5692,19024.6,2451,1
7,1,2,35932,2,0,4502,3841,28,35,-661,35932.0,980,0
3,2,1,70818,0,4,13022,10737,72,54,-2285,14163.6,3888,1
1,2,1,58573,4,4,7283,10141,58,41,2858,11714.6,2378,1
2,0,2,56092,0,1,4480,4717,57,32,237,28046.0,1824,0
9,0,0,117705,4,3,2411,4261,73,39,1850,29426.25,2847,1
8,1,2,33445,0,1,6932,8092,12,41,1160,16722.5,492,0
9,0,2,109524,0,4,13518,11356,61,53,-2162,21904.8,3233,1
3,2,1,172230,1,10,606,628,20,24,22,15657.272727272728,480,1
6,0,1,154264,1,6,11613,19503,6,47,7890,22037.714285714286,282,1
6,0,1,149106,1,9,7979,11555,48,32,3576,14910.6,1536,1
4,2,2,87692,0,4,14859,20363,51,25,5504,17538.4,1275,2
1,2,1,59930,4,3,13442,12996,39,50,-446,14982.5,1950,1
5,0,2,59894,0,3,5796,5037,17,63,-759,14973.5,1071,1
0,0,2,96367,3,4,3548,3943,14,49,395,19273.4,686,1
9,0,0,152268,4,6,10222,22009,86,33,11787,21752.571428571428,2838,1
4,2,2,94495,0,3,7438,11384,25,65,3946,23623.75,1625,2
9,0,0,120634,4,6,6975,10750,45,43,3775,17233.428571428572,1935,1
9,0,2,100327,0,3,14314,18149,79,69,3835,25081.75,5451,1
8,1,2,44334,0,2,11494,9462,54,24,-2032,14778.0,1296,0
4,2,2,95409,0,4,638,989,37,42,351,19081.8,1554,2
5,0,2,78830,0,1,6562,9939,34,11,3377,39415.0,374,2
1,2,1,51407,4,3,3556,4965,23,53,1409,12851.75,1219,1
2,0,2,56680,0,1,8068,10672,36,76,2604,28340.0,2736,0
6,0,1,157864,1,4,904,860,2,44,-44,31572.8,88,1
9,0,0,151862,4,6,517,943,63,69,426,21694.571428571428,4347,1
9,0,0,123071,0,2,1988,3547,64,35,1559,41023.666666666664,2240,1
0,0,2,88031,3,6,3155,2709,68,63,-446,12575.857142857143,4284,1
4,1,0,36852,2,3,12819,9622,0,30,-3197,9213.0,0,0
9,0,0,128677,4,3,3464,3025,54,57,-439,32169.25,3078,1
8,1,2,41292,0,1,11975,14927,40,46,2952,20646.0,1840,0
9,0,0,101317,0,5,11101,15642,58,55,4541,16886.166666666668,3190,1
4,1,0,34713,2,0,11317,14582,56,64,3265,34713.0,3584,0
9,0,0,129468,0,1,6276,9166,83,67,2890,64734.0,5561,2
4,2,2,75096,0,4,2539,4098,63,39,1559,15019.2,2457,1
3,2,1,162366,1,8,8509,14542,42,53,6033,18040.666666666668,2226,1
3,2,1,84884,0,5,6497,5346,5,59,-1151,14147.333333333334,295,1
9,0,0,97038,0,4,7606,11720,65,26,4114,19407.6,1690,1
4,2,2,99540,0,2,2336,2907,12,40,571,33180.0,480,1
8,1,2,38447,0,3,3964,3761,62,67,-203,9611.75,4154,0
7,1,2,32254,2,1,5944,6933,43,59,989,16127.0,2537,0
1,2,1,59789,4,4,1836,1438,19,33,-398,11957.8,627,1
6,0,1,142479,1,7,5627,9921,50,58,4294,17809.875,2900,1
4,1,0,43362,2,1,8098,6203,56,63,-1895,21681.0,3528,0
9,0,0,129788,4,6,12033,8963,72,50,-3070,18541.14285714286,3600,1
8,1,2,37572,0,4,9609,12115,0,17,2506,7514.4,0,0
9,0,0,130674,4,4,12113,13050,78,59,937,26134.8,4602,1
4,2,2,93195,0,4,13166,10490,63,30,-2676,18639.0,1890,1
6,0,1,131085,1,6,4372,3949,32,53,-423,18726.428571428572,1696,1
1,2,1,58135,4,5,13043,11680,42,59,-1363,9689.166666666666,2478,1
0,0,2,98966,3,5,4038,3099,25,39,-939,16494.333333333332,975,2
1,2,1,56638,4,5,6651,9695,9,39,3044,9439.666666666666,351,1
9,0,0,131787,4,4,8831,11585,91,42,2754,26357.4,3822,1
5,0,2,82818,0,1,3324,4632,16,28,1308,41409.0,448,1
2,0,2,70277,0,4,5934,4281,36,35,-1653,14055.4,1260,0
0,0,2,101205,3,4,1375,1338,10,20,-37,20241.0,200,1
1,2,1,53633,4,3,2762,3141,51,81,379,13408.25,4131,1
4,1,0,47266,2,0,12853,13180,10,52,327,47266.0,520,0
9,0,0,162090,4,3,519,512,78,68,-7,40522.5,5304,1
9,0,0,120781,4,6,9530,7715,56,36,-1815,17254.428571428572,2016,1
3,2,1,192355,1,9,5325,11796,55,78,6471,19235.5,4290,1
9,0,0,124590,4,6,10744,20358,77,28,9614,17798.571428571428,2156,1
9,0,0,126232,4,5,11354,9895,39,32,-1459,21038.666666666668,1248,1
9,0,0,127443,4,4,4628,3278,100,30,-1350,25488.6,3000,1
2,0,2,71712,0,3,5066,3904,10,37,-1162,17928.0,370,2
2,0,2,62898,0,3,11228,10358,34,49,-870,15724.5,1666,0
4,1,0,35996,2,3,2657,2975,3,24,318,8999.0,72,0
4,1,0,45773,2,2,2297,2358,48,40,61,15257.666666666666,1920,0
8,1,2,33294,0,3,6396,8088,18,62,1692,8323.5,1116,0
3,2,1,152963,1,8,12141,13549,25,35,1408,16995.88888888889,875,1
4,1,0,48275,2,3,667,471,19,64,-196,12068.75,1216,0
4,1,0,49333,2,3,10777,10306,44,46,-471,12333.25,2024,0
9,0,0,107022,4,2,1091,1797,45,35,706,35674.0,1575,1
9,0,0,119354,4,5,5038,7320,96,54,2282,19892.333333333332,5184,1
9,0,2,71510,0,1,14465,12597,81,45,-1868,35755.0,3645,2
9,0,0,138125,4,5,12246,27262,38,52,15016,23020.833333333332,1976,1
5,0,2,54907,0,1,6384,9391,56,42,3007,27453.5,2352,1
4,1,0,41963,2,0,14849,11006,64,71,-3843,41963.0,4544,0
9,0,2,82408,0,1,6610,8133,93,58,1523,41204.0,5394,1
9,0,0,136155,4,5,13227,20910,84,64,7683,22692.5,5376,1
1,2,1,67487,4,5,2032,1692,50,79,-340,11247.833333333334,3950,1
7,1,2,32341,2,1,1270,1067,28,75,-203,16170.5,2100,0
2,0,2,66424,0,3,6985,9553,32,13,2568,16606.0,416,0
9,0,0,109888,4,4,11676,18777,71,55,7101,21977.6,3905,1
7,1,2,35242,2,2,12218,15247,0,21,3029,11747.333333333334,0,0
9,0,2,95528,0,3,14068,21515,76,64,7447,23882.0,4864,1
5,0,2,61482,0,2,8030,6638,26,51,-1392,20494.0,1326,2
8,1,2,49076,0,0,10077,9406,30,52,-671,49076.0,1560,0
3,2,1,163543,1,9,9302,17287,70,54,7985,16354.3,3780,1
9,0,0,141935,4,4,13081,26995,83,34,13914,28387.0,2822,1
3,2,1,77341,0,3,875,1272,38,20,397,19335.25,760,1
3,2,1,215364,1,7,1968,3265,54,38,1297,26920.5,2052,1
3,2,1,104118,0,4,14974,12409,36,61,-2565,20823.6,2196,1
5,0,2,58928,0,3,5391,7643,11,43,2252,14732.0,473,1
0,0,2,97246,3,5,10463,8400,20,62,-2063,16207.666666666666,1240,1
0,0,2,106798,3,4,3107,3320,2,52,213,21359.6,104,1
4,1,0,44147,2,0,9198,11139,43,9,1941,44147.0,387,0
9,0,0,104529,0,3,13364,24809,52,69,11445,26132.25,3588,1
2,0,2,63759,0,3,4562,5574,0,35,1012,15939.75,0,0
0,0,2,88502,3,6,5020,4475,36,22,-545,12643.142857142857,792,1
3,2,1,163831,1,9,6842,9221,19,28,2379,16383.1,532,1
9,0,0,142452,4,7,2971,4197,55,39,1226,17806.5,2145,1
9,0,0,102544,0,2,13631,9691,73,83,-3940,34181.333333333336,6059,1
9,0,0,103499,0,2,7377,5962,59,5,-1415,34499.666666666664,295,1
9,0,0,137901,4,1,8709,12714,51,8,4005,68950.5,408,1
7,1,2,26497,2,0,7149,8374,42,28,1225,26497.0,1176,0
6,0,1,112389,1,6,6538,9329,44,61,2791,16055.57142857143,2684,1
0,0,2,91701,3,7,6943,5537,0,80,-1406,11462.625,0,1
4,2,2,103044,0,4,14868,21890,0,8,7022,20608.8,0,2
8,1,2,36524,0,2,4331,5128,17,53,797,12174.666666666666,901,0
6,0,1,128090,1,10,3006,3962,62,42,956,11644.545454545454,2604,1
3,2,1,186658,1,8,8890,11879,34,66,2989,20739.777777777777,2244,1
7,1,2,31339,2,0,6425,5956,75,14,-469,31339.0,1050,0
2,0,2,62603,0,0,10022,10931,46,42,909,62603.0,1932,2
4,2,2,107297,0,5,13002,11587,15,34,-1415,17882.833333333332,510,1
2,0,2,87508,0,2,11248,15808,34,49,4560,29169.333333333332,1666,0
5,0,2,51937,0,1,7569,5798,9,48,-1771,25968.5,432,1
9,0,2,88891,0,5,11720,11923,74,28,203,14815.166666666666,2072,1
3,2,1,164615,1,9,13119,15204,36,57,2085,16461.5,2052,1
4,1,0,41074,2,4,4181,5085,44,40,904,8214.8,1760,0
8,1,2,40528,0,3,6132,7230,66,10,1098,10132.0,660,0
2,0,2,74475,0,4,11104,17332,11,22,6228,14895.0,242,0
8,1,2,38714,0,2,3240,4522,45,53,1282,12904.666666666666,2385,0
9,0,2,101463,0,3,2621,2390,62,59,-231,25365.75,3658,1
8,1,2,38626,0,0,2706,2025,25,46,-681,38626.0,1150,0
6,0,1,113383,1,8,14164,18463,2,61,4299,12598.111111111111,122,1
9,0,0,108969,0,0,5341,5251,61,61,-90,108969.0,3721,1
2,0,2,72549,0,1,4046,2979,17,42,-1067,36274.5,714,0
3,2,1,87136,0,4,2751,2065,50,50,-686,17427.2,2500,1
3,2,1,116446,0,4,9589,12744,37,75,3155,23289.2,2775,1
2,0,2,76647,0,2,11534,17470,51,28,5936,25549.0,1428,0
9,0,0,84154,0,2,11627,8696,91,14,-2931,28051.333333333332,1274,1
0,0,2,80580,3,3,8908,14143,31,30,5235,20145.0,930,2
1,2,1,58100,4,4,12541,16028,64,57,3487,11620.0,3648,1
3,2,1,185603,1,9,11759,24829,39,58,13070,18560.3,2262,1
9,0,0,104366,0,2,12622,21823,75,39,9201,34788.666666666664,2925,1
6,0,1,154263,1,5,7177,7543,60,61,366,25710.5,3660,1
3,2,1,61400,0,4,4433,6092,30,57,1659,12280.0,1710,1
6,0,1,139138,1,4,13945,14235,6,28,290,27827.6,168,1
3,2,1,74549,0,4,10343,18425,41,46,8082,14909.8,1886,1
3,2,1,100807,0,6,6730,5930,35,41,-800,14401.0,1435,1
9,0,2,84863,0,3,3793,5489,56,24,1696,21215.75,1344,1
7,1,2,28576,2,6,13689,13099,23,49,-590,4082.285714285714,1127,0
6,0,1,139786,1,5,2695,4078,52,34,1383,23297.666666666668,1768,1
5,0,2,59604,0,3,3558,5240,59,59,1682,14901.0,3481,1
3,2,1,72083,0,4,1443,2661,40,61,1218,14416.6,2440,1
1,2,1,38889,4,3,4364,4591,30,31,227,9722.25,930,1
9,0,2,90484,0,3,4771,3646,74,64,-1125,22621.0,4736,1
0,0,2,91810,3,6,1069,1514,14,40,445,13115.714285714286,560,1
9,0,0,128170,0,0,1789,2555,62,53,766,128170.0,3286,1
0,0,2,71742,3,8,11452,16523,0,26,5071,7971.333333333333,0,2
5,0,2,89814,0,2,7146,5242,42,74,-1904,29938.0,3108,2
7,1,2,25708,2,1,12276,11670,42,48,-606,12854.0,2016,0
7,1,2,34473,2,2,14648,14775,72,50,127,11491.0,3600,0
4,2,2,112163,0,2,12423,18204,26,47,5781,37387.666666666664,1222,2
6,0,1,138462,1,8,11802,18552,7,72,6750,15384.666666666666,504,1
3,2,1,97167,0,3,4900,7651,19,11,2751,24291.75,209,1
7,1,2,33899,2,0,13542,13219,58,32,-323,33899.0,1856,0
8,1,2,35620,0,3,10114,11961,17,34,1847,8905.0,578,0
4,1,0,52396,2,2,13149,9462,60,63,-3687,17465.333333333332,3780,0
9,0,2,106626,0,6,6406,6449,91,43,43,15232.285714285714,3913,1
8,1,2,53175,0,2,6573,5191,8,69,-1382,17725.0,552,0
5,0,2,63563,0,3,14545,15414,17,72,869,15890.75,1224,1
8,1,2,40339,0,1,6835,7201,9,29,366,20169.5,261,0
4,2,2,91304,0,3,8737,7882,58,59,-855,22826.0,3422,1
4,2,2,88121,0,3,1541,1318,42,21,-223,22030.25,882,1
9,0,2,83625,0,4,5093,6410,100,68,1317,16725.0,6800,1
9,0,0,112600,0,3,3401,5241,73,39,1840,28150.0,2847,1
2,0,2,65279,0,2,6561,8974,6,46,2413,21759.666666666668,276,2
1,2,1,50699,4,6,11931,13151,40,37,1220,7242.714285714285,1480,1
3,2,1,172188,1,8,5940,5877,13,30,-63,19132.0,390,1
6,0,1,160838,1,6,5519,6358,26,57,839,22976.85714285714,1482,1
9,0,0,116903,0,5,13849,24675,61,73,10826,19483.833333333332,4453,1
9,0,0,153681,4,5,12958,11896,86,21,-1062,25613.5,1806,1
3,2,1,202837,1,7,2836,4595,0,61,1759,25354.625,0,1
4,2,2,107845,0,5,6581,7103,23,70,522,17974.166666666668,1610,1
8,1,2,45152,0,2,7005,7200,13,30,195,15050.666666666666,390,2
0,0,2,109354,3,5,7818,8029,19,49,211,18225.666666666668,931,2
9,0,0,115729,0,2,14482,10803,90,68,-3679,38576.333333333336,6120,1
9,0,0,140389,4,6,7925,9962,48,84,2037,20055.571428571428,4032,1
9,0,0,139745,4,4,4425,9045,63,87,4620,27949.0,5481,1
4,2,2,71672,0,1,12253,11119,40,5,-1134,35836.0,200,2
9,0,0,124771,0,3,4853,8839,59,16,3986,31192.75,944,1
8,1,2,45222,0,2,2507,3483,30,44,976,15074.0,1320,2
9,0,0,134562,4,5,11439,9026,33,44,-2413,22427.0,1452,1
3,2,1,90424,0,3,9420,17455,19,48,8035,22606.0,912,1
9,0,2,88184,0,3,4560,4370,85,20,-190,22046.0,1700,1
8,1,2,39034,0,0,13878,15254,44,69,1376,39034.0,3036,0
2,0,2,70616,0,1,13226,10469,43,29,-2757,35308.0,1247,2
6,0,1,166803,1,5,5561,7919,47,63,2358,27800.5,2961,1
4,1,0,45291,2,2,13764,12232,26,44,-1532,15097.0,1144,0
5,0,2,68734,0,3,9782,9176,26,65,-606,17183.5,1690,2
9,0,2,105285,0,4,11277,9657,65,43,-1620,21057.0,2795,1
9,0,2,98110,0,5,2208,3675,66,45,1467,16351.666666666666,2970,1
9,0,0,105854,4,4,9251,7145,69,89,-2106,21170.8,6141,1
5,0,2,66446,0,0,9197,14012,2,55,4815,66446.0,110,1
6,0,1,156450,1,5,3236,4482,48,56,1246,26075.0,2688,1
6,0,1,146096,1,5,2470,4316,49,40,1846,24349.333333333332,1960,1
7,1,2,30002,2,3,12458,15415,21,34,2957,7500.5,714,0
5,0,2,51544,0,1,2013,2342,40,43,329,25772.0,1720,2
2,0,2,66061,0,0,5715,5999,54,37,284,66061.0,1998,0
9,0,2,117659,0,1,6443,5484,89,11,-959,58829.5,979,1
4,1,0,53831,2,1,3387,4273,21,42,886,26915.5,882,0
6,0,1,132098,1,5,8781,12410,44,50,3629,22016.333333333332,2200,1
2,0,2,66026,0,3,4875,4941,0,33,66,16506.5,0,0
9,0,0,109220,4,4,2342,2170,66,47,-172,21844.0,3102,1
9,0,2,96356,0,4,11031,10859,84,38,-172,19271.2,3192,1
0,0,2,87794,3,5,11118,10921,3,77,-197,14632.333333333334,231,1
4,1,0,45892,2,0,9167,6548,37,28,-2619,45892.0,1036,0
4,2,2,101496,0,1,6094,6447,12,44,353,50748.0,528,1
9,0,2,77363,0,5,7786,10468,100,72,2682,12893.833333333334,7200,1
5,0,2,63912,0,2,2663,3204,28,50,541,21304.0,1400,1
8,1,2,31611,0,0,7058,7745,0,51,687,31611.0,0,0
8,1,2,45094,0,0,3585,4458,62,25,873,45094.0,1550,0
5,0,2,64113,0,1,555,736,18,62,181,32056.5,1116,2
2,0,2,57334,0,3,1514,1672,44,76,158,14333.5,3344,0
6,0,1,149507,1,7,13004,24330,29,53,11326,18688.375,1537,1
0,0,2,73086,3,3,2998,3299,45,64,301,18271.5,2880,2
6,0,1,120773,1,5,9298,11485,19,39,2187,20128.833333333332,741,1
9,0,0,130504,4,1,6520,9226,76,20,2706,65252.0,1520,1
3,2,1,71462,0,5,9005,11035,36,20,2030,11910.333333333334,720,1
9,0,0,116315,4,5,914,1662,80,94,748,19385.833333333332,7520,1
5,0,2,58616,0,3,14530,21314,38,14,6784,14654.0,532,1
4,1,0,49313,2,3,2597,1920,36,59,-677,12328.25,2124,0
2,0,2,72877,0,3,3552,3345,60,50,-207,18219.25,3000,0
5,0,2,67739,0,4,11355,11152,24,55,-203,13547.8,1320,1
9,0,0,133279,0,3,7470,9045,93,65,1575,33319.75,6045,2
3,2,1,166302,1,7,5433,10475,52,67,5042,20787.75,3484,1
3,2,1,178480,1,8,11842,21511,31,40,9669,19831.11111111111,1240,1
4,2,2,104311,0,4,4065,3443,37,62,-622,20862.2,2294,1
1,2,1,62611,4,2,13707,19449,57,45,5742,20870.333333333332,2565,1
5,0,2,63691,0,4,3194,4931,72,53,1737,12738.2,3816,1
9,0,2,111347,0,3,2492,3952,37,37,1460,27836.75,1369,1
8,1,2,45492,0,0,10697,11553,30,14,856,45492.0,420,0
7,1,2,35809,2,0,12119,10334,44,64,-1785,35809.0,2816,0
1,2,1,41653,4,4,13206,10854,47,5,-2352,8330.6,235,1
9,0,0,123763,4,5,12310,15236,71,39,2926,20627.166666666668,2769,1
3,2,1,215664,1,10,11065,13089,39,46,2024,19605.81818181818,1794,1
3,2,1,166936,1,8,12398,15156,20,65,2758,18548.444444444445,1300,1
4,2,2,104158,0,3,4532,6309,54,5,1777,26039.5,270,1
9,0,0,119799,4,5,12282,12684,76,24,402,19966.5,1824,1
3,2,1,190299,1,8,6271,10719,6,65,4448,21144.333333333332,390,1
6,0,1,177039,1,8,4344,5953,32,5,1609,19671.0,160,1
9,0,0,113984,4,6,2970,4893,69,41,1923,16283.42857142857,2829,1
9,0,2,93459,0,4,11957,13308,70,20,1351,18691.8,1400,1
9,0,2,91578,0,6,9055,6706,45,35,-2349,13082.57142857143,1575,1
3,2,1,172987,1,8,3355,6341,39,8,2986,19220.777777777777,312,1
2,0,2,58151,0,2,6457,7978,39,60,1521,19383.666666666668,2340,0
4,1,0,46438,2,3,11862,8321,63,54,-3541,11609.5,3402,0
4,2,2,79400,0,4,6300,7991,28,13,1691,15880.0,364,2
9,0,0,124250,4,3,4213,8016,73,58,3803,31062.5,4234,1
8,1,2,39360,0,2,1927,2535,61,46,608,13120.0,2806,0
7,1,2,30570,2,2,1069,1290,58,52,221,10190.0,3016,0
8,1,2,37346,0,3,2001,2402,34,50,401,9336.5,1700,0
1,2,1,58128,4,4,8022,6530,43,60,-1492,11625.6,2580,1
1,2,1,54275,4,3,3570,3780,40,45,210,13568.75,1800,1
3,2,1,180343,1,8,8656,14011,19,25,5355,20038.11111111111,475,1
4,2,2,72050,0,3,8784,13421,10,50,4637,18012.5,500,1
0,0,2,85098,3,3,14484,20185,50,50,5701,21274.5,2500,1
8,1,2,35206,0,1,1132,1073,28,63,-59,17603.0,1764,2
9,0,0,127918,4,3,8550,7255,69,68,-1295,31979.5,4692,1
9,0,0,105994,4,2,6995,11717,60,32,4722,35331.333333333336,1920,1
7,1,2,31257,2,1,11064,7953,54,53,-3111,15628.5,2862,0
9,0,2,100653,0,3,9646,8498,67,52,-1148,25163.25,3484,1
3,2,1,81538,0,2,3496,2876,35,44,-620,27179.333333333332,1540,1
0,0,2,86373,3,4,8577,11747,22,52,3170,17274.6,1144,1
6,0,1,168940,1,7,12090,12427,29,66,337,21117.5,1914,1
1,2,1,61639,4,3,14582,15889,13,55,1307,15409.75,715,2
4,2,2,73673,0,6,7095,7072,53,25,-23,10524.714285714286,1325,1
9,0,2,92767,0,3,5813,8081,89,5,2268,23191.75,445,2
4,2,2,99871,0,6,4803,7782,37,45,2979,14267.285714285714,1665,2
9,0,0,132708,4,4,3937,7341,79,42,3404,26541.6,3318,1
4,1,0,43802,2,3,3002,3433,73,5,431,10950.5,365,0
9,0,0,165977,4,3,12166,19129,73,38,6963,41494.25,2774,1
9,0,0,130334,4,0,10899,9254,82,53,-1645,130334.0,4346,1
4,2,2,101319,0,4,10452,15784,55,43,5332,20263.8,2365,1
2,0,2,69674,0,0,3022,3806,1,41,784,69674.0,41,2
1,2,1,46562,4,3,11483,15592,28,68,4109,11640.5,1904,1
9,0,0,123641,4,3,12253,27434,21,41,15181,30910.25,861,1
9,0,0,127921,4,6,12529,22516,64,56,9987,18274.428571428572,3584,1
8,1,2,38229,0,0,1436,1012,23,43,-424,38229.0,989,0
9,0,0,123598,4,6,13952,12091,75,43,-1861,17656.85714285714,3225,1
7,1,2,29346,2,1,3958,4578,58,18,620,14673.0,1044,0
3,2,1,101041,0,6,1307,2216,57,62,909,14434.42857142857,3534,1
9,0,2,91981,0,4,14149,14602,54,22,453,18396.2,1188,1
0,0,2,84941,3,1,13586,10699,17,36,-2887,42470.5,612,2
9,0,0,108328,0,2,14509,23647,64,55,9138,36109.333333333336,3520,1
1,2,1,49310,4,5,1408,1593,29,46,185,8218.333333333334,1334,1
8,1,2,43572,0,3,11701,15218,39,31,3517,10893.0,1209,0
2,0,2,62096,0,2,2212,2201,42,5,-11,20698.666666666668,210,2
9,0,0,114359,4,7,8455,13048,65,39,4593,14294.875,2535,1
9,0,2,99580,0,3,14537,13329,61,46,-1208,24895.0,2806,1
2,0,2,81140,0,4,13151,14475,29,56,1324,16228.0,1624,2
3,2,1,84637,0,4,9702,14065,36,26,4363,16927.4,936,1
9,0,0,129054,4,7,722,617,66,67,-105,16131.75,4422,1
9,0,2,97762,0,6,13193,18178,74,47,4985,13966.0,3478,1
9,0,0,129358,4,5,7074,7723,62,7,649,21559.666666666668,434,1
1,2,1,54893,4,0,13353,14899,57,34,1546,54893.0,1938,1
3,2,1,70214,0,4,7042,13185,40,35,6143,14042.8,1400,1
3,2,1,184622,1,7,14068,28608,46,12,14540,23077.75,552,1
3,2,1,85808,0,4,6486,7038,70,60,552,17161.6,4200,1
9,0,0,108486,0,1,5641,4013,56,18,-1628,54243.0,1008,1
4,2,2,82049,0,3,8301,10034,42,43,1733,20512.25,1806,2
7,1,2,32646,2,0,5717,4951,23,56,-766,32646.0,1288,0
3,2,1,153852,1,6,1691,2556,24,70,865,21978.85714285714,1680,1
6,0,1,138673,1,6,10759,11340,77,27,581,19810.428571428572,2079,1
7,1,2,27276,2,1,1916,1966,61,33,50,13638.0,2013,0
4,1,0,40447,2,0,4885,4771,28,44,-114,40447.0,1232,0
9,0,0,100831,0,3,9777,12240,97,43,2463,25207.75,4171,2
7,1,2,29585,2,0,7516,8949,23,39,1433,29585.0,897,0
9,0,0,147319,4,3,9831,11953,64,85,2122,36829.75,5440,1
3,2,1,232235,1,5,12311,22858,53,41,10547,38705.833333333336,2173,1
3,2,1,157155,1,9,3965,5112,20,49,1147,15715.5,980,1
7,1,2,31481,2,0,7886,6480,38,33,-1406,31481.0,1254,0
5,0,2,73598,0,2,6361,4585,44,37,-1776,24532.666666666668,1628,1
9,0,0,136126,4,1,8317,8997,44,68,680,68063.0,2992,1
4,2,2,91003,0,5,2746,2432,43,46,-314,15167.166666666666,1978,1
2,0,2,77020,0,2,3264,2538,37,49,-726,25673.333333333332,1813,0
9,0,0,119903,4,4,11422,8744,68,40,-2678,23980.6,2720,1
9,0,0,89357,0,0,10703,15454,55,74,4751,89357.0,4070,1
9,0,0,94529,0,0,2727,2138,51,63,-589,94529.0,3213,1
9,0,0,118804,4,5,5537,11985,83,74,6448,19800.666666666668,6142,1
9,0,2,76638,0,5,9864,6939,49,56,-2925,12773.0,2744,1
4,2,2,94628,0,3,12238,20283,40,66,8045,23657.0,2640,1
6,0,1,140591,1,6,10663,14947,14,44,4284,20084.428571428572,616,1
5,0,2,79085,0,4,9215,7596,33,44,-1619,15817.0,1452,2
3,2,1,92064,0,4,7936,9277,10,61,1341,18412.8,610,1
9,0,0,103841,4,3,9779,15057,64,57,5278,25960.25,3648,1
5,0,2,73640,0,2,4032,4363,17,23,331,24546.666666666668,391,2
9,0,0,127505,4,6,7485,11826,100,43,4341,18215.0,4300,1
6,0,1,140827,1,8,8427,9941,66,67,1514,15647.444444444445,4422,1
9,0,0,103251,0,1,13572,24728,45,22,11156,51625.5,990,2
4,2,2,84908,0,0,3537,2635,39,68,-902,84908.0,2652,2
5,0,2,71361,0,2,11182,8208,41,62,-2974,23787.0,2542,1
3,2,1,85337,0,4,13027,17756,15,52,4729,17067.4,780,1
5,0,2,63150,0,1,6056,7018,22,27,962,31575.0,594,1
1,2,1,55387,4,5,9261,13194,42,40,3933,9231.166666666666,1680,1
5,0,2,67058,0,4,11129,17036,14,56,5907,13411.6,784,1
8,1,2,44593,0,3,6273,7285,27,47,1012,11148.25,1269,0
0,0,2,93910,3,3,10943,8258,46,75,-2685,23477.5,3450,1
3,2,1,79835,0,4,11722,16457,22,32,4735,15967.0,704,1
6,0,1,164393,1,6,11940,9766,17,62,-2174,23484.714285714286,1054,1
9,0,2,90341,0,3,2388,3488,51,43,1100,22585.25,2193,1
9,0,0,96046,0,3,10821,7843,98,41,-2978,24011.5,4018,1
7,1,2,30917,2,3,5558,6841,65,9,1283,7729.25,585,0
9,0,0,128140,4,1,8896,14523,90,21,5627,64070.0,1890,1
3,2,1,103587,0,5,5986,9393,16,23,3407,17264.5,368,1
9,0,2,105357,0,3,2542,3431,44,82,889,26339.25,3608,1
9,0,0,136710,4,2,3097,4459,73,11,1362,45570.0,803,1
3,2,1,197505,1,8,1634,3872,41,29,2238,21945.0,1189,1
0,0,2,75879,3,5,885,910,0,67,25,12646.5,0,1
5,0,2,74891,0,2,13730,17767,57,54,4037,24963.666666666668,3078,1
2,0,2,70409,0,3,5133,7084,26,49,1951,17602.25,1274,0
3,2,1,78690,0,3,7972,5788,3,26,-2184,19672.5,78,1
5,0,2,64323,0,0,612,917,49,52,305,64323.0,2548,1
9,0,0,103111,4,2,2798,3207,81,73,409,34370.333333333336,5913,1
1,2,1,52222,4,2,8106,7560,50,81,-546,17407.333333333332,4050,1
2,0,2,67810,0,3,5565,6812,16,70,1247,16952.5,1120,0
3,2,1,78464,0,2,12993,19276,30,45,6283,26154.666666666668,1350,1
5,0,2,70628,0,4,7068,4995,33,59,-2073,14125.6,1947,1
3,2,1,149936,1,9,7837,12862,26,57,5025,14993.6,1482,1
5,0,2,67292,0,5,5571,6140,36,39,569,11215.333333333334,1404,1
8,1,2,30778,0,2,13872,11532,28,45,-2340,10259.333333333334,1260,0
8,1,2,44547,0,1,6194,6589,36,52,395,22273.5,1872,0
4,1,0,42156,2,3,1053,1210,45,72,157,10539.0,3240,0
0,0,2,86281,3,4,5916,9328,10,5,3412,17256.2,50,1
9,0,0,94237,4,5,7163,13537,69,55,6374,15706.166666666666,3795,1
7,1,2,38125,2,3,5656,6343,16,13,687,9531.25,208,0
5,0,2,65738,0,1,3763,5166,52,43,1403,32869.0,2236,1
3,2,1,140229,1,8,12609,18878,25,46,6269,15581.0,1150,1
2,0,2,81502,0,0,9757,12263,47,25,2506,81502.0,1175,2
3,2,1,200063,1,6,3555,8087,30,36,4532,28580.428571428572,1080,1
5,0,2,60438,0,3,1795,1406,40,55,-389,15109.5,2200,1
6,0,1,110108,1,8,10903,18448,22,41,7545,12234.222222222223,902,1
3,2,1,101343,0,3,6367,8565,41,48,2198,25335.75,1968,1
3,2,1,173603,1,9,11902,28652,21,54,16750,17360.3,1134,1
9,0,2,107296,0,4,5760,7913,47,60,2153,21459.2,2820,1
9,0,0,115300,4,5,11882,21661,100,32,9779,19216.666666666668,3200,1
3,2,1,207759,1,9,8134,20129,65,42,11995,20775.9,2730,1
9,0,0,136553,4,5,6529,5583,100,58,-946,22758.833333333332,5800,1
9,0,0,86579,0,3,3146,2596,62,23,-550,21644.75,1426,1
9,0,0,134678,4,6,8080,17057,62,95,8977,19239.714285714286,5890,1
3,2,1,70833,0,4,3881,7729,19,60,3848,14166.6,1140,1
2,0,2,59013,0,1,4346,6096,10,26,1750,29506.5,260,0
0,0,2,80908,3,6,5644,5550,36,53,-94,11558.285714285714,1908,1
2,0,2,81656,0,1,9093,13943,32,62,4850,40828.0,1984,2
0,0,2,91077,3,3,9668,8165,44,73,-1503,22769.25,3212,1
4,2,2,92336,0,4,5995,4575,17,38,-1420,18467.2,646,2
8,1,2,31209,0,3,6212,6578,54,48,366,7802.25,2592,0
8,1,2,37512,0,3,11271,14575,56,47,3304,9378.0,2632,0
9,0,2,84101,0,3,5391,8416,72,50,3025,21025.25,3600,1
4,2,2,109826,0,5,4788,6851,13,56,2063,18304.333333333332,728,1
4,1,0,48803,2,4,4127,4993,16,65,866,9760.6,1040,0
4,1,0,40450,2,0,4717,4305,48,45,-412,40450.0,2160,0
4,2,2,92525,0,5,5502,6618,28,36,1116,15420.833333333334,1008,2
9,0,0,91516,0,2,6980,5586,65,33,-1394,30505.333333333332,2145,1
6,0,1,145409,1,9,10387,8150,18,63,-2237,14540.9,1134,1
9,0,2,100475,0,1,12836,12498,55,26,-338,50237.5,1430,1
9,0,2,109578,0,4,14160,10131,63,60,-4029,21915.6,3780,1
2,0,2,72637,0,2,9975,14594,28,31,4619,24212.333333333332,868,0
2,0,2,59195,0,3,4209,5600,4,15,1391,14798.75,60,0
6,0,1,126932,1,7,4917,5109,11,56,192,15866.5,616,1
2,0,2,62459,0,4,781,576,48,40,-205,12491.8,1920,0
4,2,2,83139,0,3,11575,14780,45,44,3205,20784.75,1980,2
9,0,0,133800,4,3,2893,4857,87,15,1964,33450.0,1305,1
9,0,0,153993,4,5,10220,10385,72,70,165,25665.5,5040,1
1,2,1,48207,4,4,7383,7412,65,41,29,9641.4,2665,1
3,2,1,153017,1,8,12344,20848,36,53,8504,17001.88888888889,1908,1
4,1,0,35055,2,0,4080,4302,45,37,222,35055.0,1665,0
3,2,1,72502,0,8,13895,15860,63,49,1965,8055.777777777777,3087,1
3,2,1,60015,0,1,13124,22862,26,41,9738,30007.5,1066,1
3,2,1,178443,1,8,14559,28107,46,27,13548,19827.0,1242,1
9,0,0,121870,0,2,4582,4304,19,63,-278,40623.333333333336,1197,2
9,0,0,103893,0,1,630,534,45,45,-96,51946.5,2025,2
5,0,2,76958,0,2,2614,3129,59,58,515,25652.666666666668,3422,1
4,1,0,47468,2,4,3339,3536,38,48,197,9493.6,1824,0
0,0,2,95357,3,3,8343,12618,29,39,4275,23839.25,1131,2
5,0,2,66318,0,1,5854,6636,34,35,782,33159.0,1190,1
6,0,1,132584,1,6,14453,13509,19,5,-944,18940.571428571428,95,1
7,1,2,32638,2,1,3657,4217,41,40,560,16319.0,1640,0
3,2,1,102528,0,2,12128,16842,61,86,4714,34176.0,5246,1
7,1,2,28649,2,0,6016,5972,30,43,-44,28649.0,1290,0
4,2,2,79400,0,4,10094,11351,36,36,1257,15880.0,1296,1
0,0,2,76077,3,5,13242,16918,25,68,3676,12679.5,1700,1
9,0,0,132687,4,1,4504,8861,67,25,4357,66343.5,1675,1
9,0,0,123978,4,1,5444,4575,79,44,-869,61989.0,3476,1
3,2,1,173887,1,7,7591,18849,38,47,11258,21735.875,1786,1
8,1,2,32440,0,1,1550,1761,40,44,211,16220.0,1760,0
4,1,0,44083,2,3,10509,10325,18,61,-184,11020.75,1098,0
3,2,1,202929,1,5,1394,2214,15,33,820,33821.5,495,1
9,0,0,112695,4,5,12579,25651,63,47,13072,18782.5,2961,1
9,0,0,108382,0,3,2734,3651,69,21,917,27095.5,1449,1
9,0,2,99298,0,4,12523,17840,69,60,5317,19859.6,4140,1
7,1,2,30228,2,3,14565,11685,9,16,-2880,7557.0,144,0
0,0,2,79040,3,7,6336,7039,50,45,703,9880.0,2250,1
4,1,0,43884,2,4,10246,12419,30,16,2173,8776.8,480,0
9,0,2,96319,0,5,5919,6584,45,36,665,16053.166666666666,1620,1
7,1,2,30450,2,3,10789,12218,0,46,1429,7612.5,0,0
9,0,0,154928,4,2,9599,6938,82,55,-2661,51642.666666666664,4510,1
4,2,2,91266,0,3,1792,2649,63,38,857,22816.5,2394,1
3,2,1,217661,1,6,4078,3978,42,81,-100,31094.428571428572,3402,1
2,0,2,68215,0,7,12064,18095,55,50,6031,8526.875,2750,0
1,2,1,46861,4,3,5388,7093,39,36,1705,11715.25,1404,1
2,0,2,67858,0,4,11899,12252,30,50,353,13571.6,1500,0
8,1,2,41816,0,0,6855,9153,12,42,2298,41816.0,504,0
9,0,0,126362,0,2,1687,2483,100,39,796,42120.666666666664,3900,1
6,0,1,118863,1,8,9380,15297,30,30,5917,13207.0,900,1
7,1,2,39581,2,1,1287,1065,37,12,-222,19790.5,444,0
2,0,2,57368,0,4,3507,5249,5,59,1742,11473.6,295,0
0,0,2,90995,3,5,7174,5871,34,95,-1303,15165.833333333334,3230,1
6,0,1,147394,1,8,11489,14123,57,38,2634,16377.111111111111,2166,1
9,0,0,120191,4,2,14557,20765,87,73,6208,40063.666666666664,6351,1
9,0,2,105325,0,6,5579,6126,65,28,547,15046.42857142857,1820,1
2,0,2,55259,0,2,3500,5053,39,53,1553,18419.666666666668,2067,0
8,1,2,40974,0,2,3906,3983,70,20,77,13658.0,1400,0
9,0,0,130541,4,2,5435,5847,44,54,412,43513.666666666664,2376,1
3,2,1,94009,0,3,7885,13047,67,51,5162,23502.25,3417,1
8,1,2,47213,0,0,8764,6143,32,48,-2621,47213.0,1536,0
4,2,2,94833,0,4,13960,21195,39,28,7235,18966.6,1092,1
0,0,2,97272,3,6,959,936,44,47,-23,13896.0,2068,1
1,2,1,49812,4,5,13467,13105,38,52,-362,8302.0,1976,1
4,1,0,41418,2,0,12097,12576,42,43,479,41418.0,1806,0
3,2,1,185912,1,8,14596,13534,58,48,-1062,20656.88888888889,2784,1
8,1,2,54620,0,3,12841,11555,14,42,-1286,13655.0,588,0
9,0,0,125913,4,2,3006,4003,94,44,997,41971.0,4136,1
3,2,1,81372,0,7,11357,11086,0,24,-271,10171.5,0,1
5,0,2,62848,0,2,5186,7507,33,29,2321,20949.333333333332,957,1
5,0,2,68206,0,3,4817,4790,1,38,-27,17051.5,38,1
9,0,0,127735,4,1,5449,6849,68,56,1400,63867.5,3808,2
0,0,2,88902,3,3,5718,9349,24,61,3631,22225.5,1464,1
9,0,0,139988,4,6,4241,5844,76,39,1603,19998.285714285714,2964,1
4,2,2,103173,0,3,13465,19323,56,20,5858,25793.25,1120,1
9,0,0,120021,4,4,3176,6055,100,76,2879,24004.2,7600,1
0,0,2,73582,3,6,9660,14602,42,17,4942,10511.714285714286,714,2
2,0,2,75871,0,4,7416,11137,44,58,3721,15174.2,2552,0
7,1,2,32192,2,0,3468,3918,53,35,450,32192.0,1855,0
4,2,2,88357,0,0,6017,6156,28,40,139,88357.0,1120,1
9,0,2,83240,0,3,3793,6045,48,67,2252,20810.0,3216,2
1,2,1,51125,4,5,3011,2940,23,33,-71,8520.833333333334,759,1
4,2,2,116230,0,5,4330,3508,45,46,-822,19371.666666666668,2070,2
9,0,0,164055,4,7,766,1569,83,16,803,20506.875,1328,1
7,1,2,34734,2,0,7074,5114,24,47,-1960,34734.0,1128,0
9,0,0,112004,0,2,4031,3402,60,71,-629,37334.666666666664,4260,2
6,0,1,146515,1,5,663,1019,68,58,356,24419.166666666668,3944,1
9,0,0,128838,4,5,4095,7882,70,55,3787,21473.0,3850,2
2,0,2,64549,0,2,7189,5595,69,38,-1594,21516.333333333332,2622,2
5,0,2,67464,0,4,1609,1989,31,44,380,13492.8,1364,2
3,2,1,77636,0,6,7508,6807,71,60,-701,11090.857142857143,4260,1
7,1,2,31037,2,0,13865,15732,56,37,1867,31037.0,2072,0
5,0,2,67947,0,0,14523,15413,28,95,890,67947.0,2660,1
9,0,0,133346,4,4,13212,12344,35,67,-868,26669.2,2345,1
3,2,1,150105,1,8,10493,21030,33,58,10537,16678.333333333332,1914,1
4,2,2,79006,0,1,13833,17792,55,58,3959,39503.0,3190,1
9,0,2,87598,0,3,12761,19023,60,33,6262,21899.5,1980,1
9,0,0,123627,4,6,5054,4110,79,38,-944,17661.0,3002,1
9,0,2,107058,0,4,1418,1788,93,36,370,21411.6,3348,2
6,0,1,128926,1,9,3335,3271,29,79,-64,12892.6,2291,1
4,1,0,46818,2,3,10030,11007,62,61,977,11704.5,3782,0
4,2,2,105775,0,5,4732,6105,39,65,1373,17629.166666666668,2535,2
9,0,0,130928,4,9,4350,6971,50,28,2621,13092.8,1400,1
9,0,2,86707,0,5,4937,4629,92,44,-308,14451.166666666666,4048,1
9,0,0,117494,4,4,2581,3195,63,69,614,23498.8,4347,1
2,0,2,59814,0,1,8011,10497,11,78,2486,29907.0,858,0
4,2,2,113630,0,3,10027,15844,0,36,5817,28407.5,0,1
9,0,0,115923,0,2,7941,11200,53,58,3259,38641.0,3074,2
9,0,0,131781,4,6,11344,18265,89,46,6921,18825.85714285714,4094,1
2,0,2,76421,0,4,1353,1177,35,46,-176,15284.2,1610,0
9,0,0,128338,4,4,7698,14322,59,47,6624,25667.6,2773,1
6,0,1,134639,1,6,14120,9913,39,33,-4207,19234.14285714286,1287,1
3,2,1,81507,0,2,14968,23737,42,40,8769,27169.0,1680,1
5,0,2,62183,0,3,12454,19093,39,16,6639,15545.75,624,2
0,0,2,85475,3,4,8303,10381,56,34,2078,17095.0,1904,1
7,1,2,29984,2,1,14014,16097,34,42,2083,14992.0,1428,0
8,1,2,42288,0,3,2234,2992,42,58,758,10572.0,2436,2
4,2,2,86422,0,6,14138,19394,43,53,5256,12346.0,2279,2
6,0,1,113592,1,5,14627,24207,29,22,9580,18932.0,638,1
6,0,1,107201,1,8,4820,4409,15,30,-411,11911.222222222223,450,1
8,1,2,42588,0,6,6394,8705,20,37,2311,6084.0,740,0
9,0,2,97817,0,1,9295,11616,58,30,2321,48908.5,1740,2
9,0,0,155783,4,3,13420,23103,37,57,9683,38945.75,2109,1
3,2,1,68816,0,3,2930,5673,59,12,2743,17204.0,708,1
1,2,1,56692,4,5,14790,21258,15,19,6468,9448.666666666666,285,1
9,0,0,170333,4,5,3048,4910,86,60,1862,28388.833333333332,5160,1
3,2,1,152206,1,7,1157,1074,30,27,-83,19025.75,810,1
4,2,2,91486,0,3,11773,17645,52,62,5872,22871.5,3224,1
8,1,2,30757,0,0,6958,7704,53,33,746,30757.0,1749,0
2,0,2,57310,0,1,12175,11096,37,40,-1079,28655.0,1480,0
6,0,1,155177,1,6,8808,13272,30,28,4464,22168.14285714286,840,1
9,0,2,105082,0,0,8453,7354,68,63,-1099,105082.0,4284,1
3,2,1,74968,0,4,3574,5421,36,52,1847,14993.6,1872,1
3,2,1,172361,1,3,13106,30970,37,18,17864,43090.25,666,1
4,2,2,92447,0,4,3552,4322,33,57,770,18489.4,1881,2
9,0,0,138317,4,3,1885,1697,74,58,-188,34579.25,4292,1
9,0,0,132300,4,3,2453,4841,84,40,2388,33075.0,3360,1
5,0,2,70677,0,1,8913,9651,24,29,738,35338.5,696,1
9,0,2,101260,0,2,11917,15905,67,19,3988,33753.333333333336,1273,1
4,1,0,40470,2,0,9557,7987,47,54,-1570,40470.0,2538,0
4,2,2,114816,0,4,12669,13113,27,43,444,22963.2,1161,2
9,0,0,144779,4,4,11470,14279,52,30,2809,28955.8,1560,1
5,0,2,53578,0,5,14509,12737,44,52,-1772,8929.666666666666,2288,1
0,0,2,80905,3,5,14006,22453,26,29,8447,13484.166666666666,754,2
2,0,2,61614,0,1,11863,13415,32,71,1552,30807.0,2272,2
4,2,2,92956,0,1,10810,7880,41,22,-2930,46478.0,902,1
3,2,1,151932,1,9,2974,7297,16,40,4323,15193.2,640,1
9,0,0,107232,0,1,10129,12901,91,44,2772,53616.0,4004,2
3,2,1,165235,1,10,4625,5605,22,53,980,15021.363636363636,1166,1
9,0,0,151143,4,5,10300,7517,76,38,-2783,25190.5,2888,1
4,1,0,42872,2,3,13022,13512,33,45,490,10718.0,1485,0
5,0,2,64192,0,3,2171,2011,5,79,-160,16048.0,395,1
9,0,0,128210,4,1,2828,2027,64,36,-801,64105.0,2304,1
8,1,2,46285,0,0,12762,9418,27,43,-3344,46285.0,1161,0
9,0,2,95153,0,3,4109,5184,47,33,1075,23788.25,1551,1
5,0,2,63697,0,2,3478,3478,39,15,0,21232.333333333332,585,1
9,0,0,97697,4,4,6409,12073,56,67,5664,19539.4,3752,1
9,0,0,118937,4,8,2864,2646,67,19,-218,13215.222222222223,1273,1
8,1,2,46890,0,2,3386,3181,25,46,-205,15630.0,1150,0
3,2,1,85648,0,5,5751,5830,30,30,79,14274.666666666666,900,1
3,2,1,193293,1,7,14902,30326,26,52,15424,24161.625,1352,1
0,0,2,80217,3,4,3651,3036,48,47,-615,16043.4,2256,1
4,1,0,42922,2,0,12557,14577,38,20,2020,42922.0,760,0
4,1,0,39745,2,3,9340,11331,29,9,1991,9936.25,261,0
9,0,2,75343,0,4,5249,4084,22,57,-1165,15068.6,1254,1
2,0,2,62139,0,4,7755,12077,54,38,4322,12427.8,2052,0
2,0,2,68846,0,1,8728,8771,58,66,43,34423.0,3828,2
5,0,2,63150,0,1,8832,12730,37,72,3898,31575.0,2664,1
3,2,1,154745,1,7,5916,9373,4,51,3457,19343.125,204,1
2,0,2,77836,0,3,8112,6035,53,30,-2077,19459.0,1590,0
4,2,2,82880,0,4,3223,4489,34,44,1266,16576.0,1496,1
0,0,2,64695,3,6,6630,5810,0,58,-820,9242.142857142857,0,1
3,2,1,99639,0,3,6685,7166,43,43,481,24909.75,1849,1
3,2,1,84743,0,5,6223,6982,0,37,759,14123.833333333334,0,1
3,2,1,141962,1,3,13051,22007,21,56,8956,35490.5,1176,1
9,0,2,101722,0,1,13410,23124,81,64,9714,50861.0,5184,2
5,0,2,73304,0,2,4716,5549,0,29,833,24434.666666666668,0,2
4,1,0,47848,2,0,3476,4101,25,73,625,47848.0,1825,0
8,1,2,40604,0,0,10898,15171,32,62,4273,40604.0,1984,0
9,0,0,173105,4,2,14879,33340,45,45,18461,57701.666666666664,2025,1
4,1,0,47860,2,2,5686,4220,28,46,-1466,15953.333333333334,1288,0
9,0,2,69874,0,5,4891,7956,66,51,3065,11645.666666666666,3366,1
5,0,2,64993,0,2,8659,9400,19,35,741,21664.333333333332,665,1
7,1,2,25000,2,1,13521,14568,22,51,1047,12500.0,1122,0
9,0,0,159424,4,4,6376,4654,89,43,-1722,31884.8,3827,1
9,0,0,129918,4,5,787,1144,57,41,357,21653.0,2337,1
9,0,0,96593,0,1,7043,9379,84,20,2336,48296.5,1680,2
1,2,1,62407,4,4,1871,2782,0,37,911,12481.4,0,1
4,2,2,100968,0,7,10405,8443,52,51,-1962,12621.0,2652,1
9,0,0,115072,4,2,11217,9300,73,47,-1917,38357.333333333336,3431,1
3,2,1,188155,1,6,12380,20730,12,51,8350,26879.285714285714,612,1
9,0,0,133199,4,0,10207,21877,96,40,11670,133199.0,3840,1
9,0,0,101856,0,5,1668,2939,87,57,1271,16976.0,4959,1
6,0,1,170344,1,7,14667,24071,15,29,9404,21293.0,435,1
9,0,2,90135,0,4,1188,868,71,57,-320,18027.0,4047,1
3,2,1,216066,1,7,5705,9198,39,57,3493,27008.25,2223,1
4,2,2,91618,0,3,11392,18186,51,61,6794,22904.5,3111,2
8,1,2,34762,0,3,4310,3193,49,86,-1117,8690.5,4214,0
9,0,2,88273,0,3,8090,5757,88,43,-2333,22068.25,3784,1
3,2,1,112524,0,2,7194,12147,41,29,4953,37508.0,1189,1
0,0,2,69317,3,3,10697,11161,26,21,464,17329.25,546,2
3,2,1,75175,0,2,13016,21186,12,55,8170,25058.333333333332,660,1
9,0,0,113113,4,2,7569,10276,62,34,2707,37704.333333333336,2108,1
9,0,0,109055,0,1,5992,9302,82,37,3310,54527.5,3034,1
3,2,1,212989,1,7,8927,10582,44,38,1655,26623.625,1672,1
3,2,1,92064,0,5,11457,20337,24,49,8880,15344.0,1176,1
7,1,2,25000,2,1,2090,1890,24,53,-200,12500.0,1272,0
9,0,2,97776,0,4,12359,15525,48,40,3166,19555.2,1920,1
9,0,2,91902,0,1,11226,12406,100,27,1180,45951.0,2700,1
4,2,2,105712,0,1,14448,15725,6,37,1277,52856.0,222,1
9,0,0,113935,4,2,4966,7769,62,18,2803,37978.333333333336,1116,1
1,2,1,50062,4,8,14453,15309,6,35,856,5562.444444444444,210,1
4,1,0,57944,2,2,14517,12805,54,49,-1712,19314.666666666668,2646,0
9,0,0,116295,0,1,13917,16250,39,57,2333,58147.5,2223,1
9,0,0,142721,4,4,14434,17697,62,12,3263,28544.2,744,1
9,0,0,120122,0,3,14079,13377,61,34,-702,30030.5,2074,1
4,2,2,74718,0,6,1749,1613,46,29,-136,10674.0,1334,2
4,1,0,50465,2,0,5350,6528,35,50,1178,50465.0,1750,0
3,2,1,75071,0,2,14974,14484,17,31,-490,25023.666666666668,527,1
4,1,0,45780,2,2,6602,6563,56,10,-39,15260.0,560,0
9,0,0,131277,4,6,14749,25118,52,53,10369,18753.85714285714,2756,1
1,2,1,56391,4,8,7334,10097,50,58,2763,6265.666666666667,2900,1
5,0,2,68079,0,6,7077,9149,28,62,2072,9725.57142857143,1736,1
6,0,1,101167,1,6,638,476,52,45,-162,14452.42857142857,2340,1
4,2,2,98898,0,5,10049,9334,52,13,-715,16483.0,676,2
1,2,1,63830,4,5,5852,7114,43,64,1262,10638.333333333334,2752,1
1,2,1,44318,4,5,9302,8480,40,35,-822,7386.333333333333,1400,1
8,1,2,41512,0,0,5567,4306,41,20,-1261,41512.0,820,2
4,2,2,98643,0,4,2688,4141,16,27,1453,19728.6,432,2
9,0,0,133653,4,3,13518,10913,80,48,-2605,33413.25,3840,1
9,0,0,144867,4,8,9839,9610,62,58,-229,16096.333333333334,3596,1
6,0,1,97990,1,4,8656,14601,20,81,5945,19598.0,1620,1
3,2,1,85920,0,5,9092,16910,39,46,7818,14320.0,1794,1
9,0,2,83765,0,2,14129,24686,98,54,10557,27921.666666666668,5292,1
1,2,1,62105,4,5,5862,6617,48,41,755,10350.833333333334,1968,1
3,2,1,87889,0,2,7081,9981,56,55,2900,29296.333333333332,3080,1
0,0,2,92431,3,1,7042,6696,14,32,-346,46215.5,448,1
4,2,2,71136,0,6,12711,11616,45,35,-1095,10162.285714285714,1575,1
3,2,1,210875,1,9,7632,16939,31,33,9307,21087.5,1023,1
9,0,2,83917,0,5,5352,7806,44,54,2454,13986.166666666666,2376,1
9,0,0,108313,0,2,10502,17913,74,49,7411,36104.333333333336,3626,1
4,1,0,37948,2,0,7645,8714,56,71,1069,37948.0,3976,0
9,0,0,124916,4,6,1730,3101,64,39,1371,17845.14285714286,2496,1
9,0,0,131932,4,4,780,841,49,47,61,26386.4,2303,1
4,1,0,44119,2,2,1547,1267,6,43,-280,14706.333333333334,258,0
2,0,2,51052,0,1,3172,2788,76,41,-384,25526.0,3116,0
2,0,2,53837,0,3,9214,12977,6,32,3763,13459.25,192,0
4,2,2,82330,0,3,2347,3850,42,19,1503,20582.5,798,1
4,1,0,40776,2,4,8456,9904,40,85,1448,8155.2,3400,0
6,0,1,141618,1,9,14917,27880,0,35,12963,14161.8,0,1
4,2,2,58396,0,2,14620,16540,26,53,1920,19465.333333333332,1378,1
9,0,0,127040,0,1,8217,6563,79,19,-1654,63520.0,1501,2
5,0,2,66914,0,2,3013,4174,30,48,1161,22304.666666666668,1440,1
3,2,1,193769,1,8,10484,22974,29,26,12490,21529.88888888889,754,1
3,2,1,156048,1,6,5049,12071,6,64,7022,22292.571428571428,384,1
4,1,0,35007,2,0,9131,7046,9,25,-2085,35007.0,225,0
3,2,1,81472,0,3,3135,2219,32,61,-916,20368.0,1952,1
4,1,0,47207,2,5,3763,4274,38,58,511,7867.833333333333,2204,0
4,1,0,41277,2,0,9503,11338,0,41,1835,41277.0,0,0
9,0,0,133099,4,5,4093,4988,58,29,895,22183.166666666668,1682,1
8,1,2,40870,0,2,7214,5197,25,33,-2017,13623.333333333334,825,0
4,1,0,42124,2,0,11775,11060,2,5,-715,42124.0,10,0
4,1,0,43419,2,3,534,556,7,65,22,10854.75,455,0
9,0,0,146959,4,3,6198,4605,61,73,-1593,36739.75,4453,1
4,1,0,46761,2,0,3142,3572,36,71,430,46761.0,2556,0
7,1,2,25000,2,0,3668,3867,40,55,199,25000.0,2200,0
8,1,2,42281,0,1,3589,3607,10,46,18,21140.5,460,0
9,0,0,112825,4,4,5771,10090,93,29,4319,22565.0,2697,1
7,1,2,28283,2,2,13764,13949,54,58,185,9427.666666666666,3132,0
2,0,2,74902,0,2,4502,5790,8,41,1288,24967.333333333332,328,2
6,0,1,143774,1,7,4349,7174,44,12,2825,17971.75,528,1
4,1,0,42795,2,4,531,527,22,56,-4,8559.0,1232,0
1,2,1,52609,4,4,11790,11533,65,5,-257,10521.8,325,1
6,0,1,112827,1,4,7347,6933,49,45,-414,22565.4,2205,1
9,0,0,118580,4,5,11313,11358,50,38,45,19763.333333333332,1900,1
4,2,2,69015,0,3,10518,15591,26,37,5073,17253.75,962,2
9,0,0,143169,4,1,7890,11941,68,29,4051,71584.5,1972,1
1,2,1,54426,4,6,11927,9704,32,84,-2223,7775.142857142857,2688,1
9,0,0,135430,4,7,13978,16732,34,30,2754,16928.75,1020,1
4,2,2,93751,0,4,7645,8006,52,54,361,18750.2,2808,2
0,0,2,82903,3,5,4221,2963,34,55,-1258,13817.166666666666,1870,2
0,0,2,78766,3,4,9606,6946,36,52,-2660,15753.2,1872,1
6,0,1,136447,1,6,14788,13527,4,43,-1261,19492.428571428572,172,1
3,2,1,171483,1,7,6813,14476,83,22,7663,21435.375,1826,1
9,0,2,88843,0,4,13845,12839,64,10,-1006,17768.6,640,1
8,1,2,50050,0,2,12738,10649,63,51,-2089,16683.333333333332,3213,0
1,2,1,54467,4,7,6008,6412,49,65,404,6808.375,3185,1
6,0,1,137458,1,7,10840,18850,56,36,8010,17182.25,2016,1
6,0,1,154704,1,6,13792,12387,12,26,-1405,22100.571428571428,312,1
9,0,0,133739,4,2,7015,15543,84,18,8528,44579.666666666664,1512,1
9,0,0,101420,0,1,4560,6907,63,48,2347,50710.0,3024,2
1,2,1,61762,4,3,5492,4567,23,74,-925,15440.5,1702,1
9,0,0,102758,4,4,1718,2379,76,63,661,20551.6,4788,1
9,0,0,164169,4,5,11376,23440,80,47,12064,27361.5,3760,1
4,2,2,73605,0,4,3069,3001,45,60,-68,14721.0,2700,2
6,0,1,151738,1,7,4196,7501,57,27,3305,18967.25,1539,1
9,0,0,128641,4,6,2124,3279,80,31,1155,18377.285714285714,2480,1
0,0,2,72000,3,8,8824,10732,50,65,1908,8000.0,3250,1
7,1,2,25065,2,0,3561,2995,31,34,-566,25065.0,1054,0
4,1,0,43009,2,3,10331,9818,23,71,-513,10752.25,1633,0
1,2,1,48116,4,3,8313,11952,21,59,3639,12029.0,1239,1
4,1,0,39705,2,1,13021,9649,0,54,-3372,19852.5,0,0
8,1,2,40032,0,4,8401,6454,7,48,-1947,8006.4,336,0
8,1,2,33544,0,2,2056,2052,0,35,-4,11181.333333333334,0,0
8,1,2,36882,0,2,12878,12242,67,33,-636,12294.0,2211,0
0,0,2,86332,3,5,10035,10957,28,19,922,14388.666666666666,532,1
9,0,0,125713,4,3,10900,15228,98,56,4328,31428.25,5488,1
1,2,1,54414,4,5,2145,2293,19,12,148,9069.0,228,2
9,0,2,84583,0,4,13120,17551,92,30,4431,16916.6,2760,1
3,2,1,170360,1,4,2587,2015,12,71,-572,34072.0,852,1
3,2,1,164657,1,9,7784,18146,7,14,10362,16465.7,98,1
9,0,0,107249,0,3,8047,12968,71,52,4921,26812.25,3692,1
4,1,0,48271,2,0,2313,2549,47,14,236,48271.0,658,0
3,2,1,201520,1,9,7364,10472,33,28,3108,20152.0,924,1
0,0,2,76179,3,6,9236,10828,16,40,1592,10882.714285714286,640,1
1,2,1,54679,4,7,11850,12288,27,9,438,6834.875,243,1
7,1,2,30541,2,1,11325,13425,55,79,2100,15270.5,4345,0
9,0,0,129162,4,3,12532,24062,83,40,11530,32290.5,3320,1
4,1,0,36235,2,1,13966,14910,19,69,944,18117.5,1311,0
4,1,0,37438,2,0,6902,8008,33,72,1106,37438.0,2376,0
7,1,2,25281,2,3,11902,10334,46,63,-1568,6320.25,2898,0
1,2,1,48133,4,4,6799,9411,12,53,2612,9626.6,636,1
3,2,1,196936,1,8,14752,19280,34,36,4528,21881.777777777777,1224,1
3,2,1,191621,1,8,14089,33437,39,36,19348,21291.222222222223,1404,1
9,0,0,113062,4,4,5803,5077,39,41,-726,22612.4,1599,1
9,0,2,73399,0,3,5547,7321,41,49,1774,18349.75,2009,1
1,2,1,52279,4,4,10218,15240,36,55,5022,10455.8,1980,1
6,0,1,156233,1,7,3162,2324,10,66,-838,19529.125,660,1
7,1,2,26989,2,1,4162,4743,7,56,581,13494.5,392,0
2,0,2,64592,0,2,11496,16725,38,37,5229,21530.666666666668,1406,0
3,2,1,69006,0,3,10927,12772,38,22,1845,17251.5,836,1
4,2,2,73038,0,5,7780,5769,27,22,-2011,12173.0,594,1
6,0,1,144262,1,10,2736,4802,28,34,2066,13114.727272727272,952,1
0,0,2,80316,3,3,10458,13770,15,42,3312,20079.0,630,1
5,0,2,56610,0,3,4892,3793,28,66,-1099,14152.5,1848,1
9,0,0,120482,4,2,13031,22727,98,5,9696,40160.666666666664,490,1
8,1,2,42040,0,0,7431,9013,26,47,1582,42040.0,1222,0
2,0,2,72745,0,2,1531,1347,51,38,-184,24248.333333333332,1938,0
3,2,1,184300,1,6,10637,18846,20,53,8209,26328.571428571428,1060,1
5,0,2,63756,0,4,853,1100,36,30,247,12751.2,1080,2
9,0,0,100406,4,5,9564,15999,87,48,6435,16734.333333333332,4176,1
5,0,2,69366,0,3,5529,6725,40,51,1196,17341.5,2040,1
2,0,2,73746,0,1,9661,11528,59,33,1867,36873.0,1947,0
3,2,1,88345,0,3,10622,19757,25,49,9135,22086.25,1225,1
2,0,2,79077,0,5,7145,6405,71,49,-740,13179.5,3479,0
9,0,0,117744,0,1,8840,9195,56,52,355,58872.0,2912,1
4,2,2,77097,0,3,10465,8597,48,81,-1868,19274.25,3888,1
0,0,2,85184,3,6,5452,6305,34,69,853,12169.142857142857,2346,1
8,1,2,31238,0,1,8070,10628,62,25,2558,15619.0,1550,0
2,0,2,74348,0,1,14244,13510,26,71,-734,37174.0,1846,0
1,2,1,51013,4,7,10820,14975,24,24,4155,6376.625,576,1
9,0,2,84366,0,3,7031,6476,70,49,-555,21091.5,3430,1
1,2,1,52632,4,4,13745,11708,31,55,-2037,10526.4,1705,1
9,0,0,116409,0,0,6739,4724,55,44,-2015,116409.0,2420,1
4,2,2,81220,0,3,10072,8439,37,59,-1633,20305.0,2183,2
9,0,0,109381,4,3,4845,4928,34,69,83,27345.25,2346,1
7,1,2,29929,2,1,661,704,35,18,43,14964.5,630,0
9,0,0,126043,4,5,11360,20795,52,72,9435,21007.166666666668,3744,1
4,2,2,83458,0,3,6963,10656,44,42,3693,20864.5,1848,2
7,1,2,38186,2,0,3300,2572,59,63,-728,38186.0,3717,0
0,0,2,89243,3,6,1014,1366,32,47,352,12749.0,1504,1
8,1,2,48987,0,4,2786,3430,39,70,644,9797.4,2730,0
9,0,0,132194,4,2,6999,12854,63,53,5855,44064.666666666664,3339,1
2,0,2,70995,0,1,9558,14159,26,55,4601,35497.5,1430,0
6,0,1,139389,1,5,1502,2694,32,43,1192,23231.5,1376,1
0,0,2,84032,3,3,9418,13478,34,28,4060,21008.0,952,2
2,0,2,81055,0,2,9259,8141,38,57,-1118,27018.333333333332,2166,0
7,1,2,27638,2,0,9021,8780,18,75,-241,27638.0,1350,0
4,2,2,88937,0,2,4128,4181,17,40,53,29645.666666666668,680,2
1,2,1,59973,4,3,14873,12838,51,45,-2035,14993.25,2295,1
3,2,1,205381,1,9,9602,12267,22,40,2665,20538.1,880,1
0,0,2,100492,3,2,11407,17937,38,64,6530,33497.333333333336,2432,1
7,1,2,30642,2,0,8404,8283,4,22,-121,30642.0,88,0
3,2,1,71166,0,3,13849,24691,3,43,10842,17791.5,129,1
1,2,1,61199,4,5,4382,4118,42,46,-264,10199.833333333334,1932,1
3,2,1,199959,1,6,12573,23795,23,68,11222,28565.571428571428,1564,1
2,0,2,46889,0,3,14154,18328,26,28,4174,11722.25,728,0
1,2,1,45421,4,5,6195,6619,25,60,424,7570.166666666667,1500,1
0,0,2,77502,3,7,4375,6150,18,32,1775,9687.75,576,1
9,0,0,116404,4,3,7824,7158,76,47,-666,29101.0,3572,1
6,0,1,147203,1,8,708,734,26,29,26,16355.888888888889,754,1
9,0,0,111064,4,1,3987,5779,80,77,1792,55532.0,6160,1
3,2,1,89105,0,2,6151,11880,25,5,5729,29701.666666666668,125,1
4,2,2,92054,0,2,11621,14582,54,70,2961,30684.666666666668,3780,1
9,0,0,105635,0,3,10202,8086,47,49,-2116,26408.75,2303,1
7,1,2,30233,2,1,11068,10970,34,39,-98,15116.5,1326,0
9,0,0,126799,4,3,6356,10896,75,58,4540,31699.75,4350,1
2,0,2,69593,0,4,2090,2538,23,58,448,13918.6,1334,2
2,0,2,45974,0,2,13070,15186,21,20,2116,15324.666666666666,420,0
9,0,2,107345,0,6,14024,16332,56,13,2308,15335.0,728,1
1,2,1,53467,4,3,11394,9954,72,27,-1440,13366.75,1944,1
8,1,2,40226,0,3,7853,9084,36,41,1231,10056.5,1476,0
9,0,0,128569,4,2,8735,13534,58,37,4799,42856.333333333336,2146,1
6,0,1,125921,1,5,12313,12772,39,60,459,20986.833333333332,2340,1
3,2,1,72940,0,1,2438,4441,56,28,2003,36470.0,1568,1
5,0,2,66641,0,0,3154,3307,34,58,153,66641.0,1972,1
6,0,1,155914,1,7,11030,16752,50,54,5722,19489.25,2700,1
9,0,0,107514,4,5,2351,1778,57,61,-573,17919.0,3477,1
8,1,2,41441,0,0,6600,5363,35,63,-1237,41441.0,2205,2
9,0,0,120632,4,3,4283,5640,83,40,1357,30158.0,3320,1
6,0,1,127991,1,5,5343,8150,35,64,2807,21331.833333333332,2240,1
2,0,2,59165,0,4,2654,2668,36,20,14,11833.0,720,2
3,2,1,164137,1,7,1208,1901,21,34,693,20517.125,714,1
5,0,2,82902,0,2,4993,4429,67,25,-564,27634.0,1675,1
8,1,2,33962,0,2,9652,10357,42,53,705,11320.666666666666,2226,0
0,0,2,85890,3,4,6631,9037,57,38,2406,17178.0,2166,1
2,0,2,68514,0,5,1132,1572,49,76,440,11419.0,3724,0
9,0,0,164735,4,5,13400,10567,61,13,-2833,27455.833333333332,793,1
9,0,0,70936,0,2,5801,6147,80,76,346,23645.333333333332,6080,1
3,2,1,199402,1,5,10287,8803,37,37,-1484,33233.666666666664,1369,1
0,0,2,71436,3,5,8326,11122,17,26,2796,11906.0,442,1
7,1,2,30884,2,2,7470,7969,41,7,499,10294.666666666666,287,0
9,0,0,121146,4,4,14510,17444,48,49,2934,24229.2,2352,1
9,0,0,118791,0,4,10477,17044,47,33,6567,23758.2,1551,1
7,1,2,31351,2,1,4365,5092,55,67,727,15675.5,3685,0
6,0,1,119730,1,4,10907,19532,31,79,8625,23946.0,2449,1
5,0,2,51434,0,1,13494,13778,19,37,284,25717.0,703,2
2,0,2,78883,0,3,8674,12789,18,51,4115,19720.75,918,2
5,0,2,75403,0,4,6870,9783,33,47,2913,15080.6,1551,1
1,2,1,56133,4,3,5227,4896,26,57,-331,14033.25,1482,1
7,1,2,27293,2,1,10285,12137,44,42,1852,13646.5,1848,0
3,2,1,165747,1,7,7661,16186,23,38,8525,20718.375,874,1
9,0,0,140431,4,5,2079,2390,62,81,311,23405.166666666668,5022,1
1,2,1,68687,4,5,4190,5821,56,37,1631,11447.833333333334,2072,1
9,0,0,107497,4,6,8513,8954,93,38,441,15356.714285714286,3534,1
9,0,0,129699,4,3,5209,5292,85,31,83,32424.75,2635,1
4,1,0,59460,2,1,6196,7079,35,44,883,29730.0,1540,0
9,0,0,85887,0,2,3223,4963,43,58,1740,28629.0,2494,2
9,0,0,119521,4,5,554,833,87,42,279,19920.166666666668,3654,1
8,1,2,45097,0,2,2592,1989,18,11,-603,15032.333333333334,198,0
9,0,0,112900,0,1,14736,18487,98,27,3751,56450.0,2646,1
6,0,1,143650,1,5,12249,10705,39,56,-1544,23941.666666666668,2184,1
9,0,2,76920,0,4,13259,22101,100,61,8842,15384.0,6100,1
3,2,1,81677,0,3,8090,7857,40,44,-233,20419.25,1760,1
9,0,0,154322,4,3,7473,12205,89,57,4732,38580.5,5073,1
1,2,1,50739,4,6,11027,11115,46,32,88,7248.428571428572,1472,1
4,1,0,36969,2,1,4536,3968,54,45,-568,18484.5,2430,0
7,1,2,28775,2,0,9604,8923,41,49,-681,28775.0,2009,0
4,1,0,42605,2,2,11560,10021,29,54,-1539,14201.666666666666,1566,0
1,2,1,59852,4,3,5820,8048,46,76,2228,14963.0,3496,1
9,0,0,123419,4,8,10075,17463,78,65,7388,13713.222222222223,5070,1
9,0,0,162613,4,5,11661,22188,78,65,10527,27102.166666666668,5070,1
9,0,0,121447,4,4,12178,23203,79,35,11025,24289.4,2765,1
9,0,0,127908,0,2,7153,7643,51,54,490,42636.0,2754,1
1,2,1,46308,4,5,5868,6028,0,54,160,7718.0,0,1
7,1,2,35476,2,1,10575,8398,34,13,-2177,17738.0,442,0
5,0,2,68280,0,6,1590,2505,21,84,915,9754.285714285714,1764,1
7,1,2,28706,2,0,1355,1531,44,27,176,28706.0,1188,0
0,0,2,71688,3,4,10932,10805,39,8,-127,14337.6,312,1
7,1,2,28993,2,0,5554,6938,16,25,1384,28993.0,400,0
9,0,0,104395,0,1,4732,6610,95,46,1878,52197.5,4370,1
5,0,2,68822,0,6,5534,4286,32,30,-1248,9831.714285714286,960,1
5,0,2,49822,0,1,4273,5538,42,30,1265,24911.0,1260,1
3,2,1,105171,0,2,4019,3793,42,37,-226,35057.0,1554,1
4,2,2,110799,0,1,2812,2894,35,28,82,55399.5,980,2
5,0,2,78131,0,3,14817,18249,0,61,3432,19532.75,0,1
4,1,0,43680,2,3,12679,9279,81,65,-3400,10920.0,5265,0
9,0,0,102320,0,3,14152,15008,89,44,856,25580.0,3916,1
9,0,0,114021,0,2,6339,4504,70,38,-1835,38007.0,2660,1
2,0,2,74609,0,1,12006,13070,37,56,1064,37304.5,2072,0
5,0,2,73742,0,2,3767,5899,13,60,2132,24580.666666666668,780,1
2,0,2,61892,0,1,14383,14324,32,21,-59,30946.0,672,0
9,0,2,87330,0,5,1100,1876,42,44,776,14555.0,1848,1
9,0,2,89113,0,4,8500,8628,46,38,128,17822.6,1748,1
1,2,1,36913,4,4,996,1051,18,21,55,7382.6,378,1
9,0,2,103531,0,1,2544,3326,53,56,782,51765.5,2968,1
9,0,2,85354,0,2,7402,6468,81,29,-934,28451.333333333332,2349,1
0,0,2,94297,3,5,13402,16242,37,61,2840,15716.166666666666,2257,1
4,1,0,44819,2,3,3793,2742,22,42,-1051,11204.75,924,0
0,0,2,89490,3,5,11056,12947,42,91,1891,14915.0,3822,2
6,0,1,128178,1,6,10344,12634,11,54,2290,18311.14285714286,594,1
8,1,2,32097,0,2,1113,1180,56,57,67,10699.0,3192,0
5,0,2,57598,0,3,8790,11169,38,55,2379,14399.5,2090,2
6,0,1,145348,1,6,3368,3645,33,16,277,20764.0,528,1
9,0,0,116949,0,2,6277,10032,71,34,3755,38983.0,2414,1
5,0,2,54335,0,2,9401,8528,29,28,-873,18111.666666666668,812,2
9,0,2,104005,0,4,657,981,88,42,324,20801.0,3696,1
0,0,2,98559,3,2,9590,12544,32,27,2954,32853.0,864,1
9,0,0,118967,4,3,5676,10999,69,62,5323,29741.75,4278,1
7,1,2,30172,2,1,3474,3228,30,40,-246,15086.0,1200,0
5,0,2,64823,0,2,11829,17960,2,23,6131,21607.666666666668,46,2
8,1,2,37641,0,3,5852,4789,6,28,-1063,9410.25,168,0
6,0,1,146254,1,7,5864,10955,19,27,5091,18281.75,513,1
5,0,2,74449,0,3,13806,14496,39,43,690,18612.25,1677,1
9,0,0,138990,4,3,2163,3562,80,55,1399,34747.5,4400,1
3,2,1,206641,1,8,14647,32124,41,45,17477,22960.11111111111,1845,1
7,1,2,25129,2,0,7460,6962,38,64,-498,25129.0,2432,0
9,0,2,94559,0,6,5292,7135,98,64,1843,13508.42857142857,6272,1
0,0,2,91111,3,5,6750,7720,41,69,970,15185.166666666666,2829,1
9,0,0,129795,0,3,12545,18232,65,59,5687,32448.75,3835,1
5,0,2,66861,0,2,12661,13801,4,43,1140,22287.0,172,1
6,0,1,134593,1,6,3163,4557,3,10,1394,19227.571428571428,30,1
4,2,2,83443,0,3,7012,5302,44,57,-1710,20860.75,2508,1
6,0,1,131283,1,7,1569,1563,26,43,-6,16410.375,1118,1
9,0,2,71406,0,7,3939,4128,76,45,189,8925.75,3420,1
9,0,0,127095,4,4,10128,20316,90,38,10188,25419.0,3420,1
3,2,1,178796,1,10,4709,7089,6,44,2380,16254.181818181818,264,1
3,2,1,103960,0,4,13506,22112,13,62,8606,20792.0,806,1
2,0,2,57854,0,2,6094,6998,25,58,904,19284.666666666668,1450,0
3,2,1,169394,1,8,10126,11189,36,35,1063,18821.555555555555,1260,1
3,2,1,192049,1,8,13448,30474,22,41,17026,21338.777777777777,902,1
4,1,0,42659,2,0,1105,971,11,40,-134,42659.0,440,0
9,0,0,108329,4,3,9220,15190,70,51,5970,27082.25,3570,1
1,2,1,55409,4,3,6075,5816,0,54,-259,13852.25,0,1
9,0,2,83554,0,4,9960,14859,51,38,4899,16710.8,1938,1
1,2,1,52852,4,3,4333,4569,4,56,236,13213.0,224,1
9,0,0,143860,4,4,2059,2787,32,50,728,28772.0,1600,1
1,2,1,58675,4,5,10239,12003,38,95,1764,9779.166666666666,3610,1
3,2,1,95356,0,1,9053,14952,0,33,5899,47678.0,0,1
6,0,1,135152,1,8,5210,6930,55,82,1720,15016.888888888889,4510,1
3,2,1,84964,0,4,5330,8938,28,38,3608,16992.8,1064,1
2,0,2,59625,0,4,12560,15170,35,5,2610,11925.0,175,0
4,2,2,76742,0,0,8965,9359,36,26,394,76742.0,936,1
3,2,1,160777,1,9,12805,17750,47,66,4945,16077.7,3102,1
4,1,0,38586,2,3,8000,8341,32,52,341,9646.5,1664,0
7,1,2,28674,2,2,7676,6930,23,47,-746,9558.0,1081,0
1,2,1,51947,4,4,14866,17757,57,62,2891,10389.4,3534,1
0,0,2,81762,3,2,13199,19533,59,62,6334,27254.0,3658,2
7,1,2,32231,2,1,10905,8764,46,88,-2141,16115.5,4048,0
7,1,2,30315,2,3,12857,12613,30,37,-244,7578.75,1110,0
9,0,0,119556,4,4,8992,11093,70,8,2101,23911.2,560,1
0,0,2,103353,3,4,10204,13206,0,67,3002,20670.6,0,1
9,0,0,121171,4,4,2850,4983,57,48,2133,24234.2,2736,1
5,0,2,63725,0,2,12709,9199,36,41,-3510,21241.666666666668,1476,1
5,0,2,71956,0,3,12478,9424,30,41,-3054,17989.0,1230,1
3,2,1,151312,1,5,11318,19028,40,43,7710,25218.666666666668,1720,1
0,0,2,78754,3,4,2755,4420,66,48,1665,15750.8,3168,1
1,2,1,56382,4,5,9354,8150,24,29,-1204,9397.0,696,1
3,2,1,84014,0,5,10468,7943,22,18,-2525,14002.333333333334,396,1
6,0,1,132016,1,6,1842,1812,3,32,-30,18859.428571428572,96,1
9,0,0,132254,4,4,5876,5719,63,35,-157,26450.8,2205,1
1,2,1,53425,4,5,5402,5722,31,64,320,8904.166666666666,1984,1
6,0,1,140630,1,8,5885,4349,23,38,-1536,15625.555555555555,874,1
4,2,2,99564,0,3,4856,5212,50,20,356,24891.0,1000,2
8,1,2,33255,0,1,8632,10550,22,58,1918,16627.5,1276,0
1,2,1,55505,4,5,6909,8679,28,50,1770,9250.833333333334,1400,1
9,0,0,95548,0,2,1859,1618,58,53,-241,31849.333333333332,3074,1
4,1,0,53434,2,2,4065,3494,52,51,-571,17811.333333333332,2652,0
9,0,2,106792,0,3,9153,9943,79,38,790,26698.0,3002,1
7,1,2,33868,2,0,12820,14960,66,34,2140,33868.0,2244,0
0,0,2,85462,3,5,9287,10615,44,18,1328,14243.666666666666,792,2
4,2,2,112788,0,4,1842,1336,18,46,-506,22557.6,828,2
9,0,2,90235,0,3,10490,16995,47,50,6505,22558.75,2350,1
0,0,2,94624,3,6,9327,6688,0,5,-2639,13517.714285714286,0,2
2,0,2,77475,0,3,6014,9403,15,52,3389,19368.75,780,0
9,0,0,103685,4,1,13952,15673,47,47,1721,51842.5,2209,1
4,1,0,53663,2,3,13524,16164,29,47,2640,13415.75,1363,0
3,2,1,73767,0,5,14696,12189,40,27,-2507,12294.5,1080,1
3,2,1,92526,0,5,14359,25434,16,65,11075,15421.0,1040,1
0,0,2,88485,3,4,2226,3232,29,48,1006,17697.0,1392,1
5,0,2,65533,0,4,9955,9288,17,10,-667,13106.6,170,1
7,1,2,25063,2,0,5671,5476,22,51,-195,25063.0,1122,0
1,2,1,50375,4,4,14613,19228,25,58,4615,10075.0,1450,1
6,0,1,125655,1,6,7429,12379,29,28,4950,17950.714285714286,812,1
9,0,2,83141,0,2,4121,4814,76,51,693,27713.666666666668,3876,1
9,0,0,90626,0,1,10789,12314,34,32,1525,45313.0,1088,1
4,1,0,37620,2,0,8767,10579,49,17,1812,37620.0,833,0
4,2,2,82188,0,3,838,1343,38,8,505,20547.0,304,2
4,1,0,42887,2,0,694,652,14,61,-42,42887.0,854,0
9,0,2,84194,0,5,2573,4475,56,55,1902,14032.333333333334,3080,1
9,0,0,131888,4,5,12724,15756,29,34,3032,21981.333333333332,986,1
9,0,0,108774,0,5,9931,12380,78,48,2449,18129.0,3744,1
4,2,2,94177,0,3,10076,16426,35,25,6350,23544.25,875,1
9,0,0,87304,4,2,4573,8922,79,39,4349,29101.333333333332,3081,1
9,0,0,126058,4,6,14472,20649,81,54,6177,18008.285714285714,4374,1
5,0,2,73742,0,1,5536,7134,10,24,1598,36871.0,240,1
3,2,1,104974,0,4,14690,23606,18,37,8916,20994.8,666,1
7,1,2,29972,2,0,2486,3047,26,19,561,29972.0,494,0
4,1,0,40972,2,1,7489,9285,31,38,1796,20486.0,1178,0
3,2,1,192699,1,7,1467,1786,53,57,319,24087.375,3021,1
7,1,2,27762,2,0,14038,14386,47,55,348,27762.0,2585,0
4,2,2,98784,0,4,2155,3044,34,8,889,19756.8,272,2
4,1,0,52433,2,2,2515,3080,45,51,565,17477.666666666668,2295,0
2,0,2,70701,0,3,5869,7123,79,67,1254,17675.25,5293,0
6,0,1,132435,1,6,2722,2029,41,31,-693,18919.285714285714,1271,1
9,0,2,90866,0,5,12208,10498,63,39,-1710,15144.333333333334,2457,1
9,0,2,92681,0,3,7061,6216,81,51,-845,23170.25,4131,1
6,0,1,126172,1,8,6123,9626,46,69,3503,14019.111111111111,3174,1
5,0,2,62866,0,3,3869,4019,37,27,150,15716.5,999,1
4,2,2,86680,0,6,7087,7786,48,43,699,12382.857142857143,2064,2
6,0,1,125786,1,7,7706,13031,44,23,5325,15723.25,1012,1
9,0,2,103208,0,4,11808,18961,82,50,7153,20641.6,4100,1
1,2,1,53472,4,5,12306,15991,8,37,3685,8912.0,296,1
8,1,2,35664,0,0,9811,11965,44,61,2154,35664.0,2684,0
9,0,2,95056,0,1,6287,6294,100,30,7,47528.0,3000,1
4,2,2,106478,0,1,10636,16590,0,51,5954,53239.0,0,1
4,1,0,48257,2,0,616,538,25,50,-78,48257.0,1250,0
1,2,1,52676,4,5,5771,6084,32,32,313,8779.333333333334,1024,1
9,0,0,110223,0,0,6508,6212,61,39,-296,110223.0,2379,1
5,0,2,66295,0,1,11406,17714,43,27,6308,33147.5,1161,1
9,0,0,124435,0,2,11160,10384,90,31,-776,41478.333333333336,2790,2
0,0,2,76903,3,4,6821,9556,38,74,2735,15380.6,2812,1
9,0,2,96738,0,4,10081,17220,67,53,7139,19347.6,3551,2
3,2,1,171535,1,7,3546,4426,21,68,880,21441.875,1428,1
7,1,2,26891,2,1,13440,12695,39,51,-745,13445.5,1989,0
9,0,0,109772,0,4,6723,7572,65,60,849,21954.4,3900,1
9,0,2,108047,0,5,6937,5317,81,84,-1620,18007.833333333332,6804,1
9,0,0,112604,4,5,11313,9642,77,44,-1671,18767.333333333332,3388,1
0,0,2,77631,3,3,8824,13742,40,55,4918,19407.75,2200,1
5,0,2,49177,0,3,8465,10804,26,17,2339,12294.25,442,1
5,0,2,86252,0,3,961,1145,13,54,184,21563.0,702,1
1,2,1,58970,4,4,10240,15106,51,54,4866,11794.0,2754,1
4,2,2,82369,0,1,11152,10986,13,39,-166,41184.5,507,2
8,1,2,39411,0,2,576,665,31,64,89,13137.0,1984,0
6,0,1,148204,1,7,4585,6290,77,63,1705,18525.5,4851,1
9,0,0,132630,4,5,9039,18615,56,31,9576,22105.0,1736,1
8,1,2,39827,0,1,13725,14556,33,28,831,19913.5,924,0
2,0,2,61113,0,3,1625,2284,40,16,659,15278.25,640,0
9,0,0,87924,0,3,1072,1698,59,83,626,21981.0,4897,1
3,2,1,177180,1,8,11912,22969,53,76,11057,19686.666666666668,4028,1
7,1,2,30515,2,1,10897,10980,34,48,83,15257.5,1632,0
7,1,2,27370,2,0,9272,7111,0,39,-2161,27370.0,0,0
8,1,2,25000,0,1,14069,18323,16,65,4254,12500.0,1040,0
9,0,0,137498,4,5,6616,5010,92,63,-1606,22916.333333333332,5796,1
9,0,0,159513,4,5,3595,6153,100,55,2558,26585.5,5500,1
1,2,1,62237,4,1,520,538,26,38,18,31118.5,988,1
5,0,2,59799,0,5,4006,6355,19,67,2349,9966.5,1273,1
2,0,2,68417,0,0,2838,2350,28,55,-488,68417.0,1540,0
8,1,2,35772,0,1,3916,5022,5,25,1106,17886.0,125,0
9,0,0,143571,4,4,14544,18112,52,64,3568,28714.2,3328,1
0,0,2,87337,3,2,2178,2395,24,57,217,29112.333333333332,1368,1
3,2,1,71763,0,5,4746,7485,39,47,2739,11960.5,1833,1
5,0,2,69460,0,4,2401,1704,43,32,-697,13892.0,1376,1
4,2,2,85774,0,3,9986,10337,58,71,351,21443.5,4118,2
3,2,1,193141,1,7,5693,12512,14,30,6819,24142.625,420,1
6,0,1,121490,1,6,854,1011,29,75,157,17355.714285714286,2175,1
8,1,2,40544,0,1,9922,10185,60,52,263,20272.0,3120,0
8,1,2,39936,0,2,8614,7690,48,47,-924,13312.0,2256,0
2,0,2,69289,0,2,11889,11854,48,25,-35,23096.333333333332,1200,0
3,2,1,76654,0,6,11838,19631,12,58,7793,10950.57142857143,696,1
3,2,1,202182,1,9,3345,6096,68,60,2751,20218.2,4080,1
1,2,1,51931,4,5,9291,8071,63,40,-1220,8655.166666666666,2520,1
3,2,1,160745,1,10,8841,16652,22,45,7811,14613.181818181818,990,1
4,2,2,86875,0,3,4917,7806,41,49,2889,21718.75,2009,1
4,2,2,75643,0,1,6244,7479,45,27,1235,37821.5,1215,2
0,0,2,65430,3,4,12082,18906,52,25,6824,13086.0,1300,1
0,0,2,88174,3,5,14122,20943,36,54,6821,14695.666666666666,1944,1
1,2,1,45858,4,7,12765,11305,27,69,-1460,5732.25,1863,1
9,0,0,160571,4,4,14358,12644,38,41,-1714,32114.2,1558,1
9,0,0,96429,0,3,7930,14167,62,42,6237,24107.25,2604,1
6,0,1,166710,1,10,3720,3025,47,51,-695,15155.454545454546,2397,1
3,2,1,96454,0,1,7460,14812,42,14,7352,48227.0,588,1
1,2,1,40961,4,7,2463,2008,32,21,-455,5120.125,672,1
4,2,2,82207,0,2,6787,7008,21,5,221,27402.333333333332,105,1
4,2,2,98203,0,3,12310,12087,52,45,-223,24550.75,2340,1
9,0,2,96725,0,3,5498,6698,68,19,1200,24181.25,1292,1
3,2,1,167517,1,6,8755,13205,26,18,4450,23931.0,468,1
6,0,1,165388,1,3,1565,2122,12,23,557,41347.0,276,1
5,0,2,69162,0,0,3867,5938,23,66,2071,69162.0,1518,2
5,0,2,60570,0,2,7761,8807,14,48,1046,20190.0,672,2
1,2,1,52115,4,2,4144,5970,24,47,1826,17371.666666666668,1128,1
9,0,2,90255,0,4,7130,6686,35,44,-444,18051.0,1540,1
4,2,2,80527,0,3,8280,13102,36,83,4822,20131.75,2988,2
9,0,0,101311,4,1,14088,16007,89,60,1919,50655.5,5340,1
9,0,0,102138,0,5,4310,5250,45,44,940,17023.0,1980,1
3,2,1,158435,1,8,704,982,67,75,278,17603.88888888889,5025,1
6,0,1,123078,1,1,2346,3527,48,46,1181,61539.0,2208,1
9,0,2,112955,0,1,8899,11318,89,60,2419,56477.5,5340,1
9,0,0,136394,4,4,3552,6061,100,29,2509,27278.8,2900,1
9,0,0,153949,4,4,6986,6916,52,63,-70,30789.8,3276,1
7,1,2,29536,2,2,4833,3631,49,41,-1202,9845.333333333334,2009,0
9,0,0,123418,4,4,4792,8955,57,52,4163,24683.6,2964,1
3,2,1,77210,0,3,14383,12883,34,26,-1500,19302.5,884,1
0,0,2,76465,3,6,14752,19415,68,42,4663,10923.57142857143,2856,1
6,0,1,153967,1,6,1892,3264,0,58,1372,21995.285714285714,0,1
9,0,0,157971,4,5,12364,22956,76,35,10592,26328.5,2660,1
5,0,2,56409,0,4,8066,7092,43,35,-974,11281.8,1505,2
9,0,0,118209,4,3,4899,8095,76,5,3196,29552.25,380,1
9,0,0,102968,0,3,822,1447,55,65,625,25742.0,3575,1
4,1,0,45517,2,4,11807,14312,6,39,2505,9103.4,234,0
4,1,0,42089,2,0,10192,7377,39,32,-2815,42089.0,1248,0
9,0,0,92845,0,0,9757,15799,84,63,6042,92845.0,5292,2
9,0,0,145869,4,5,4935,6408,39,80,1473,24311.5,3120,1
4,2,2,97968,0,5,4435,6418,41,41,1983,16328.0,1681,2
3,2,1,85467,0,4,1733,1623,37,42,-110,17093.4,1554,1
3,2,1,183270,1,6,8408,5939,24,56,-2469,26181.428571428572,1344,1
2,0,2,50432,0,0,2118,2883,31,27,765,50432.0,837,2
9,0,0,123488,4,5,12798,18192,71,32,5394,20581.333333333332,2272,1
1,2,1,55254,4,5,8128,6457,50,36,-1671,9209.0,1800,1
3,2,1,171551,1,7,12463,20869,28,45,8406,21443.875,1260,1
5,0,2,67791,0,4,2974,2648,57,39,-326,13558.2,2223,1
2,0,2,68542,0,2,14681,18985,77,60,4304,22847.333333333332,4620,0
8,1,2,42223,0,0,3853,3528,27,23,-325,42223.0,621,0
9,0,0,149310,4,4,6614,8742,59,71,2128,29862.0,4189,1
5,0,2,63566,0,2,14295,10051,39,53,-4244,21188.666666666668,2067,1
4,2,2,92204,0,5,2861,3158,42,42,297,15367.333333333334,1764,1
2,0,2,81119,0,5,729,838,29,56,109,13519.833333333334,1624,0
0,0,2,85842,3,5,11868,16184,17,64,4316,14307.0,1088,2
9,0,0,128273,4,5,7368,9355,95,31,1987,21378.833333333332,2945,1
9,0,0,112578,0,2,9242,10499,47,29,1257,37526.0,1363,2
9,0,0,123982,4,5,1080,1243,91,46,163,20663.666666666668,4186,1
2,0,2,79563,0,2,6768,9985,38,32,3217,26521.0,1216,0
8,1,2,40453,0,2,2125,1798,60,18,-327,13484.333333333334,1080,0
9,0,2,101606,0,5,1323,1620,65,37,297,16934.333333333332,2405,1
9,0,0,152980,4,2,2946,3917,81,33,971,50993.333333333336,2673,1
8,1,2,44251,0,5,7850,8218,15,18,368,7375.166666666667,270,0
9,0,0,108761,4,4,2981,3250,65,34,269,21752.2,2210,1
9,0,0,123572,4,3,10241,18556,80,35,8315,30893.0,2800,1
4,2,2,85391,0,2,13483,21494,32,22,8011,28463.666666666668,704,1
8,1,2,37061,0,3,13649,16824,37,39,3175,9265.25,1443,2
4,1,0,53255,2,2,2720,2710,30,65,-10,17751.666666666668,1950,0
3,2,1,142350,1,9,6404,12590,62,54,6186,14235.0,3348,1
8,1,2,45116,0,2,9408,8605,34,81,-803,15038.666666666666,2754,0
9,0,0,109953,4,3,663,769,73,21,106,27488.25,1533,1
5,0,2,72387,0,4,8295,12782,38,54,4487,14477.4,2052,1
7,1,2,33415,2,1,991,855,38,67,-136,16707.5,2546,0
9,0,0,110479,0,3,8608,6284,81,51,-2324,27619.75,4131,2
9,0,0,146805,4,5,5964,12469,26,47,6505,24467.5,1222,1
9,0,0,117170,4,5,925,1608,48,44,683,19528.333333333332,2112,1
9,0,2,96674,0,5,10581,10904,95,52,323,16112.333333333334,4940,1
9,0,0,97333,0,4,3604,6594,58,57,2990,19466.6,3306,1
3,2,1,85348,0,3,7896,9065,33,33,1169,21337.0,1089,1
9,0,0,123524,4,5,2032,2979,81,46,947,20587.333333333332,3726,1
9,0,2,78378,0,1,9356,15271,76,23,5915,39189.0,1748,2
3,2,1,163967,1,8,1175,2465,22,57,1290,18218.555555555555,1254,1
5,0,2,62164,0,1,14993,19361,13,34,4368,31082.0,442,2
3,2,1,76752,0,2,6887,11104,48,62,4217,25584.0,2976,1
9,0,0,119301,4,4,3541,4067,62,58,526,23860.2,3596,1
9,0,0,125567,4,3,13677,25821,100,71,12144,31391.75,7100,1
7,1,2,34934,2,0,14756,16851,51,62,2095,34934.0,3162,0
4,1,0,47072,2,1,7176,8811,46,79,1635,23536.0,3634,0
5,0,2,77502,0,1,2317,1892,9,50,-425,38751.0,450,1
9,0,0,168326,4,5,9464,11286,32,74,1822,28054.333333333332,2368,1
5,0,2,67566,0,1,14168,10058,44,45,-4110,33783.0,1980,1
5,0,2,57875,0,1,4707,7280,38,71,2573,28937.5,2698,1
9,0,2,101578,0,3,7169,5835,65,22,-1334,25394.5,1430,1
9,0,0,128290,4,4,14017,29789,77,14,15772,25658.0,1078,1
4,2,2,84341,0,2,5440,4075,26,34,-1365,28113.666666666668,884,1
0,0,2,90108,3,5,13386,19007,61,42,5621,15018.0,2562,1
9,0,0,149950,4,3,6407,6107,28,27,-300,37487.5,756,1
9,0,0,137098,0,4,11115,9674,74,33,-1441,27419.6,2442,2
9,0,0,128822,4,3,2860,4012,80,30,1152,32205.5,2400,1
9,0,0,122250,4,5,4017,3855,76,43,-162,20375.0,3268,1
2,0,2,58888,0,5,12875,10762,17,80,-2113,9814.666666666666,1360,0
9,0,0,156286,4,2,12502,22476,76,69,9974,52095.333333333336,5244,1
3,2,1,176814,1,7,4949,6603,36,45,1654,22101.75,1620,1
4,1,0,45266,2,0,13988,11646,37,23,-2342,45266.0,851,0
4,2,2,100113,0,5,14304,11388,0,12,-2916,16685.5,0,1
6,0,1,130752,1,9,3453,4902,0,42,1449,13075.2,0,1
3,2,1,195930,1,7,870,1863,28,44,993,24491.25,1232,1
3,2,1,96195,0,5,3492,6565,45,47,3073,16032.5,2115,1
3,2,1,88068,0,2,10748,16607,68,35,5859,29356.0,2380,1
7,1,2,31667,2,2,2046,1564,69,18,-482,10555.666666666666,1242,0
6,0,1,134110,1,7,2638,2425,0,52,-213,16763.75,0,1
8,1,2,39975,0,2,1792,1864,58,70,72,13325.0,4060,2
3,2,1,187379,1,6,13907,22954,37,40,9047,26768.428571428572,1480,1
4,1,0,45830,2,3,9629,12399,49,37,2770,11457.5,1813,0
3,2,1,70718,0,1,2694,4191,20,60,1497,35359.0,1200,1
7,1,2,28463,2,2,14052,17065,6,37,3013,9487.666666666666,222,0
3,2,1,177141,1,6,9348,8298,54,52,-1050,25305.85714285714,2808,1
9,0,0,128735,0,1,6763,8646,74,40,1883,64367.5,2960,1
9,0,0,126839,4,5,2232,3471,21,34,1239,21139.833333333332,714,1
3,2,1,172355,1,10,11434,14391,0,51,2957,15668.636363636364,0,1
7,1,2,29225,2,0,9298,6612,32,43,-2686,29225.0,1376,0
6,0,1,153371,1,8,14288,21427,9,38,7139,17041.222222222223,342,1
9,0,0,115425,4,6,13696,21801,41,55,8105,16489.285714285714,2255,1
1,2,1,63475,4,3,14931,21248,50,19,6317,15868.75,950,1
4,2,2,90678,0,2,12019,9599,50,49,-2420,30226.0,2450,1
4,1,0,46993,2,3,10439,8710,1,68,-1729,11748.25,68,0
6,0,1,147187,1,4,7276,6069,17,6,-1207,29437.4,102,1
5,0,2,73297,0,0,9609,9410,42,36,-199,73297.0,1512,1
4,2,2,88008,0,3,14898,17119,26,19,2221,22002.0,494,1
3,2,1,80678,0,3,7402,7082,36,70,-320,20169.5,2520,1
9,0,2,105096,0,2,8095,9659,33,30,1564,35032.0,990,1
9,0,0,113339,4,3,658,538,94,36,-120,28334.75,3384,1
1,2,1,65942,4,3,4911,5695,21,60,784,16485.5,1260,1
5,0,2,67192,0,3,4740,6371,28,60,1631,16798.0,1680,1
1,2,1,45232,4,4,12774,12095,33,52,-679,9046.4,1716,1
5,0,2,68590,0,3,13949,20319,34,41,6370,17147.5,1394,1
9,0,0,109128,0,1,9749,11035,64,20,1286,54564.0,1280,2
3,2,1,177245,1,7,1032,2287,46,41,1255,22155.625,1886,1
2,0,2,80023,0,5,10653,11697,25,36,1044,13337.166666666666,900,2
9,0,0,124125,4,3,1904,3668,69,45,1764,31031.25,3105,1
2,0,2,55583,0,3,1214,1234,16,43,20,13895.75,688,0
8,1,2,34405,0,1,9859,8395,30,47,-1464,17202.5,1410,2
6,0,1,150408,1,4,13998,21379,31,58,7381,30081.6,1798,1
8,1,2,45106,0,1,10460,12617,24,35,2157,22553.0,840,0
0,0,2,70549,3,6,3733,3761,64,62,28,10078.42857142857,3968,1
9,0,2,94951,0,4,5064,6435,62,62,1371,18990.2,3844,1
2,0,2,81045,0,2,8853,12824,55,29,3971,27015.0,1595,0
2,0,2,84260,0,0,7857,12116,18,30,4259,84260.0,540,0
1,2,1,49379,4,5,3084,2528,30,59,-556,8229.833333333334,1770,1
9,0,2,101207,0,5,9905,12280,79,24,2375,16867.833333333332,1896,2
8,1,2,29079,0,1,5719,5395,36,90,-324,14539.5,3240,0
8,1,2,42660,0,1,3571,2698,41,67,-873,21330.0,2747,2
4,1,0,49870,2,1,14519,13169,46,29,-1350,24935.0,1334,0
9,0,0,115549,4,4,1580,3026,77,59,1446,23109.8,4543,1
9,0,2,116236,0,1,12681,11031,90,26,-1650,58118.0,2340,1
3,2,1,87931,0,4,12665,13264,29,50,599,17586.2,1450,1
0,0,2,92154,3,2,738,832,32,65,94,30718.0,2080,2
6,0,1,143784,1,7,5887,7379,69,18,1492,17973.0,1242,1
6,0,1,146211,1,7,3910,6629,49,64,2719,18276.375,3136,1
9,0,0,123575,4,4,1498,2844,63,42,1346,24715.0,2646,1
9,0,0,110405,4,3,9487,9423,66,57,-64,27601.25,3762,1
8,1,2,39108,0,2,4574,5312,43,21,738,13036.0,903,0
4,1,0,44164,2,0,12203,11921,51,40,-282,44164.0,2040,0
5,0,2,64309,0,0,4420,3222,33,46,-1198,64309.0,1518,1
9,0,0,116696,0,0,10530,10267,46,49,-263,116696.0,2254,1
9,0,0,139256,4,4,8956,8776,100,32,-180,27851.2,3200,1
3,2,1,186044,1,7,13084,15902,36,28,2818,23255.5,1008,1
9,0,0,106562,0,0,2487,3067,77,37,580,106562.0,2849,1
9,0,0,120171,0,2,7155,7808,75,82,653,40057.0,6150,1
9,0,0,139602,4,2,9996,10082,48,53,86,46534.0,2544,1
8,1,2,36504,0,2,9801,11399,22,53,1598,12168.0,1166,0
0,0,2,76413,3,6,4351,3800,69,19,-551,10916.142857142857,1311,1
3,2,1,95392,0,7,8601,14609,24,37,6008,11924.0,888,1
6,0,1,132177,1,7,7983,6902,34,50,-1081,16522.125,1700,1
3,2,1,76252,0,3,9215,7688,30,19,-1527,19063.0,570,1
4,1,0,45609,2,2,8033,9888,47,65,1855,15203.0,3055,0
9,0,0,139072,4,4,6860,7441,69,61,581,27814.4,4209,1
1,2,1,51578,4,4,13527,15237,43,46,1710,10315.6,1978,1
2,0,2,54595,0,3,9401,11078,27,36,1677,13648.75,972,0
0,0,2,62649,3,5,14698,22436,24,57,7738,10441.5,1368,1
8,1,2,47085,0,2,8364,7335,0,30,-1029,15695.0,0,0
8,1,2,38877,0,0,4513,4110,29,11,-403,38877.0,319,0
9,0,0,128299,4,5,877,1724,93,54,847,21383.166666666668,5022,1
0,0,2,92353,3,3,14281,17692,66,23,3411,23088.25,1518,1
1,2,1,64280,4,5,5043,7171,42,33,2128,10713.333333333334,1386,1
9,0,2,89907,0,4,7619,9587,73,73,1968,17981.4,5329,1
6,0,1,136729,1,3,2085,2048,20,78,-37,34182.25,1560,1
5,0,2,65101,0,2,1851,2799,30,91,948,21700.333333333332,2730,1
1,2,1,44504,4,5,14956,21389,25,43,6433,7417.333333333333,1075,1
7,1,2,30707,2,1,2014,1832,43,30,-182,15353.5,1290,0
1,2,1,45212,4,5,11080,15652,43,26,4572,7535.333333333333,1118,1
4,1,0,44048,2,2,4745,5046,47,89,301,14682.666666666666,4183,0
1,2,1,59343,4,2,2818,3592,49,32,774,19781.0,1568,1
4,2,2,97116,0,3,5563,4244,14,66,-1319,24279.0,924,2
9,0,0,121785,4,5,3598,5496,70,54,1898,20297.5,3780,1
4,2,2,92771,0,1,14391,12476,0,57,-1915,46385.5,0,2
9,0,0,113182,0,1,6447,7051,64,79,604,56591.0,5056,1
7,1,2,36437,2,0,12995,15642,48,46,2647,36437.0,2208,0
2,0,2,76285,0,2,7264,8210,32,67,946,25428.333333333332,2144,0
9,0,0,142680,4,4,7815,11053,46,7,3238,28536.0,322,1
8,1,2,31451,0,0,9916,13613,36,61,3697,31451.0,2196,0
3,2,1,182422,1,8,4602,3425,32,56,-1177,20269.11111111111,1792,1
3,2,1,182903,1,7,12035,16396,30,58,4361,22862.875,1740,1
0,0,2,80132,3,4,7126,7010,50,55,-116,16026.4,2750,1
5,0,2,56031,0,2,2929,2853,53,54,-76,18677.0,2862,1
9,0,0,106071,0,0,1459,1637,55,19,178,106071.0,1045,1
9,0,0,127959,4,3,4874,9061,49,39,4187,31989.75,1911,1
4,2,2,81593,0,2,2781,3121,48,55,340,27197.666666666668,2640,2
6,0,1,99261,1,8,2000,2736,40,38,736,11029.0,1520,1
9,0,0,109050,4,5,2757,1988,100,41,-769,18175.0,4100,1
1,2,1,61788,4,4,7819,9679,0,60,1860,12357.6,0,1
6,0,1,168619,1,4,13067,20739,64,37,7672,33723.8,2368,1
9,0,0,126815,4,6,2945,3069,50,34,124,18116.428571428572,1700,1
9,0,0,108101,4,3,1051,993,80,62,-58,27025.25,4960,1
7,1,2,32044,2,1,8705,9275,33,73,570,16022.0,2409,0
5,0,2,77259,0,3,4793,5212,13,48,419,19314.75,624,2
6,0,1,106734,1,8,2727,2916,11,32,189,11859.333333333334,352,1
9,0,2,92980,0,5,13437,15923,100,45,2486,15496.666666666666,4500,1
3,2,1,100851,0,5,3656,4645,56,54,989,16808.5,3024,1
2,0,2,77125,0,3,3117,3541,63,29,424,19281.25,1827,2
7,1,2,32452,2,1,7945,9627,19,51,1682,16226.0,969,0
9,0,0,132930,4,5,5327,6997,58,53,1670,22155.0,3074,1
9,0,0,145326,4,6,10654,7696,100,47,-2958,20760.85714285714,4700,1
4,2,2,76902,0,5,9675,11998,15,48,2323,12817.0,720,1
1,2,1,56049,4,3,11988,10129,70,38,-1859,14012.25,2660,1
9,0,0,114103,0,1,9494,14380,94,23,4886,57051.5,2162,1
3,2,1,83131,0,5,7359,13027,14,51,5668,13855.166666666666,714,1
3,2,1,75224,0,3,3394,5181,17,44,1787,18806.0,748,1
7,1,2,31159,2,1,9748,9825,36,20,77,15579.5,720,0
2,0,2,65390,0,2,11404,14198,35,42,2794,21796.666666666668,1470,0
9,0,0,102224,0,3,14973,27316,67,26,12343,25556.0,1742,1
9,0,0,78976,4,2,8112,9102,100,72,990,26325.333333333332,7200,1
9,0,0,119679,4,4,4089,3298,100,58,-791,23935.8,5800,1
2,0,2,72506,0,2,7487,10594,39,54,3107,24168.666666666668,2106,0
9,0,0,118444,4,5,1381,1439,37,34,58,19740.666666666668,1258,1
9,0,0,131772,4,5,9700,14888,75,37,5188,21962.0,2775,1
1,2,1,50091,4,4,2848,2663,55,35,-185,10018.2,1925,1
9,0,0,97776,0,2,985,1197,100,24,212,32592.0,2400,1
4,1,0,49614,2,1,14901,14409,24,62,-492,24807.0,1488,0
9,0,2,101292,0,3,2583,4260,94,50,1677,25323.0,4700,2
4,1,0,41526,2,1,10775,12419,59,35,1644,20763.0,2065,0
9,0,0,91325,0,2,6248,5902,68,29,-346,30441.666666666668,1972,1
9,0,0,158745,4,5,981,1680,70,35,699,26457.5,2450,1
1,2,1,50225,4,6,12219,10016,0,82,-2203,7175.0,0,1
9,0,0,118158,4,5,8655,9254,62,31,599,19693.0,1922,1
8,1,2,42906,0,1,12811,9271,61,25,-3540,21453.0,1525,0
9,0,2,90784,0,3,13851,20593,53,55,6742,22696.0,2915,1
2,0,2,57859,0,3,6755,6731,22,43,-24,14464.75,946,0
6,0,1,119522,1,6,5504,4808,66,54,-696,17074.571428571428,3564,1
6,0,1,134208,1,7,2864,3697,31,53,833,16776.0,1643,1
8,1,2,45676,0,2,4084,3939,56,59,-145,15225.333333333334,3304,0
8,1,2,35392,0,2,14020,19057,23,23,5037,11797.333333333334,529,2
9,0,0,133310,0,3,10691,12087,70,62,1396,33327.5,4340,1
7,1,2,25000,2,0,4376,4279,52,15,-97,25000.0,780,0
7,1,2,25599,2,0,8679,8840,29,29,161,25599.0,841,0
4,1,0,46772,2,4,5564,4420,48,50,-1144,9354.4,2400,0
0,0,2,72187,3,5,2939,4473,16,81,1534,12031.166666666666,1296,1
9,0,2,70649,0,2,6229,9183,68,29,2954,23549.666666666668,1972,1
8,1,2,40528,0,3,1861,2222,25,53,361,10132.0,1325,0
8,1,2,34613,0,3,9261,10116,26,40,855,8653.25,1040,0
9,0,0,141654,4,5,5707,10437,42,78,4730,23609.0,3276,1
4,1,0,39723,2,2,11631,14692,27,34,3061,13241.0,918,0
0,0,2,82227,3,3,8017,6092,70,51,-1925,20556.75,3570,1
8,1,2,51026,0,2,7922,10310,47,13,2388,17008.666666666668,611,0
1,2,1,56720,4,3,6922,8635,38,36,1713,14180.0,1368,1
4,1,0,40489,2,0,13758,14019,44,50,261,40489.0,2200,0
6,0,1,151985,1,4,6252,7836,51,65,1584,30397.0,3315,1
9,0,0,146437,4,1,14523,23599,51,95,9076,73218.5,4845,1
2,0,2,66362,0,3,1754,2303,42,45,549,16590.5,1890,0
6,0,1,151449,1,7,7740,12222,0,26,4482,18931.125,0,1
0,0,2,82969,3,6,9442,11040,54,41,1598,11852.714285714286,2214,1
1,2,1,53024,4,2,14528,13403,70,43,-1125,17674.666666666668,3010,1
4,2,2,90575,0,3,10716,7639,55,40,-3077,22643.75,2200,1
5,0,2,59025,0,0,8152,11043,11,66,2891,59025.0,726,1
3,2,1,82249,0,5,3115,4993,27,42,1878,13708.166666666666,1134,1
9,0,0,112642,4,2,10971,14851,27,50,3880,37547.333333333336,1350,1
7,1,2,26514,2,0,746,882,36,76,136,26514.0,2736,0
8,1,2,37667,0,1,2283,1960,48,56,-323,18833.5,2688,0
2,0,2,58067,0,5,8701,11217,34,60,2516,9677.833333333334,2040,2
5,0,2,66203,0,4,5437,6430,44,39,993,13240.6,1716,1
9,0,0,152877,4,3,4355,3491,52,20,-864,38219.25,1040,1
0,0,2,65615,3,7,4954,3849,27,20,-1105,8201.875,540,1
2,0,2,71279,0,3,1378,2060,34,38,682,17819.75,1292,0
4,1,0,44708,2,1,7369,8689,59,47,1320,22354.0,2773,0
1,2,1,55143,4,5,2996,2945,47,41,-51,9190.5,1927,1
9,0,0,145548,4,5,1923,2680,33,63,757,24258.0,2079,1
4,2,2,87663,0,5,10939,10884,60,39,-55,14610.5,2340,2
0,0,2,81760,3,3,4641,6558,20,73,1917,20440.0,1460,2
4,1,0,43847,2,3,12807,9478,41,66,-3329,10961.75,2706,0
9,0,0,154011,4,4,6347,4617,53,45,-1730,30802.2,2385,1
3,2,1,184526,1,7,13372,24945,44,30,11573,23065.75,1320,1
9,0,0,143162,4,5,7048,10012,62,59,2964,23860.333333333332,3658,1
4,2,2,85244,0,4,5137,5993,26,93,856,17048.8,2418,2
4,2,2,94820,0,3,2527,1816,30,36,-711,23705.0,1080,1
3,2,1,99314,0,5,12136,16442,53,42,4306,16552.333333333332,2226,1
5,0,2,60010,0,3,13183,13091,21,24,-92,15002.5,504,2
1,2,1,50610,4,5,9518,7721,44,76,-1797,8435.0,3344,1
1,2,1,57913,4,3,2904,4231,38,22,1327,14478.25,836,1
9,0,2,82864,0,5,541,659,83,48,118,13810.666666666666,3984,1
9,0,2,87159,0,6,5525,7088,61,39,1563,12451.285714285714,2379,1
7,1,2,28445,2,1,11594,8545,45,50,-3049,14222.5,2250,0
4,2,2,104551,0,4,5210,7710,33,41,2500,20910.2,1353,2
0,0,2,79590,3,4,14655,15223,65,71,568,15918.0,4615,1
4,2,2,112782,0,6,3428,4159,27,47,731,16111.714285714286,1269,2
1,2,1,56530,4,6,8967,7397,37,50,-1570,8075.714285714285,1850,1
3,2,1,193698,1,6,13629,27028,40,31,13399,27671.14285714286,1240,1
1,2,1,52489,4,5,880,1195,45,37,315,8748.166666666666,1665,1
8,1,2,44854,0,3,4754,6073,0,30,1319,11213.5,0,0
7,1,2,25000,2,0,14373,12813,32,36,-1560,25000.0,1152,0
0,0,2,53870,3,5,2150,2773,67,32,623,8978.333333333334,2144,2
9,0,0,110467,4,4,1992,3916,81,18,1924,22093.4,1458,1
0,0,2,86122,3,6,14887,18843,28,39,3956,12303.142857142857,1092,2
2,0,2,69556,0,2,3712,3558,33,5,-154,23185.333333333332,165,0
9,0,0,109798,0,2,13642,15884,58,67,2242,36599.333333333336,3886,1
9,0,2,86108,0,1,14642,25483,65,70,10841,43054.0,4550,1
9,0,0,84004,0,4,12103,18515,44,52,6412,16800.8,2288,1
9,0,0,120246,4,6,5594,10803,62,65,5209,17178.0,4030,1
4,1,0,43281,2,1,9148,7722,34,30,-1426,21640.5,1020,0
9,0,0,140610,4,5,13997,22879,44,44,8882,23435.0,1936,1
5,0,2,64533,0,2,2831,3678,53,25,847,21511.0,1325,1
4,1,0,39726,2,3,12460,9714,9,56,-2746,9931.5,504,0
8,1,2,33922,0,0,1366,1103,35,49,-263,33922.0,1715,0
9,0,2,112569,0,3,3173,3576,59,34,403,28142.25,2006,1
4,1,0,42681,2,1,3803,3839,48,65,36,21340.5,3120,0
3,2,1,184785,1,9,7819,15417,10,30,7598,18478.5,300,1
0,0,2,85602,3,5,10203,14524,55,74,4321,14267.0,4070,2
3,2,1,208983,1,8,1310,1448,44,95,138,23220.333333333332,4180,1
9,0,0,105046,0,3,13731,17533,72,66,3802,26261.5,4752,1
9,0,0,125227,4,5,716,691,74,65,-25,20871.166666666668,4810,1
2,0,2,67210,0,1,8279,11693,62,38,3414,33605.0,2356,0
9,0,2,106754,0,4,2252,1884,98,57,-368,21350.8,5586,1
4,1,0,52392,2,1,2120,2603,47,57,483,26196.0,2679,0
0,0,2,72125,3,4,8145,6545,16,73,-1600,14425.0,1168,2
8,1,2,42082,0,2,1246,1146,61,70,-100,14027.333333333334,4270,0
6,0,1,125930,1,8,10827,12292,26,49,1465,13992.222222222223,1274,1
6,0,1,163354,1,9,3049,5084,39,78,2035,16335.4,3042,1
3,2,1,94060,0,3,12219,16825,10,37,4606,23515.0,370,1
4,2,2,97135,0,3,1334,1038,32,54,-296,24283.75,1728,1
2,0,2,67496,0,1,2114,2837,12,37,723,33748.0,444,2
3,2,1,84894,0,4,5167,8986,34,34,3819,16978.8,1156,1
0,0,2,98126,3,4,9083,7208,47,46,-1875,19625.2,2162,1
0,0,2,97119,3,4,6474,9567,32,38,3093,19423.8,1216,1
3,2,1,83005,0,6,2473,3685,36,44,1212,11857.857142857143,1584,1
9,0,2,92547,0,4,7668,11650,74,30,3982,18509.4,2220,1
9,0,2,85765,0,3,6032,8463,73,50,2431,21441.25,3650,1
9,0,0,187990,4,7,12069,23320,82,63,11251,23498.75,5166,1
9,0,0,117076,4,6,8242,12386,90,60,4144,16725.14285714286,5400,1
1,2,1,56553,4,3,9158,6669,46,42,-2489,14138.25,1932,1
1,2,1,67643,4,5,12700,17453,38,53,4753,11273.833333333334,2014,1
5,0,2,71350,0,2,2754,3856,30,18,1102,23783.333333333332,540,1
3,2,1,222147,1,8,12959,20441,51,26,7482,24683.0,1326,1
4,1,0,50757,2,2,4214,4126,52,93,-88,16919.0,4836,0
9,0,0,103793,0,5,7307,11925,55,18,4618,17298.833333333332,990,2
8,1,2,37171,0,1,950,1163,25,47,213,18585.5,1175,0
4,1,0,33217,2,1,8888,7297,11,58,-1591,16608.5,638,0
4,2,2,91518,0,2,10585,14752,29,61,4167,30506.0,1769,2
0,0,2,75041,3,2,3033,3675,20,7,642,25013.666666666668,140,1
6,0,1,166825,1,7,3822,5842,9,52,2020,20853.125,468,1
6,0,1,145216,1,6,12921,21809,52,49,8888,20745.14285714286,2548,1
3,2,1,77567,0,5,6794,8747,35,42,1953,12927.833333333334,1470,1
5,0,2,55296,0,2,8534,8076,20,58,-458,18432.0,1160,1
1,2,1,56740,4,5,3743,4444,36,17,701,9456.666666666666,612,1
7,1,2,27245,2,2,14221,12868,21,51,-1353,9081.666666666666,1071,0
9,0,0,125313,4,4,7830,14875,63,32,7045,25062.6,2016,1
1,2,1,50811,4,4,14644,16814,54,43,2170,10162.2,2322,1
6,0,1,127956,1,8,614,484,47,25,-130,14217.333333333334,1175,1
4,2,2,86992,0,3,5198,4460,50,19,-738,21748.0,950,2
9,0,0,122691,4,5,11538,20989,51,32,9451,20448.5,1632,1
7,1,2,25869,2,0,13351,16298,28,73,2947,25869.0,2044,0
5,0,2,83365,0,3,14707,14576,36,23,-131,20841.25,828,1
9,0,0,144843,4,6,741,1028,51,53,287,20691.85714285714,2703,1
3,2,1,98113,0,2,4708,8874,52,36,4166,32704.333333333332,1872,1
9,0,2,98379,0,4,13581,14063,60,38,482,19675.8,2280,1
9,0,2,98203,0,4,14857,24716,69,32,9859,19640.6,2208,1
9,0,0,148395,4,3,3158,5763,57,32,2605,37098.75,1824,1
8,1,2,31139,0,3,10085,12166,41,18,2081,7784.75,738,0
4,2,2,93212,0,3,6798,10389,34,51,3591,23303.0,1734,2
3,2,1,87109,0,3,13007,16570,25,67,3563,21777.25,1675,1
1,2,1,51779,4,4,6273,5660,33,27,-613,10355.8,891,1
2,0,2,79223,0,3,7027,8570,51,43,1543,19805.75,2193,2
9,0,0,123608,4,2,6872,5695,54,12,-1177,41202.666666666664,648,1
3,2,1,61325,0,3,11684,16248,41,69,4564,15331.25,2829,1
9,0,0,116552,0,3,7658,13573,87,40,5915,29138.0,3480,1
4,1,0,44467,2,0,2439,2772,35,66,333,44467.0,2310,0
3,2,1,183331,1,7,14421,29483,40,5,15062,22916.375,200,1
4,1,0,34267,2,2,12764,16019,20,67,3255,11422.333333333334,1340,0
9,0,0,118802,0,4,5773,4577,56,41,-1196,23760.4,2296,2
4,1,0,43636,2,0,2391,3024,70,37,633,43636.0,2590,0
6,0,1,170478,1,7,5385,4859,29,38,-526,21309.75,1102,1
8,1,2,49187,0,1,1691,2196,6,39,505,24593.5,234,0
5,0,2,82484,0,3,658,709,30,82,51,20621.0,2460,1
9,0,2,104144,0,3,6463,7573,74,60,1110,26036.0,4440,1
0,0,2,88762,3,5,11129,8268,36,52,-2861,14793.666666666666,1872,1
4,2,2,89971,0,5,4727,5703,5,53,976,14995.166666666666,265,2
2,0,2,68236,0,3,14402,21017,23,39,6615,17059.0,897,2
4,1,0,56730,2,1,12756,12127,84,44,-629,28365.0,3696,0
3,2,1,181531,1,8,9317,11331,46,26,2014,20170.11111111111,1196,1
3,2,1,154220,1,5,2743,5918,29,47,3175,25703.333333333332,1363,1
1,2,1,55027,4,6,14512,16920,0,46,2408,7861.0,0,1
1,2,1,46191,4,6,1580,1817,39,69,237,6598.714285714285,2691,1
9,0,0,98744,4,0,667,468,78,55,-199,98744.0,4290,1
6,0,1,144004,1,6,2255,1671,9,57,-584,20572.0,513,1
3,2,1,172872,1,8,13760,15762,56,33,2002,19208.0,1848,1
0,0,2,69063,3,7,753,724,49,59,-29,8632.875,2891,1
0,0,2,81396,3,7,4245,6487,11,54,2242,10174.5,594,1
9,0,0,144877,4,5,2153,3519,33,54,1366,24146.166666666668,1782,1
6,0,1,96151,1,7,1667,1558,53,36,-109,12018.875,1908,1
5,0,2,51146,0,4,12291,13932,59,23,1641,10229.2,1357,2
4,2,2,82299,0,7,13730,12885,25,48,-845,10287.375,1200,1
8,1,2,41598,0,4,11940,9775,0,74,-2165,8319.6,0,0
8,1,2,39162,0,4,12180,8602,42,41,-3578,7832.4,1722,0
9,0,2,96139,0,4,11440,17411,100,54,5971,19227.8,5400,1
0,0,2,84224,3,3,5906,5922,44,42,16,21056.0,1848,1
2,0,2,81978,0,3,9510,11881,13,17,2371,20494.5,221,0
9,0,0,113970,0,1,551,978,98,50,427,56985.0,4900,1
9,0,0,118694,4,3,13937,15379,84,72,1442,29673.5,6048,1
6,0,1,139728,1,6,12969,18983,25,58,6014,19961.14285714286,1450,1
6,0,1,146625,1,6,8670,14918,17,30,6248,20946.428571428572,510,1
2,0,2,64984,0,5,13094,17489,37,75,4395,10830.666666666666,2775,2
5,0,2,71627,0,3,8783,10363,27,85,1580,17906.75,2295,1
4,2,2,96887,0,4,7454,9596,38,51,2142,19377.4,1938,2
7,1,2,33149,2,0,8240,9551,35,50,1311,33149.0,1750,0
1,2,1,63312,4,6,6020,7362,45,41,1342,9044.57142857143,1845,1
4,1,0,52273,2,2,13032,10766,24,57,-2266,17424.333333333332,1368,0
9,0,0,122448,4,6,9445,15879,38,48,6434,17492.571428571428,1824,1
6,0,1,162459,1,6,7857,7641,17,34,-216,23208.428571428572,578,1
7,1,2,35242,2,0,13724,16847,22,24,3123,35242.0,528,0
9,0,0,96599,4,3,4337,6821,61,11,2484,24149.75,671,1
7,1,2,30523,2,2,13035,11908,26,22,-1127,10174.333333333334,572,0
5,0,2,60890,0,1,8801,10642,23,32,1841,30445.0,736,1
7,1,2,32563,2,2,6435,8027,50,45,1592,10854.333333333334,2250,0
9,0,0,115594,4,5,6666,5022,84,78,-1644,19265.666666666668,6552,1
4,2,2,82388,0,3,11500,12569,23,23,1069,20597.0,529,2
5,0,2,68315,0,2,3134,4074,22,26,940,22771.666666666668,572,1
4,1,0,37080,2,0,6780,8583,56,33,1803,37080.0,1848,0
9,0,0,131104,4,5,5343,11441,55,36,6098,21850.666666666668,1980,1
8,1,2,49338,0,3,12925,10997,21,38,-1928,12334.5,798,0
4,2,2,83556,0,4,5090,8257,35,42,3167,16711.2,1470,1
4,2,2,89910,0,4,8078,13557,53,83,5479,17982.0,4399,2
9,0,0,120196,4,2,1100,2072,73,35,972,40065.333333333336,2555,1
9,0,0,110105,0,4,7734,6134,65,30,-1600,22021.0,1950,1
9,0,0,117238,4,5,8047,7045,92,36,-1002,19539.666666666668,3312,1
9,0,0,137837,4,1,14048,26245,66,52,12197,68918.5,3432,1
5,0,2,45973,0,1,2507,3060,34,84,553,22986.5,2856,1
8,1,2,43144,0,1,13697,15348,23,33,1651,21572.0,759,0
4,2,2,83602,0,2,11187,16905,10,30,5718,27867.333333333332,300,2
1,2,1,51046,4,4,11005,10302,44,25,-703,10209.2,1100,1
5,0,2,68367,0,0,11388,9996,41,62,-1392,68367.0,2542,2
9,0,2,108842,0,2,2100,3316,73,57,1216,36280.666666666664,4161,1
7,1,2,27102,2,0,5528,5782,27,57,254,27102.0,1539,0
1,2,1,66234,4,5,761,935,38,61,174,11039.0,2318,2
6,0,1,175207,1,7,7746,7490,75,72,-256,21900.875,5400,1
0,0,2,86719,3,3,1694,2346,16,37,652,21679.75,592,1
1,2,1,52688,4,4,14371,16085,28,75,1714,10537.6,2100,1
4,1,0,41486,2,4,8020,7875,40,55,-145,8297.2,2200,0
8,1,2,40541,0,0,1316,964,64,41,-352,40541.0,2624,0
3,2,1,169125,1,9,3330,3445,39,12,115,16912.5,468,1
2,0,2,73561,0,4,13125,18049,42,66,4924,14712.2,2772,2
3,2,1,87133,0,5,9152,16990,49,41,7838,14522.166666666666,2009,1
9,0,0,144774,4,4,7887,10871,79,59,2984,28954.8,4661,1
1,2,1,48143,4,6,8957,10524,38,75,1567,6877.571428571428,2850,1
9,0,0,117714,4,1,7851,10834,79,29,2983,58857.0,2291,1
8,1,2,39577,0,0,4607,4649,41,24,42,39577.0,984,0
9,0,0,116715,4,4,7796,13817,65,65,6021,23343.0,4225,1
3,2,1,82725,0,4,3889,3484,32,76,-405,16545.0,2432,1
5,0,2,58846,0,4,1607,2512,30,33,905,11769.2,990,1
7,1,2,30046,2,0,3911,4260,43,77,349,30046.0,3311,0
6,0,1,137036,1,5,7068,8209,15,20,1141,22839.333333333332,300,1
8,1,2,38112,0,0,11831,9218,33,26,-2613,38112.0,858,0
7,1,2,31278,2,2,10391,12432,56,31,2041,10426.0,1736,0
9,0,2,96963,0,4,9167,8663,75,78,-504,19392.6,5850,1
4,1,0,44880,2,0,8756,6524,25,55,-2232,44880.0,1375,0
3,2,1,193876,1,9,1353,2536,0,46,1183,19387.6,0,1
6,0,1,121187,1,6,11507,18147,21,5,6640,17312.428571428572,105,1
4,2,2,94619,0,5,4813,3983,0,55,-830,15769.833333333334,0,2
6,0,1,120551,1,9,9074,12738,24,31,3664,12055.1,744,1
3,2,1,164816,1,7,11631,24894,60,47,13263,20602.0,2820,1
9,0,0,151507,4,6,1442,1983,57,47,541,21643.85714285714,2679,1
4,2,2,67344,0,3,6570,9377,37,42,2807,16836.0,1554,2
2,0,2,60022,0,0,598,512,23,15,-86,60022.0,345,0
4,2,2,83075,0,3,916,748,32,25,-168,20768.75,800,2
0,0,2,75249,3,4,10395,14763,0,26,4368,15049.8,0,1
5,0,2,55582,0,3,3777,4252,21,56,475,13895.5,1176,1
8,1,2,44487,0,1,12660,10228,7,34,-2432,22243.5,238,0
6,0,1,119867,1,6,5863,4910,14,55,-953,17123.85714285714,770,1
0,0,2,80523,3,3,7862,9607,38,29,1745,20130.75,1102,2
2,0,2,84522,0,2,13222,17640,36,32,4418,28174.0,1152,0
7,1,2,27889,2,1,3643,3178,35,54,-465,13944.5,1890,0
8,1,2,40540,0,3,7876,6644,51,53,-1232,10135.0,2703,0
4,1,0,50450,2,2,8260,8901,5,37,641,16816.666666666668,185,0
3,2,1,152364,1,7,14947,16312,32,62,1365,19045.5,1984,1
5,0,2,65265,0,1,12143,11872,14,79,-271,32632.5,1106,2
7,1,2,37365,2,0,4672,4513,28,49,-159,37365.0,1372,0
8,1,2,36651,0,0,14435,17137,0,42,2702,36651.0,0,0
3,2,1,227107,1,5,12041,12944,7,33,903,37851.166666666664,231,1
9,0,2,89436,0,3,14117,12349,68,68,-1768,22359.0,4624,1
2,0,2,74308,0,0,2911,4210,43,62,1299,74308.0,2666,0
5,0,2,55509,0,2,3941,5686,4,72,1745,18503.0,288,2
4,1,0,45709,2,1,14218,10100,51,42,-4118,22854.5,2142,0
5,0,2,68698,0,4,12438,10656,13,44,-1782,13739.6,572,1
9,0,0,157134,4,5,1477,1500,56,65,23,26189.0,3640,1
9,0,0,167695,4,7,11042,19007,74,61,7965,20961.875,4514,1
5,0,2,61842,0,2,2192,1565,29,23,-627,20614.0,667,2
4,2,2,97877,0,2,1728,1583,51,47,-145,32625.666666666668,2397,2
0,0,2,96959,3,5,6578,8137,47,73,1559,16159.833333333334,3431,2
8,1,2,42395,0,3,10440,13618,31,60,3178,10598.75,1860,0
5,0,2,74243,0,2,2246,3457,28,41,1211,24747.666666666668,1148,1
9,0,0,158822,4,2,1437,1591,46,43,154,52940.666666666664,1978,1
9,0,0,149420,4,5,10605,20736,74,47,10131,24903.333333333332,3478,1
7,1,2,34286,2,2,2368,2419,28,42,51,11428.666666666666,1176,0
2,0,2,75433,0,4,14215,20324,45,50,6109,15086.6,2250,0
8,1,2,38673,0,1,9955,8764,62,74,-1191,19336.5,4588,0
9,0,2,98376,0,4,1030,871,54,68,-159,19675.2,3672,1
9,0,0,115374,4,5,2196,4096,86,9,1900,19229.0,774,1
3,2,1,221219,1,8,628,1025,13,65,397,24579.88888888889,845,1
3,2,1,168609,1,7,14532,33203,69,55,18671,21076.125,3795,1
9,0,0,139079,4,5,984,1883,39,33,899,23179.833333333332,1287,1
4,1,0,50656,2,0,7270,7824,25,20,554,50656.0,500,0
4,2,2,100061,0,4,9504,9644,34,54,140,20012.2,1836,2
9,0,0,107029,0,2,4860,5495,53,40,635,35676.333333333336,2120,2
3,2,1,87951,0,5,7012,13948,43,49,6936,14658.5,2107,1
5,0,2,54166,0,1,14079,18545,17,49,4466,27083.0,833,2
9,0,0,118185,4,2,7419,14031,56,69,6612,39395.0,3864,1
9,0,0,115492,4,2,14727,11505,78,73,-3222,38497.333333333336,5694,1
5,0,2,59917,0,0,8111,6974,22,49,-1137,59917.0,1078,1
6,0,1,171150,1,4,4039,5201,50,45,1162,34230.0,2250,1
8,1,2,53864,0,1,3678,3587,42,53,-91,26932.0,2226,0
6,0,1,147154,1,6,13255,24841,29,42,11586,21022.0,1218,1
6,0,1,160106,1,8,6110,11442,32,21,5332,17789.555555555555,672,1
9,0,0,98987,4,3,5271,10398,49,44,5127,24746.75,2156,1
9,0,2,113191,0,4,3918,3637,89,31,-281,22638.2,2759,1
8,1,2,43600,0,0,14182,17070,15,45,2888,43600.0,675,0
9,0,0,142234,4,3,4658,5657,40,76,999,35558.5,3040,1
8,1,2,42858,0,0,9962,8162,41,55,-1800,42858.0,2255,0
0,0,2,97618,3,7,2353,3314,49,76,961,12202.25,3724,1
9,0,0,120729,4,3,9727,7248,62,54,-2479,30182.25,3348,1
4,2,2,103695,0,3,7767,8933,23,70,1166,25923.75,1610,1
9,0,2,72292,0,5,9596,6755,66,34,-2841,12048.666666666666,2244,2
1,2,1,53068,4,6,4142,5131,10,24,989,7581.142857142857,240,1
9,0,0,137190,4,4,12647,16718,76,43,4071,27438.0,3268,1
4,2,2,76761,0,2,5826,8309,67,77,2483,25587.0,5159,1
9,0,0,125131,4,3,3060,2679,100,39,-381,31282.75,3900,1
3,2,1,170128,1,7,12436,17091,29,24,4655,21266.0,696,1
0,0,2,89582,3,7,9511,10078,60,78,567,11197.75,4680,1
9,0,0,110937,0,4,11950,22402,58,59,10452,22187.4,3422,1
9,0,2,101489,0,4,12594,20993,55,17,8399,20297.8,935,1
9,0,2,105305,0,2,2584,3384,62,44,800,35101.666666666664,2728,1
4,1,0,48693,2,1,3088,3734,57,34,646,24346.5,1938,0
9,0,0,124636,4,4,9362,12994,51,20,3632,24927.2,1020,1
9,0,0,129779,4,5,9881,21496,89,22,11615,21629.833333333332,1958,1
0,0,2,72341,3,3,6850,9898,17,38,3048,18085.25,646,1
7,1,2,32298,2,0,11185,8369,82,46,-2816,32298.0,3772,0
2,0,2,62952,0,2,13155,16180,37,55,3025,20984.0,2035,0
0,0,2,102538,3,3,7532,5353,34,32,-2179,25634.5,1088,2
9,0,0,120965,4,5,14106,24915,48,57,10809,20160.833333333332,2736,1
4,1,0,47805,2,2,7377,6837,12,62,-540,15935.0,744,0
8,1,2,45757,0,6,11082,9134,37,52,-1948,6536.714285714285,1924,0
0,0,2,91708,3,3,3312,5054,3,37,1742,22927.0,111,1
0,0,2,80215,3,5,3223,5034,57,58,1811,13369.166666666666,3306,2
3,2,1,101089,0,1,5476,9737,37,15,4261,50544.5,555,1
9,0,2,101218,0,3,10135,9894,61,53,-241,25304.5,3233,1
2,0,2,77230,0,1,10714,15607,47,64,4893,38615.0,3008,0
7,1,2,34741,2,0,883,1042,42,71,159,34741.0,2982,0
4,1,0,50957,2,1,509,556,84,52,47,25478.5,4368,0
0,0,2,83189,3,5,9447,10302,35,52,855,13864.833333333334,1820,1
2,0,2,64251,0,4,13870,16532,51,53,2662,12850.2,2703,0
8,1,2,47669,0,2,12758,16919,17,39,4161,15889.666666666666,663,0
7,1,2,26585,2,0,12845,12190,34,35,-655,26585.0,1190,0
0,0,2,79500,3,3,14771,15260,22,21,489,19875.0,462,1
9,0,0,150328,4,5,1230,2190,42,22,960,25054.666666666668,924,1
9,0,0,117522,4,3,11397,13704,100,49,2307,29380.5,4900,1
3,2,1,178983,1,9,14301,33589,40,59,19288,17898.3,2360,1
3,2,1,141039,1,7,1261,1136,43,44,-125,17629.875,1892,1
9,0,0,136370,4,3,13142,18067,54,57,4925,34092.5,3078,1
6,0,1,157300,1,4,6585,10203,56,19,3618,31460.0,1064,1
6,0,1,155386,1,9,13834,18111,64,16,4277,15538.6,1024,1
3,2,1,188879,1,6,1033,2339,8,35,1306,26982.714285714286,280,1
2,0,2,77740,0,1,9383,12630,37,23,3247,38870.0,851,2
6,0,1,139754,1,8,1066,767,74,50,-299,15528.222222222223,3700,1
9,0,2,102855,0,4,3340,3086,81,70,-254,20571.0,5670,1
7,1,2,28102,2,0,3652,4066,22,54,414,28102.0,1188,0
9,0,2,77901,0,4,3339,2845,67,30,-494,15580.2,2010,1
9,0,0,137981,4,3,4508,5679,68,26,1171,34495.25,1768,1
9,0,0,113274,0,0,1167,1180,83,70,13,113274.0,5810,1
4,2,2,102688,0,3,6631,10678,29,77,4047,25672.0,2233,1
7,1,2,31216,2,3,14483,15289,49,25,806,7804.0,1225,0
9,0,0,83596,0,0,10628,19309,88,50,8681,83596.0,4400,1
7,1,2,31656,2,0,5147,4482,15,22,-665,31656.0,330,0
4,2,2,81735,0,2,12262,20079,12,23,7817,27245.0,276,2
9,0,2,91009,0,2,14513,13228,57,44,-1285,30336.333333333332,2508,1
3,2,1,176383,1,6,8762,6365,53,5,-2397,25197.571428571428,265,1
4,2,2,78293,0,5,9679,9930,46,26,251,13048.833333333334,1196,1
4,1,0,52042,2,0,13334,11169,31,19,-2165,52042.0,589,0
3,2,1,197956,1,7,3672,8928,17,56,5256,24744.5,952,1
9,0,2,110464,0,1,14838,22078,67,52,7240,55232.0,3484,1
2,0,2,61146,0,3,14423,19602,43,38,5179,15286.5,1634,0
8,1,2,44631,0,1,3174,2779,81,19,-395,22315.5,1539,0
8,1,2,40250,0,2,2666,2018,19,5,-648,13416.666666666666,95,0
4,2,2,84733,0,3,9304,11078,18,42,1774,21183.25,756,1
7,1,2,25000,2,0,9745,8206,54,63,-1539,25000.0,3402,0
3,2,1,89185,0,4,4276,3505,38,25,-771,17837.0,950,1
9,0,0,146059,4,4,14125,11877,46,28,-2248,29211.8,1288,1
4,2,2,99979,0,5,4927,3633,23,13,-1294,16663.166666666668,299,2
9,0,0,150998,4,6,14913,28732,81,48,13819,21571.14285714286,3888,1
9,0,0,120048,4,7,7779,12824,65,23,5045,15006.0,1495,1
4,2,2,90979,0,1,10304,10782,56,49,478,45489.5,2744,1
7,1,2,27525,2,0,14828,12888,15,51,-1940,27525.0,765,0
3,2,1,184145,1,7,10572,22543,45,44,11971,23018.125,1980,1
9,0,0,112394,4,5,2431,2048,51,57,-383,18732.333333333332,2907,1
9,0,2,90910,0,4,8633,9543,60,62,910,18182.0,3720,1
9,0,2,78118,0,1,1732,2735,75,17,1003,39059.0,1275,1
5,0,2,55968,0,4,5562,7065,52,16,1503,11193.6,832,2
7,1,2,25000,2,0,5052,5928,53,51,876,25000.0,2703,0
9,0,0,95880,0,3,743,643,60,5,-100,23970.0,300,1
9,0,0,143245,4,6,10253,19063,55,41,8810,20463.571428571428,2255,1
3,2,1,84554,0,3,2022,1592,54,69,-430,21138.5,3726,1
9,0,2,77548,0,3,7842,11346,64,47,3504,19387.0,3008,1
3,2,1,169249,1,6,13555,22965,25,41,9410,24178.428571428572,1025,1
3,2,1,192634,1,7,2669,5961,36,66,3292,24079.25,2376,1
8,1,2,44939,0,1,7812,10658,32,55,2846,22469.5,1760,0
4,1,0,48928,2,2,4253,4663,34,60,410,16309.333333333334,2040,0
5,0,2,75956,0,0,6601,9989,45,36,3388,75956.0,1620,1
4,1,0,47115,2,4,7066,6060,27,41,-1006,9423.0,1107,0
8,1,2,43518,0,2,14507,15109,9,25,602,14506.0,225,0
5,0,2,52760,0,1,5718,5891,45,33,173,26380.0,1485,2
3,2,1,89667,0,5,14476,10192,30,54,-4284,14944.5,1620,1
3,2,1,94181,0,3,7031,11646,12,62,4615,23545.25,744,1
8,1,2,42342,0,2,2185,2622,64,56,437,14114.0,3584,0
4,1,0,37683,2,3,916,1093,39,5,177,9420.75,195,0
8,1,2,40905,0,3,2473,2782,18,42,309,10226.25,756,0
4,2,2,92237,0,3,13057,13244,25,28,187,23059.25,700,2
9,0,0,155287,4,7,573,739,90,33,166,19410.875,2970,1
3,2,1,152414,1,7,3094,7158,18,54,4064,19051.75,972,1
6,0,1,140761,1,7,4900,9211,69,28,4311,17595.125,1932,1
0,0,2,97373,3,3,2751,2806,40,54,55,24343.25,2160,1
9,0,0,117550,4,4,3630,4006,78,39,376,23510.0,3042,1
4,1,0,46856,2,3,2234,1676,46,46,-558,11714.0,2116,0
7,1,2,29576,2,0,11822,11394,46,44,-428,29576.0,2024,0
0,0,2,71170,3,3,5937,9588,5,36,3651,17792.5,180,1
9,0,0,121308,4,6,5706,7515,77,63,1809,17329.714285714286,4851,1
2,0,2,59537,0,1,3938,3618,42,32,-320,29768.5,1344,2
9,0,0,104178,0,3,10033,7839,100,63,-2194,26044.5,6300,1
2,0,2,79523,0,1,4395,3519,82,34,-876,39761.5,2788,2
1,2,1,63416,4,5,14448,19025,49,20,4577,10569.333333333334,980,1
5,0,2,65583,0,4,10187,13391,42,52,3204,13116.6,2184,1
3,2,1,87970,0,5,2788,2539,41,66,-249,14661.666666666666,2706,1
5,0,2,59401,0,3,10419,10481,50,42,62,14850.25,2100,2
7,1,2,25400,2,3,11844,11348,58,46,-496,6350.0,2668,0
0,0,2,86082,3,1,2651,2548,39,15,-103,43041.0,585,1
9,0,0,118112,0,1,8720,12782,88,61,4062,59056.0,5368,1
9,0,2,101533,0,2,12103,16690,70,51,4587,33844.333333333336,3570,2
3,2,1,61253,0,5,13572,13118,38,63,-454,10208.833333333334,2394,1
4,1,0,40603,2,3,9342,10512,39,71,1170,10150.75,2769,0
3,2,1,198473,1,9,3454,7700,51,33,4246,19847.3,1683,1
2,0,2,73629,0,3,13142,20511,55,43,7369,18407.25,2365,0
5,0,2,73198,0,2,8571,6411,55,81,-2160,24399.333333333332,4455,1
8,1,2,43146,0,1,8572,8743,80,38,171,21573.0,3040,0
0,0,2,78188,3,3,9913,8148,45,37,-1765,19547.0,1665,1
9,0,2,103585,0,5,14928,15503,100,54,575,17264.166666666668,5400,1
4,2,2,65283,0,2,3287,4699,10,61,1412,21761.0,610,2
3,2,1,114282,1,7,9645,22765,43,55,13120,14285.25,2365,1
7,1,2,29095,2,1,2060,1919,17,53,-141,14547.5,901,0
0,0,2,76060,3,4,10617,17203,21,45,6586,15212.0,945,1
9,0,0,131090,4,5,6075,4877,100,19,-1198,21848.333333333332,1900,1
4,1,0,41398,2,4,9394,9805,53,27,411,8279.6,1431,0
8,1,2,41892,0,3,5004,6265,47,42,1261,10473.0,1974,0
6,0,1,135875,1,5,9015,6929,25,20,-2086,22645.833333333332,500,1
3,2,1,91012,0,3,8748,13412,16,58,4664,22753.0,928,1
4,1,0,36559,2,1,9139,9612,43,48,473,18279.5,2064,0
9,0,2,109668,0,4,14091,22740,89,58,8649,21933.6,5162,1
9,0,0,132467,4,7,13194,23657,52,62,10463,16558.375,3224,1
4,1,0,43681,2,1,7663,7855,48,38,192,21840.5,1824,0
9,0,0,133740,4,4,7127,15445,89,43,8318,26748.0,3827,1
9,0,0,134394,4,0,12618,11807,62,48,-811,134394.0,2976,1
2,0,2,76327,0,0,7019,6980,37,78,-39,76327.0,2886,2
9,0,0,138065,4,5,11288,17897,68,69,6609,23010.833333333332,4692,1
4,2,2,66012,0,2,3257,5329,28,12,2072,22004.0,336,1
2,0,2,71149,0,2,4050,5647,26,45,1597,23716.333333333332,1170,0
4,1,0,51809,2,1,6615,6766,33,83,151,25904.5,2739,0
4,2,2,100985,0,6,10094,16049,45,47,5955,14426.42857142857,2115,1
9,0,0,131063,4,4,9600,19687,46,34,10087,26212.6,1564,1
9,0,0,169061,4,3,3507,2725,62,34,-782,42265.25,2108,1
9,0,0,138621,4,2,12869,17808,97,25,4939,46207.0,2425,1
1,2,1,57475,4,5,3504,4822,8,46,1318,9579.166666666666,368,1
4,1,0,38401,2,1,13538,15008,56,21,1470,19200.5,1176,0
9,0,0,139373,4,5,12901,17827,68,30,4926,23228.833333333332,2040,1
5,0,2,61405,0,1,3319,4689,74,51,1370,30702.5,3774,2
8,1,2,33835,0,0,3591,2734,43,37,-857,33835.0,1591,0
4,2,2,126790,0,4,4627,6052,64,58,1425,25358.0,3712,2
3,2,1,75927,0,0,708,1091,53,48,383,75927.0,2544,1
0,0,2,91449,3,1,3277,3507,23,73,230,45724.5,1679,1
9,0,2,82786,0,2,4981,4130,100,28,-851,27595.333333333332,2800,1
2,0,2,86234,0,1,9834,12359,3,16,2525,43117.0,48,0
9,0,0,148090,4,5,10232,19631,52,42,9399,24681.666666666668,2184,1
4,2,2,98417,0,0,720,1147,58,56,427,98417.0,3248,2
4,1,0,40239,2,4,11233,9321,35,46,-1912,8047.8,1610,0
8,1,2,43913,0,1,3289,3885,30,43,596,21956.5,1290,0
9,0,0,151497,4,0,2701,4881,50,36,2180,151497.0,1800,1
8,1,2,33151,0,3,504,504,46,16,0,8287.75,736,0
6,0,1,146637,1,8,14115,16291,43,58,2176,16293.0,2494,1
0,0,2,98416,3,3,14248,22502,39,33,8254,24604.0,1287,1
3,2,1,183904,1,10,6419,9226,15,20,2807,16718.545454545456,300,1
9,0,2,110766,0,1,3532,4128,84,46,596,55383.0,3864,1
5,0,2,57436,0,1,14196,18971,11,30,4775,28718.0,330,1
3,2,1,88267,0,2,1144,1480,37,30,336,29422.333333333332,1110,1
4,1,0,41440,2,2,4294,4096,55,25,-198,13813.333333333334,1375,0
9,0,0,131454,0,5,1317,1803,70,10,486,21909.0,700,2
3,2,1,174214,1,9,4098,6991,9,48,2893,17421.4,432,1
7,1,2,32660,2,0,13001,13442,14,56,441,32660.0,784,0
1,2,1,55600,4,7,10644,14290,29,29,3646,6950.0,841,1
9,0,0,136897,4,6,3126,2684,78,24,-442,19556.714285714286,1872,1
0,0,2,88780,3,9,8096,12362,57,56,4266,8878.0,3192,1
9,0,0,128636,0,3,10197,12136,83,65,1939,32159.0,5395,2
8,1,2,38470,0,0,14462,17333,38,59,2871,38470.0,2242,2
4,1,0,48051,2,0,1266,1439,8,76,173,48051.0,608,0
9,0,0,117527,4,5,9165,9288,82,43,123,19587.833333333332,3526,1
5,0,2,69528,0,2,8460,10661,28,6,2201,23176.0,168,1
7,1,2,30505,2,0,7053,7207,20,79,154,30505.0,1580,0
8,1,2,40320,0,2,2316,3066,28,67,750,13440.0,1876,0
0,0,2,88636,3,8,14271,23207,58,35,8936,9848.444444444445,2030,2
5,0,2,40023,0,3,7642,6350,47,72,-1292,10005.75,3384,1
8,1,2,38102,0,0,5110,6881,44,51,1771,38102.0,2244,0
4,1,0,47369,2,1,9113,8373,32,13,-740,23684.5,416,0
9,0,0,98517,4,4,741,575,43,83,-166,19703.4,3569,1
7,1,2,31342,2,1,4239,3976,46,10,-263,15671.0,460,0
9,0,0,156470,4,5,3774,6428,85,65,2654,26078.333333333332,5525,1
8,1,2,40540,0,1,1976,2419,61,46,443,20270.0,2806,0
0,0,2,84146,3,7,7473,5529,13,17,-1944,10518.25,221,1
0,0,2,89002,3,5,4152,4745,60,37,593,14833.666666666666,2220,1
9,0,2,67677,0,7,14710,20336,81,78,5626,8459.625,6318,1
4,2,2,95038,0,3,7223,11027,35,60,3804,23759.5,2100,1
9,0,0,104911,4,3,11033,18161,70,29,7128,26227.75,2030,1
2,0,2,65710,0,6,5138,6721,50,18,1583,9387.142857142857,900,2
8,1,2,41544,0,1,5409,4734,64,49,-675,20772.0,3136,0
9,0,2,91738,0,6,12221,18982,64,24,6761,13105.42857142857,1536,1
8,1,2,36215,0,3,6217,6824,65,60,607,9053.75,3900,0
6,0,1,125804,1,6,13887,19514,71,45,5627,17972.0,3195,1
9,0,0,113218,0,3,12769,9671,89,59,-3098,28304.5,5251,1
5,0,2,63531,0,1,3427,3930,45,26,503,31765.5,1170,2
5,0,2,52819,0,5,11288,16659,73,43,5371,8803.166666666666,3139,2
1,2,1,57502,4,4,6431,6067,40,39,-364,11500.4,1560,1
8,1,2,42200,0,3,12821,15945,43,57,3124,10550.0,2451,0
8,1,2,37176,0,1,14568,12923,28,53,-1645,18588.0,1484,0
4,2,2,87528,0,5,4612,5327,51,76,715,14588.0,3876,2
2,0,2,71099,0,1,3450,3819,29,46,369,35549.5,1334,2
9,0,0,126468,4,4,13915,21183,78,25,7268,25293.6,1950,1
6,0,1,155929,1,7,7521,13303,48,52,5782,19491.125,2496,1
5,0,2,80714,0,4,5870,4998,29,34,-872,16142.8,986,1
9,0,0,96920,0,4,8882,13026,50,33,4144,19384.0,1650,1
5,0,2,63693,0,1,823,647,29,53,-176,31846.5,1537,1
0,0,2,96138,3,5,14364,22571,60,33,8207,16023.0,1980,1
3,2,1,114873,1,10,10584,20171,44,68,9587,10443.0,2992,1
9,0,2,99044,0,4,3325,5570,85,52,2245,19808.8,4420,1
4,1,0,49873,2,3,3494,2491,24,28,-1003,12468.25,672,0
6,0,1,135445,1,5,3263,2740,0,47,-523,22574.166666666668,0,1
1,2,1,50000,4,2,4091,5782,20,39,1691,16666.666666666668,780,2
2,0,2,84195,0,4,4868,5275,30,68,407,16839.0,2040,0
9,0,0,126512,0,2,13092,15232,92,54,2140,42170.666666666664,4968,1
9,0,0,131287,4,4,4088,8396,74,61,4308,26257.4,4514,1
7,1,2,26908,2,4,7518,6268,39,60,-1250,5381.6,2340,0
4,2,2,98928,0,3,3717,5700,42,39,1983,24732.0,1638,1
0,0,2,66247,3,7,6868,7072,10,35,204,8280.875,350,1
2,0,2,70809,0,3,7850,9307,42,72,1457,17702.25,3024,2
4,2,2,105638,0,4,676,1002,45,28,326,21127.6,1260,1
7,1,2,32284,2,0,14822,16070,18,38,1248,32284.0,684,0
4,2,2,101470,0,3,9282,15033,29,28,5751,25367.5,812,1
4,1,0,38436,2,4,4192,4135,0,13,-57,7687.2,0,0
0,0,2,72390,3,1,12969,14777,29,48,1808,36195.0,1392,1
8,1,2,39103,0,5,9665,11720,12,51,2055,6517.166666666667,612,0
9,0,0,136950,4,5,5101,10044,71,25,4943,22825.0,1775,1
9,0,0,130351,4,7,3741,3116,90,58,-625,16293.875,5220,1
8,1,2,42016,0,1,12524,10649,24,67,-1875,21008.0,1608,0
9,0,0,130016,0,4,11196,14338,74,38,3142,26003.2,2812,1
9,0,0,122033,4,3,10258,12947,55,65,2689,30508.25,3575,1
9,0,2,79301,0,3,8706,14863,81,18,6157,19825.25,1458,1
3,2,1,68027,0,4,5627,3985,43,71,-1642,13605.4,3053,1
4,1,0,45277,2,0,4889,3561,49,69,-1328,45277.0,3381,0
9,0,0,92061,0,2,6903,9283,70,35,2380,30687.0,2450,1
9,0,2,79274,0,4,5763,5328,41,41,-435,15854.8,1681,1
3,2,1,160153,1,7,762,841,34,55,79,20019.125,1870,1
3,2,1,149957,1,6,13296,19286,47,74,5990,21422.428571428572,3478,1
5,0,2,65426,0,3,9243,7133,44,28,-2110,16356.5,1232,1
2,0,2,62897,0,5,11509,16551,29,41,5042,10482.833333333334,1189,0
9,0,0,120368,4,1,5492,9896,68,32,4404,60184.0,2176,1
0,0,2,96888,3,4,11109,10235,7,53,-874,19377.6,371,1
4,1,0,50086,2,3,2037,2150,53,42,113,12521.5,2226,0
9,0,2,112828,0,5,7964,12086,59,8,4122,18804.666666666668,472,1
6,0,1,149050,1,8,9061,14538,21,60,5477,16561.11111111111,1260,1
2,0,2,60691,0,1,3977,4673,26,31,696,30345.5,806,0
9,0,0,140650,4,5,6991,11060,56,36,4069,23441.666666666668,2016,1
9,0,0,118410,0,3,9383,11864,86,57,2481,29602.5,4902,1
0,0,2,86463,3,2,11179,10361,7,37,-818,28821.0,259,1
6,0,1,148327,1,5,7309,12995,34,11,5686,24721.166666666668,374,1
6,0,1,162372,1,6,7284,13689,49,41,6405,23196.0,2009,1
9,0,0,155203,4,5,11631,15143,80,61,3512,25867.166666666668,4880,1
4,2,2,81779,0,4,4331,6876,5,35,2545,16355.8,175,2
1,2,1,60604,4,3,13756,12311,40,15,-1445,15151.0,600,1
7,1,2,35686,2,0,11299,8833,25,12,-2466,35686.0,300,0
6,0,1,140310,1,8,11870,11083,11,31,-787,15590.0,341,1
1,2,1,62687,4,7,6607,9370,28,28,2763,7835.875,784,1
4,1,0,44743,2,2,10476,9750,0,35,-726,14914.333333333334,0,0
9,0,0,88966,4,5,1479,2593,78,46,1114,14827.666666666666,3588,1
5,0,2,56760,0,0,8288,11768,42,64,3480,56760.0,2688,1
3,2,1,187635,1,5,14313,27918,61,73,13605,31272.5,4453,1
9,0,0,104502,4,2,13231,10987,72,82,-2244,34834.0,5904,1
2,0,2,84553,0,3,5980,8512,11,38,2532,21138.25,418,0
4,1,0,39983,2,0,7945,10069,49,30,2124,39983.0,1470,0
8,1,2,39460,0,0,834,874,9,27,40,39460.0,243,0
9,0,2,73089,0,4,6452,9208,92,42,2756,14617.8,3864,1
4,2,2,82654,0,1,14955,24257,35,29,9302,41327.0,1015,1
9,0,0,133475,4,2,6028,9744,65,49,3716,44491.666666666664,3185,1
9,0,2,112110,0,2,12065,18457,67,58,6392,37370.0,3886,1
5,0,2,64760,0,3,4874,6003,19,51,1129,16190.0,969,2
3,2,1,161412,1,9,8842,6906,35,48,-1936,16141.2,1680,1
9,0,2,110554,0,4,943,920,22,55,-23,22110.8,1210,1
5,0,2,76273,0,3,11061,15482,49,49,4421,19068.25,2401,1
3,2,1,86208,0,3,3956,2945,70,42,-1011,21552.0,2940,1
0,0,2,71353,3,4,7128,6513,28,48,-615,14270.6,1344,1
4,1,0,52505,2,3,13467,10324,24,48,-3143,13126.25,1152,0
1,2,1,42081,4,4,2722,3502,15,41,780,8416.2,615,1
4,1,0,42619,2,3,3504,3346,10,22,-158,10654.75,220,0
8,1,2,41932,0,1,14551,19185,63,55,4634,20966.0,3465,0
6,0,1,140320,1,5,9914,10157,0,43,243,23386.666666666668,0,1
4,2,2,57172,0,2,1831,2582,25,58,751,19057.333333333332,1450,2
9,0,0,139043,4,3,13133,14640,75,44,1507,34760.75,3300,1
5,0,2,66410,0,1,8824,7444,29,63,-1380,33205.0,1827,1
8,1,2,46605,0,2,5891,5930,47,21,39,15535.0,987,0
1,2,1,56133,4,4,12950,17046,54,74,4096,11226.6,3996,2
3,2,1,73447,0,5,10294,19903,6,61,9609,12241.166666666666,366,1
8,1,2,46715,0,1,8212,6361,29,5,-1851,23357.5,145,0
3,2,1,200815,1,8,7294,18097,55,66,10803,22312.777777777777,3630,1
2,0,2,87528,0,3,11636,15253,48,35,3617,21882.0,1680,2
4,1,0,38876,2,2,8938,9968,14,35,1030,12958.666666666666,490,0
0,0,2,95888,3,5,14390,19442,26,5,5052,15981.333333333334,130,1
4,2,2,97344,0,0,8390,7036,37,66,-1354,97344.0,2442,2
9,0,0,95896,4,2,12655,19730,71,38,7075,31965.333333333332,2698,1
4,2,2,84584,0,3,10947,15703,21,32,4756,21146.0,672,1
0,0,2,82780,3,4,858,784,34,57,-74,16556.0,1938,1
3,2,1,166440,1,7,2761,2012,44,51,-749,20805.0,2244,1
0,0,2,89865,3,6,2432,3436,18,41,1004,12837.857142857143,738,1
9,0,0,108887,4,1,4798,6991,72,71,2193,54443.5,5112,1
8,1,2,48191,0,5,13033,14088,61,45,1055,8031.833333333333,2745,0
1,2,1,52607,4,8,14660,19250,21,39,4590,5845.222222222223,819,1
3,2,1,84605,0,3,12350,17936,4,57,5586,21151.25,228,1
9,0,0,120435,4,4,7170,8355,62,54,1185,24087.0,3348,1
9,0,2,91096,0,6,3560,4786,52,43,1226,13013.714285714286,2236,2
4,2,2,97518,0,4,1642,1177,20,46,-465,19503.6,920,2
4,2,2,91176,0,4,3168,4216,58,43,1048,18235.2,2494,2
6,0,1,123131,1,9,11578,20354,31,30,8776,12313.1,930,1
5,0,2,63814,0,3,3640,5515,53,48,1875,15953.5,2544,1
3,2,1,157146,1,8,3405,7673,46,46,4268,17460.666666666668,2116,1
0,0,2,103172,3,2,10587,14108,17,63,3521,34390.666666666664,1071,1
3,2,1,80369,0,1,9783,12573,31,64,2790,40184.5,1984,1
6,0,1,153272,1,4,3117,3144,60,64,27,30654.4,3840,1
9,0,0,99185,0,1,9705,16833,61,48,7128,49592.5,2928,1
8,1,2,42928,0,0,12008,14543,34,46,2535,42928.0,1564,0
6,0,1,128631,1,8,13106,17690,39,48,4584,14292.333333333334,1872,1
4,2,2,80078,0,3,13677,17208,20,38,3531,20019.5,760,2
5,0,2,60614,0,1,1981,2540,63,68,559,30307.0,4284,1
4,1,0,51455,2,1,599,732,32,30,133,25727.5,960,0
8,1,2,34825,0,0,13973,11997,36,33,-1976,34825.0,1188,0
3,2,1,180745,1,7,4799,4590,43,28,-209,22593.125,1204,1
8,1,2,32219,0,3,10122,10121,57,50,-1,8054.75,2850,0
9,0,0,113537,4,4,994,1672,82,34,678,22707.4,2788,1
4,1,0,36349,2,4,11894,12198,16,22,304,7269.8,352,0
1,2,1,49867,4,4,11755,13288,25,37,1533,9973.4,925,1
6,0,1,132618,1,5,1927,2477,23,45,550,22103.0,1035,1
7,1,2,32386,2,0,5455,5655,46,71,200,32386.0,3266,0
4,1,0,50247,2,2,815,639,54,50,-176,16749.0,2700,0
2,0,2,57279,0,5,6378,8299,22,46,1921,9546.5,1012,0
3,2,1,188160,1,7,7357,11631,12,47,4274,23520.0,564,1
9,0,0,121737,4,3,6732,5128,44,64,-1604,30434.25,2816,1
9,0,0,118414,4,6,1540,1972,52,27,432,16916.285714285714,1404,1
7,1,2,25517,2,0,13927,13313,32,22,-614,25517.0,704,0
5,0,2,69035,0,5,3610,3944,19,34,334,11505.833333333334,646,1
7,1,2,29557,2,2,4734,3905,55,11,-829,9852.333333333334,605,0
1,2,1,56939,4,8,3160,3132,9,48,-28,6326.555555555556,432,1
9,0,2,101235,0,1,9698,10144,98,55,446,50617.5,5390,1
4,1,0,47358,2,3,13210,16356,9,70,3146,11839.5,630,0
3,2,1,78579,0,3,13383,14483,52,72,1100,19644.75,3744,1
4,2,2,86903,0,4,1389,984,0,45,-405,17380.6,0,1
4,2,2,72065,0,4,14779,15969,21,55,1190,14413.0,1155,2
5,0,2,81397,0,2,12373,16624,35,61,4251,27132.333333333332,2135,1
9,0,0,119164,0,1,7287,6450,55,41,-837,59582.0,2255,1
1,2,1,49100,4,1,14590,20345,46,86,5755,24550.0,3956,1
8,1,2,43750,0,2,10887,11733,0,53,846,14583.333333333334,0,0
3,2,1,77133,0,2,4941,7178,16,64,2237,25711.0,1024,1
3,2,1,100037,0,2,2366,4368,21,55,2002,33345.666666666664,1155,1
6,0,1,125718,1,4,11070,10842,22,47,-228,25143.6,1034,1
3,2,1,190177,1,7,14650,15371,40,68,721,23772.125,2720,1
9,0,0,111095,0,2,6719,8536,75,52,1817,37031.666666666664,3900,1
6,0,1,132195,1,8,13154,15911,40,46,2757,14688.333333333334,1840,1
6,0,1,177551,1,9,12340,16831,60,61,4491,17755.1,3660,1
6,0,1,139418,1,7,14425,25653,52,47,11228,17427.25,2444,1
9,0,0,108991,0,2,5883,8953,87,40,3070,36330.333333333336,3480,1
9,0,2,95096,0,6,7852,12629,67,43,4777,13585.142857142857,2881,1
9,0,0,126763,0,6,8298,11670,64,24,3372,18109.0,1536,1
6,0,1,144368,1,8,10315,9801,2,51,-514,16040.888888888889,102,1
8,1,2,40823,0,1,10835,11448,40,28,613,20411.5,1120,0
9,0,0,116569,4,4,7811,11357,38,29,3546,23313.8,1102,1
9,0,2,92778,0,3,1009,1746,89,17,737,23194.5,1513,1
3,2,1,67127,0,2,9337,9966,24,64,629,22375.666666666668,1536,1
1,2,1,61138,4,4,10995,13162,22,60,2167,12227.6,1320,1
5,0,2,62777,0,2,3110,2779,60,73,-331,20925.666666666668,4380,2
9,0,0,136367,4,5,9162,17228,47,27,8066,22727.833333333332,1269,1
3,2,1,197867,1,7,7293,7163,55,28,-130,24733.375,1540,1
9,0,0,112334,4,3,11170,11724,87,41,554,28083.5,3567,1
0,0,2,80861,3,6,5401,5238,38,34,-163,11551.57142857143,1292,2
7,1,2,33648,2,0,12825,12188,65,39,-637,33648.0,2535,0
3,2,1,76372,0,5,14437,27628,15,44,13191,12728.666666666666,660,1
5,0,2,45802,0,3,2913,2132,26,49,-781,11450.5,1274,2
1,2,1,48567,4,3,11309,13718,23,74,2409,12141.75,1702,1
7,1,2,30504,2,0,9756,10047,33,27,291,30504.0,891,0
3,2,1,87697,0,0,11097,20288,22,37,9191,87697.0,814,1
3,2,1,83856,0,4,5015,9567,58,30,4552,16771.2,1740,1
9,0,0,110354,0,1,7364,13361,68,51,5997,55177.0,3468,1
9,0,0,109947,4,4,7430,6608,34,7,-822,21989.4,238,1
3,2,1,86678,0,2,2340,4442,34,44,2102,28892.666666666668,1496,1
6,0,1,159347,1,7,6805,4846,25,49,-1959,19918.375,1225,1
9,0,0,133192,4,5,13604,23250,68,65,9646,22198.666666666668,4420,1
8,1,2,40701,0,2,6921,5417,23,58,-1504,13567.0,1334,0
9,0,0,113724,4,5,9633,7780,84,59,-1853,18954.0,4956,1
1,2,1,48764,4,5,2686,3079,31,37,393,8127.333333333333,1147,1
9,0,2,93166,0,1,10738,18116,72,18,7378,46583.0,1296,1
5,0,2,49887,0,4,1430,2097,43,47,667,9977.4,2021,1
6,0,1,148698,1,4,7402,6417,48,78,-985,29739.6,3744,1
3,2,1,73241,0,2,14956,27758,29,33,12802,24413.666666666668,957,1
2,0,2,75763,0,2,4912,6790,39,47,1878,25254.333333333332,1833,2
7,1,2,25634,2,1,13657,11018,44,44,-2639,12817.0,1936,0
8,1,2,45706,0,3,10825,8190,29,46,-2635,11426.5,1334,0
3,2,1,66448,0,4,4646,4281,15,29,-365,13289.6,435,1
1,2,1,51698,4,8,11648,12282,52,39,634,5744.222222222223,2028,1
6,0,1,128736,1,6,596,830,39,71,234,18390.85714285714,2769,1
9,0,0,160557,4,4,679,485,62,56,-194,32111.4,3472,1
4,2,2,85224,0,6,11344,14564,53,72,3220,12174.857142857143,3816,1
2,0,2,73095,0,3,3159,3255,52,54,96,18273.75,2808,0
9,0,2,105490,0,4,7181,9281,97,65,2100,21098.0,6305,1
9,0,0,136448,4,2,10093,7375,41,56,-2718,45482.666666666664,2296,1
6,0,1,100470,1,7,3059,3364,10,57,305,12558.75,570,1
5,0,2,66279,0,2,6467,9613,31,66,3146,22093.0,2046,1
9,0,0,103779,4,5,3492,2826,23,46,-666,17296.5,1058,1
6,0,1,146661,1,6,4862,7625,42,34,2763,20951.571428571428,1428,1
5,0,2,64514,0,4,7136,6376,56,58,-760,12902.8,3248,1
9,0,2,112581,0,5,10494,9019,79,52,-1475,18763.5,4108,1
3,2,1,59764,0,3,12968,24799,29,50,11831,14941.0,1450,1
9,0,0,119674,4,2,2660,1903,79,37,-757,39891.333333333336,2923,1
9,0,2,92281,0,3,6651,11510,62,58,4859,23070.25,3596,1
9,0,0,150358,4,6,14335,10840,74,37,-3495,21479.714285714286,2738,1
9,0,0,127363,4,3,6266,6094,100,16,-172,31840.75,1600,1
9,0,2,103302,0,1,11942,19048,52,42,7106,51651.0,2184,1
2,0,2,59744,0,3,8712,8753,25,46,41,14936.0,1150,0
4,1,0,48359,2,2,9229,8960,13,6,-269,16119.666666666666,78,0
4,2,2,78544,0,4,6516,8066,24,54,1550,15708.8,1296,2
3,2,1,85180,0,4,766,1282,58,45,516,17036.0,2610,1
0,0,2,90416,3,3,7055,4978,41,30,-2077,22604.0,1230,1
0,0,2,81518,3,4,14871,16661,52,61,1790,16303.6,3172,1
1,2,1,62062,4,2,2906,3293,65,40,387,20687.333333333332,2600,1
7,1,2,26091,2,1,14824,18216,2,18,3392,13045.5,36,0
5,0,2,64086,0,1,8665,13207,36,76,4542,32043.0,2736,2
1,2,1,56542,4,6,6552,8672,29,29,2120,8077.428571428572,841,1
4,1,0,55774,2,4,7054,5000,60,59,-2054,11154.8,3540,0
9,0,0,165035,4,6,3737,7536,78,37,3799,23576.428571428572,2886,1
9,0,2,99117,0,0,7510,5961,49,30,-1549,99117.0,1470,2
8,1,2,44427,0,0,7106,5600,34,45,-1506,44427.0,1530,0
3,2,1,197253,1,8,13205,15417,41,13,2212,21917.0,533,1
1,2,1,60218,4,5,7180,5511,36,24,-1669,10036.333333333334,864,1
3,2,1,160020,1,8,1707,3672,31,56,1965,17780.0,1736,1
7,1,2,29987,2,1,10026,8531,13,61,-1495,14993.5,793,0
3,2,1,160596,1,8,13879,14878,23,59,999,17844.0,1357,1
6,0,1,139501,1,6,14513,16618,16,50,2105,19928.714285714286,800,1
9,0,0,107626,4,6,12763,12934,79,42,171,15375.142857142857,3318,1
2,0,2,77004,0,4,3547,3907,28,39,360,15400.8,1092,0
1,2,1,58831,4,5,6839,7110,24,25,271,9805.166666666666,600,1
9,0,0,140709,4,4,7229,13935,35,42,6706,28141.8,1470,1
3,2,1,197608,1,7,2610,3952,45,29,1342,24701.0,1305,1
8,1,2,42115,0,0,7331,6720,43,61,-611,42115.0,2623,0
9,0,0,88300,0,3,7933,5822,73,17,-2111,22075.0,1241,1
3,2,1,167879,1,8,7187,11061,35,12,3874,18653.222222222223,420,1
9,0,2,112297,0,5,6148,9576,58,52,3428,18716.166666666668,3016,1
3,2,1,168246,1,9,10166,19378,29,71,9212,16824.6,2059,1
3,2,1,102588,0,4,13953,14720,35,25,767,20517.6,875,1
3,2,1,161411,1,6,12578,20056,14,48,7478,23058.714285714286,672,1
4,2,2,73416,0,6,12526,18750,58,27,6224,10488.0,1566,2
9,0,2,99169,0,3,4028,5753,52,24,1725,24792.25,1248,1
4,2,2,79444,0,5,9557,11672,50,21,2115,13240.666666666666,1050,2
0,0,2,80419,3,4,7050,6803,19,71,-247,16083.8,1349,1
1,2,1,61871,4,7,8102,8790,28,62,688,7733.875,1736,1
5,0,2,58298,0,4,10509,10120,10,52,-389,11659.6,520,1
7,1,2,28316,2,0,13295,15420,17,42,2125,28316.0,714,0
9,0,0,131277,4,3,5433,8756,63,18,3323,32819.25,1134,1
9,0,2,101101,0,4,4674,5234,100,51,560,20220.2,5100,1
9,0,0,166222,4,5,1300,2620,74,29,1320,27703.666666666668,2146,1
0,0,2,87302,3,4,13729,10401,30,39,-3328,17460.4,1170,1
6,0,1,155065,1,5,10461,18854,29,58,8393,25844.166666666668,1682,1
9,0,0,103145,0,3,5863,7789,81,59,1926,25786.25,4779,1
3,2,1,180472,1,8,9148,17830,82,47,8682,20052.444444444445,3854,1
4,2,2,84229,0,3,10322,7406,24,35,-2916,21057.25,840,2
9,0,0,121251,4,4,2565,4110,83,47,1545,24250.2,3901,1
9,0,0,145766,4,3,980,1880,67,29,900,36441.5,1943,1
6,0,1,158847,1,6,1589,2848,18,42,1259,22692.428571428572,756,1
2,0,2,76647,0,2,1313,1955,48,37,642,25549.0,1776,0
6,0,1,177820,1,5,7035,11742,35,28,4707,29636.666666666668,980,1
0,0,2,76293,3,7,10607,12605,37,51,1998,9536.625,1887,1
4,2,2,87120,0,1,5496,4350,45,86,-1146,43560.0,3870,1
0,0,2,88125,3,5,1053,1213,24,50,160,14687.5,1200,1
4,1,0,38820,2,2,9740,10095,6,79,355,12940.0,474,0
9,0,2,80640,0,3,5423,6748,37,74,1325,20160.0,2738,1
9,0,0,160481,4,4,3844,4802,52,50,958,32096.2,2600,1
4,2,2,78621,0,2,9919,13656,34,5,3737,26207.0,170,2
7,1,2,25000,2,0,2995,3389,39,47,394,25000.0,1833,0
5,0,2,68901,0,1,2669,3109,46,62,440,34450.5,2852,2
3,2,1,185918,1,10,10541,19630,47,24,9089,16901.636363636364,1128,1
8,1,2,41335,0,0,11058,9297,25,43,-1761,41335.0,1075,0
0,0,2,86476,3,8,11499,17725,16,56,6226,9608.444444444445,896,1
2,0,2,86504,0,2,3117,4885,39,33,1768,28834.666666666668,1287,0
2,0,2,59564,0,2,686,971,31,40,285,19854.666666666668,1240,0
3,2,1,170641,1,6,12123,23645,59,65,11522,24377.285714285714,3835,1
9,0,0,142102,4,3,8996,7216,57,20,-1780,35525.5,1140,1
9,0,2,96506,0,3,6018,5341,62,41,-677,24126.5,2542,1
9,0,0,138878,4,4,9842,11325,58,45,1483,27775.6,2610,1
8,1,2,41941,0,0,7514,6248,32,34,-1266,41941.0,1088,0
4,2,2,88067,0,5,2176,3214,59,56,1038,14677.833333333334,3304,1
2,0,2,84642,0,1,9653,12555,49,44,2902,42321.0,2156,0
8,1,2,32962,0,1,2549,3389,51,37,840,16481.0,1887,0
0,0,2,75263,3,6,13226,20574,39,15,7348,10751.857142857143,585,1
6,0,1,143367,1,6,13876,24744,22,37,10868,20481.0,814,1
3,2,1,82830,0,4,14546,23862,70,54,9316,16566.0,3780,1
8,1,2,35287,0,1,9248,9677,33,27,429,17643.5,891,0
6,0,1,148462,1,7,570,611,38,48,41,18557.75,1824,1
5,0,2,69463,0,4,11295,16014,53,77,4719,13892.6,4081,2
9,0,2,83675,0,3,10788,12518,89,61,1730,20918.75,5429,1
5,0,2,63120,0,3,10587,7781,32,50,-2806,15780.0,1600,1
8,1,2,37787,0,1,2146,2525,44,36,379,18893.5,1584,0
8,1,2,48400,0,1,9869,10978,38,50,1109,24200.0,1900,0
5,0,2,62801,0,5,3005,3400,28,31,395,10466.833333333334,868,2
0,0,2,74663,3,4,14371,21539,37,55,7168,14932.6,2035,2
2,0,2,60164,0,2,4561,6495,18,65,1934,20054.666666666668,1170,2
5,0,2,62594,0,2,4720,6134,39,37,1414,20864.666666666668,1443,2
4,1,0,43186,2,2,3176,3135,54,29,-41,14395.333333333334,1566,0
9,0,2,84431,0,2,1688,1838,56,79,150,28143.666666666668,4424,1
5,0,2,78357,0,3,11321,16199,50,24,4878,19589.25,1200,1
7,1,2,30479,2,0,14433,15610,21,64,1177,30479.0,1344,0
9,0,0,105582,0,5,708,1083,86,65,375,17597.0,5590,1
5,0,2,59380,0,4,8531,10636,43,43,2105,11876.0,1849,1
9,0,2,78036,0,3,11024,15207,88,37,4183,19509.0,3256,1
9,0,0,114783,0,3,8631,15624,81,23,6993,28695.75,1863,1
9,0,0,96131,4,1,4198,8018,76,27,3820,48065.5,2052,1
9,0,0,93326,0,4,12912,15125,58,47,2213,18665.2,2726,1
4,2,2,94435,0,6,11366,17713,30,71,6347,13490.714285714286,2130,2
9,0,0,125798,4,7,2902,5512,77,11,2610,15724.75,847,1
0,0,2,64838,3,6,10691,11224,31,49,533,9262.57142857143,1519,2
3,2,1,166038,1,11,12333,9139,54,26,-3194,13836.5,1404,1
3,2,1,198909,1,9,3748,3040,26,52,-708,19890.9,1352,1
5,0,2,66508,0,3,3668,3797,0,65,129,16627.0,0,2
5,0,2,46199,0,3,1160,1730,26,66,570,11549.75,1716,1
2,0,2,75262,0,3,12489,12955,53,35,466,18815.5,1855,0
4,2,2,103592,0,1,5315,6440,50,62,1125,51796.0,3100,1
2,0,2,64258,0,2,14371,19985,33,47,5614,21419.333333333332,1551,2
2,0,2,53330,0,2,9510,13895,0,55,4385,17776.666666666668,0,0
9,0,0,105010,4,1,13275,12940,81,6,-335,52505.0,486,1
5,0,2,61966,0,2,7565,6387,36,55,-1178,20655.333333333332,1980,2
5,0,2,66755,0,5,12784,16677,18,44,3893,11125.833333333334,792,1
8,1,2,40759,0,1,14688,18678,32,33,3990,20379.5,1056,0
4,2,2,85959,0,5,4194,5085,33,40,891,14326.5,1320,1
9,0,0,99412,0,6,14997,24404,88,36,9407,14201.714285714286,3168,1
4,1,0,47092,2,1,14212,13785,32,15,-427,23546.0,480,0
8,1,2,40832,0,0,5765,7935,51,43,2170,40832.0,2193,0
4,2,2,90823,0,3,12903,21091,0,47,8188,22705.75,0,1
9,0,0,85488,0,3,13384,14808,68,65,1424,21372.0,4420,1
3,2,1,92712,0,5,1058,1936,57,33,878,15452.0,1881,1
0,0,2,73109,3,4,13299,10958,47,35,-2341,14621.8,1645,1
9,0,0,119113,0,1,8418,13925,67,51,5507,59556.5,3417,1
3,2,1,86212,0,4,3227,5607,37,30,2380,17242.4,1110,1
3,2,1,196955,1,8,6187,8771,0,79,2584,21883.88888888889,0,1
2,0,2,85543,0,4,6261,4516,17,38,-1745,17108.6,646,0
9,0,2,95742,0,4,4690,3432,71,71,-1258,19148.4,5041,2
3,2,1,208668,1,6,13835,23195,50,8,9360,29809.714285714286,400,1
1,2,1,39605,4,5,13521,17952,46,63,4431,6600.833333333333,2898,1
1,2,1,50528,4,6,523,442,43,44,-81,7218.285714285715,1892,1
7,1,2,28323,2,0,9422,8154,65,48,-1268,28323.0,3120,0
4,1,0,53761,2,2,12568,16194,41,49,3626,17920.333333333332,2009,0
7,1,2,37455,2,3,14183,11311,29,95,-2872,9363.75,2755,0
2,0,2,73662,0,3,4944,4911,14,49,-33,18415.5,686,0
8,1,2,40596,0,1,11462,14935,56,59,3473,20298.0,3304,0
9,0,2,78033,0,5,10367,9804,71,31,-563,13005.5,2201,1
6,0,1,136596,1,8,7026,6902,52,45,-124,15177.333333333334,2340,1
3,2,1,74919,0,4,8559,15050,0,47,6491,14983.8,0,1
9,0,0,101121,4,5,1328,1963,76,24,635,16853.5,1824,1
9,0,0,157727,4,3,10131,15112,70,56,4981,39431.75,3920,1
6,0,1,145424,1,8,14080,26072,33,20,11992,16158.222222222223,660,1
4,1,0,49812,2,0,5603,6786,71,52,1183,49812.0,3692,0
6,0,1,151771,1,7,5607,4994,20,66,-613,18971.375,1320,1
1,2,1,56317,4,4,5026,4546,34,49,-480,11263.4,1666,1
4,2,2,87260,0,6,4573,6750,38,39,2177,12465.714285714286,1482,2
6,0,1,158024,1,5,13418,18629,52,6,5211,26337.333333333332,312,1
9,0,0,118441,4,6,3419,7517,59,20,4098,16920.14285714286,1180,1
4,2,2,96879,0,5,9341,14151,33,50,4810,16146.5,1650,1
3,2,1,83258,0,2,3924,7278,9,46,3354,27752.666666666668,414,1
8,1,2,37106,0,2,6949,6979,48,45,30,12368.666666666666,2160,0
4,2,2,97966,0,5,12598,17639,36,56,5041,16327.666666666666,2016,2
9,0,2,112807,0,5,8917,11491,45,36,2574,18801.166666666668,1620,1
6,0,1,122103,1,9,13947,21200,63,60,7253,12210.3,3780,1
1,2,1,62580,4,5,7042,6249,53,47,-793,10430.0,2491,1
3,2,1,98938,0,2,11860,22526,40,56,10666,32979.333333333336,2240,1
3,2,1,92202,0,6,7787,9568,25,33,1781,13171.714285714286,825,1
1,2,1,58292,4,5,703,805,32,43,102,9715.333333333334,1376,1
8,1,2,38922,0,0,5770,6303,6,36,533,38922.0,216,0
3,2,1,194980,1,7,11932,29349,31,51,17417,24372.5,1581,1
9,0,0,82152,0,2,6760,4994,57,65,-1766,27384.0,3705,1
4,1,0,43765,2,1,7665,7364,30,58,-301,21882.5,1740,0
9,0,2,100478,0,2,14704,20193,55,38,5489,33492.666666666664,2090,1
4,1,0,37684,2,0,4378,4432,32,52,54,37684.0,1664,0
4,1,0,34504,2,2,7340,9457,29,38,2117,11501.333333333334,1102,0
9,0,2,83875,0,6,1409,1818,81,58,409,11982.142857142857,4698,1
3,2,1,158298,1,9,8174,15752,36,47,7578,15829.8,1692,1
2,0,2,70465,0,0,14426,10448,28,43,-3978,70465.0,1204,2
1,2,1,54592,4,4,8810,7804,46,43,-1006,10918.4,1978,1
4,2,2,87847,0,2,13093,13425,63,36,332,29282.333333333332,2268,2
5,0,2,55339,0,4,1197,903,31,53,-294,11067.8,1643,1
4,1,0,41786,2,1,10414,11831,41,45,1417,20893.0,1845,0
5,0,2,68171,0,5,1197,1488,71,15,291,11361.833333333334,1065,2
9,0,0,143963,4,5,1172,1343,74,40,171,23993.833333333332,2960,1
3,2,1,164054,1,6,11957,27783,57,30,15826,23436.285714285714,1710,1
9,0,0,96050,0,3,9361,8186,80,46,-1175,24012.5,3680,1
0,0,2,79602,3,3,4143,6463,47,59,2320,19900.5,2773,1
9,0,0,121014,0,2,3771,7092,83,55,3321,40338.0,4565,1
4,2,2,88180,0,4,6886,9359,27,48,2473,17636.0,1296,2
9,0,0,108200,0,2,2076,2799,55,49,723,36066.666666666664,2695,1
1,2,1,73000,4,5,5016,6937,79,74,1921,12166.666666666666,5846,1
7,1,2,31750,2,2,9689,9233,12,31,-456,10583.333333333334,372,0
7,1,2,25000,2,5,3170,3363,20,24,193,4166.666666666667,480,0
9,0,2,106860,0,4,3555,2810,67,9,-745,21372.0,603,1
9,0,0,115193,0,2,10232,13355,86,47,3123,38397.666666666664,4042,2
9,0,0,127099,4,5,5337,8269,68,54,2932,21183.166666666668,3672,1
4,2,2,98658,0,2,11702,11299,0,51,-403,32886.0,0,1
9,0,0,110633,4,3,796,1027,73,8,231,27658.25,584,1
9,0,2,90403,0,2,10340,16036,100,15,5696,30134.333333333332,1500,1
3,2,1,67414,0,2,614,839,56,73,225,22471.333333333332,4088,1
5,0,2,55897,0,3,4966,3894,44,25,-1072,13974.25,1100,1
4,1,0,42677,2,1,5063,4724,58,23,-339,21338.5,1334,0
5,0,2,68927,0,6,12401,13900,14,40,1499,9846.714285714286,560,1
0,0,2,99107,3,5,9213,13224,40,63,4011,16517.833333333332,2520,1
6,0,1,119964,1,7,10995,11581,26,59,586,14995.5,1534,1
9,0,0,82784,0,4,7771,6124,78,18,-1647,16556.8,1404,1
2,0,2,74584,0,2,6896,8800,34,42,1904,24861.333333333332,1428,0
0,0,2,96585,3,7,10618,16888,40,34,6270,12073.125,1360,1
7,1,2,30010,2,0,12447,13549,22,49,1102,30010.0,1078,0
3,2,1,182230,1,5,4961,6220,37,65,1259,30371.666666666668,2405,1
6,0,1,128792,1,9,13487,20969,23,39,7482,12879.2,897,1
4,2,2,78268,0,3,6848,6766,49,52,-82,19567.0,2548,2
9,0,0,146754,4,4,14799,17351,66,51,2552,29350.8,3366,1
9,0,0,147700,4,3,4566,8141,60,29,3575,36925.0,1740,1
4,1,0,44193,2,0,12934,10097,34,13,-2837,44193.0,442,0
8,1,2,49335,0,2,545,387,23,46,-158,16445.0,1058,0
9,0,2,105462,0,4,722,1059,88,39,337,21092.4,3432,1
4,1,0,45425,2,2,6797,6868,40,36,71,15141.666666666666,1440,2
4,1,0,40071,2,3,9259,10780,16,36,1521,10017.75,576,0
9,0,0,131773,4,4,2625,3770,66,15,1145,26354.6,990,1
5,0,2,69645,0,4,13819,15826,50,24,2007,13929.0,1200,1
6,0,1,119375,1,7,7846,7241,63,60,-605,14921.875,3780,1
9,0,2,93504,0,6,6861,9089,50,61,2228,13357.714285714286,3050,1
8,1,2,41750,0,2,1293,1782,47,55,489,13916.666666666666,2585,2
6,0,1,151245,1,7,13813,15617,7,36,1804,18905.625,252,1
8,1,2,38799,0,2,4374,3302,6,51,-1072,12933.0,306,0
8,1,2,35404,0,1,6984,9748,0,34,2764,17702.0,0,0
8,1,2,37202,0,2,14086,19562,60,67,5476,12400.666666666666,4020,0
7,1,2,28910,2,0,1221,889,48,77,-332,28910.0,3696,0
4,1,0,39138,2,0,9198,10515,49,31,1317,39138.0,1519,0
3,2,1,95509,0,7,10875,17573,24,48,6698,11938.625,1152,1
2,0,2,72136,0,4,14220,10902,24,63,-3318,14427.2,1512,0
3,2,1,182234,1,8,9429,7302,0,12,-2127,20248.222222222223,0,1
9,0,0,133472,0,4,679,728,47,60,49,26694.4,2820,1
3,2,1,208182,1,8,1217,2654,2,65,1437,23131.333333333332,130,1
9,0,0,112531,0,2,3201,4476,64,56,1275,37510.333333333336,3584,1
4,2,2,80891,0,3,12636,10497,32,33,-2139,20222.75,1056,2
3,2,1,74410,0,6,972,1322,8,39,350,10630.0,312,1
7,1,2,28904,2,0,2716,2096,47,60,-620,28904.0,2820,0
3,2,1,176038,1,6,4797,4555,32,70,-242,25148.285714285714,2240,1
9,0,0,119086,4,6,11781,24955,85,34,13174,17012.285714285714,2890,1
4,2,2,89907,0,3,8037,10759,31,65,2722,22476.75,2015,2
3,2,1,152097,1,9,8159,14097,51,28,5938,15209.7,1428,1
7,1,2,25144,2,1,4289,3255,7,72,-1034,12572.0,504,0
3,2,1,168653,1,5,11137,23478,50,61,12341,28108.833333333332,3050,1
8,1,2,37677,0,4,1182,1027,0,27,-155,7535.4,0,0
3,2,1,187690,1,7,12240,19062,21,35,6822,23461.25,735,1
8,1,2,34219,0,1,1204,1606,59,53,402,17109.5,3127,0
0,0,2,90713,3,3,8093,13180,54,62,5087,22678.25,3348,2
6,0,1,175117,1,7,13848,20715,46,75,6867,21889.625,3450,1
6,0,1,166924,1,4,5337,3857,22,24,-1480,33384.8,528,1
2,0,2,80771,0,2,13792,19811,45,13,6019,26923.666666666668,585,2
3,2,1,73513,0,3,10175,7551,25,61,-2624,18378.25,1525,1
9,0,0,123483,4,3,5726,5976,69,54,250,30870.75,3726,1
4,1,0,48857,2,1,9623,9801,51,37,178,24428.5,1887,0
2,0,2,55850,0,3,11862,9116,79,63,-2746,13962.5,4977,2
6,0,1,168326,1,7,5896,8656,31,37,2760,21040.75,1147,1
1,2,1,52527,4,5,1983,2191,39,36,208,8754.5,1404,1
1,2,1,54287,4,4,766,1063,35,58,297,10857.4,2030,1
9,0,0,106088,0,2,12269,21294,100,55,9025,35362.666666666664,5500,2
3,2,1,185707,1,5,6878,11408,52,31,4530,30951.166666666668,1612,1
3,2,1,84368,0,3,6240,9203,32,39,2963,21092.0,1248,1
9,0,2,104211,0,4,5143,4734,65,52,-409,20842.2,3380,1
4,2,2,84471,0,6,5909,8650,0,18,2741,12067.285714285714,0,1
8,1,2,40844,0,1,3070,3866,37,34,796,20422.0,1258,0
3,2,1,189375,1,8,13512,17254,14,39,3742,21041.666666666668,546,1
9,0,0,103670,4,7,2520,3583,69,38,1063,12958.75,2622,1
3,2,1,191306,1,4,8610,15190,45,77,6580,38261.2,3465,1
7,1,2,25000,2,3,11959,14359,26,33,2400,6250.0,858,0
8,1,2,34726,0,3,697,833,13,35,136,8681.5,455,0
4,2,2,82544,0,1,7191,9813,40,56,2622,41272.0,2240,2
4,2,2,100106,0,3,7381,5287,38,76,-2094,25026.5,2888,2
2,0,2,65215,0,2,9376,10312,7,44,936,21738.333333333332,308,0
9,0,0,118626,4,3,7834,8040,70,43,206,29656.5,3010,1
2,0,2,78683,0,3,7854,6872,48,47,-982,19670.75,2256,0
4,2,2,99742,0,4,7407,10627,18,86,3220,19948.4,1548,1
9,0,0,94554,4,4,2647,2049,66,44,-598,18910.8,2904,1
7,1,2,32763,2,1,13603,13799,31,29,196,16381.5,899,0
7,1,2,36019,2,0,8757,7181,32,61,-1576,36019.0,1952,0
9,0,0,100780,4,4,1663,2808,72,29,1145,20156.0,2088,1
9,0,2,105304,0,4,11655,16809,31,53,5154,21060.8,1643,1
9,0,0,103344,0,1,7728,7841,66,69,113,51672.0,4554,2
3,2,1,76518,0,2,12392,9477,32,67,-2915,25506.0,2144,1
8,1,2,34896,0,2,8643,9913,34,50,1270,11632.0,1700,0
7,1,2,27457,2,0,7434,8117,30,70,683,27457.0,2100,0
7,1,2,30013,2,0,9127,7510,75,54,-1617,30013.0,4050,0
3,2,1,161610,1,8,1513,2232,30,41,719,17956.666666666668,1230,1
9,0,0,125950,4,2,3436,5210,53,52,1774,41983.333333333336,2756,1
2,0,2,70138,0,6,1729,1599,30,18,-130,10019.714285714286,540,0
9,0,2,107940,0,4,10178,16022,90,35,5844,21588.0,3150,1
2,0,2,60384,0,1,7747,8557,50,62,810,30192.0,3100,0
2,0,2,56347,0,0,1427,1339,27,45,-88,56347.0,1215,2
2,0,2,67295,0,2,12491,17628,36,37,5137,22431.666666666668,1332,0
9,0,2,87715,0,4,2090,2591,100,25,501,17543.0,2500,1
4,1,0,39719,2,2,8160,10482,25,77,2322,13239.666666666666,1925,0
9,0,0,154087,4,3,5731,5559,53,42,-172,38521.75,2226,1
9,0,0,100307,0,3,9882,14889,87,53,5007,25076.75,4611,1
4,2,2,98648,0,4,11034,12340,32,28,1306,19729.6,896,2
3,2,1,81749,0,3,9930,19425,64,37,9495,20437.25,2368,1
8,1,2,39419,0,1,7622,10458,13,50,2836,19709.5,650,0
0,0,2,85301,3,2,12271,16792,50,32,4521,28433.666666666668,1600,1
3,2,1,188691,1,9,4019,5246,25,59,1227,18869.1,1475,1
7,1,2,35859,2,0,6862,7065,35,48,203,35859.0,1680,0
1,2,1,52123,4,3,4351,5714,35,59,1363,13030.75,2065,1
6,0,1,160241,1,5,5780,8052,72,66,2272,26706.833333333332,4752,1
5,0,2,69065,0,0,4822,3502,0,34,-1320,69065.0,0,1
5,0,2,64959,0,1,6987,6233,49,62,-754,32479.5,3038,1
9,0,0,128952,4,3,6631,9803,47,58,3172,32238.0,2726,1
9,0,0,105854,4,2,13148,12897,71,64,-251,35284.666666666664,4544,1
9,0,2,85278,0,4,12723,9253,36,48,-3470,17055.6,1728,1
0,0,2,80012,3,6,8266,13138,25,5,4872,11430.285714285714,125,1
1,2,1,59842,4,6,4847,6402,49,41,1555,8548.857142857143,2009,1
0,0,2,90914,3,4,597,421,47,74,-176,18182.8,3478,1
3,2,1,205420,1,8,3541,4935,13,30,1394,22824.444444444445,390,1
9,0,0,104157,4,4,10387,17260,71,34,6873,20831.4,2414,1
8,1,2,31420,0,2,8509,6843,47,60,-1666,10473.333333333334,2820,0
9,0,2,95236,0,0,3607,3302,68,24,-305,95236.0,1632,1
4,1,0,42985,2,0,12074,8733,46,41,-3341,42985.0,1886,0
4,1,0,46453,2,0,8348,10069,28,68,1721,46453.0,1904,0
4,2,2,89949,0,5,11683,16111,48,88,4428,14991.5,4224,2
9,0,2,97663,0,0,9765,15588,74,41,5823,97663.0,3034,1
2,0,2,60590,0,2,4744,6692,13,59,1948,20196.666666666668,767,0
9,0,0,114230,4,4,14730,19371,50,61,4641,22846.0,3050,1
6,0,1,162477,1,7,2685,3006,60,44,321,20309.625,2640,1
9,0,2,108570,0,3,13002,18972,73,74,5970,27142.5,5402,1
0,0,2,89698,3,5,6968,9929,36,22,2961,14949.666666666666,792,1
8,1,2,48092,0,0,10614,11909,43,40,1295,48092.0,1720,0
3,2,1,80480,0,1,3561,4924,15,29,1363,40240.0,435,1
9,0,0,155679,4,5,7697,14531,39,49,6834,25946.5,1911,1
6,0,1,144983,1,8,4379,5705,43,27,1326,16109.222222222223,1161,1
6,0,1,166754,1,6,12118,20300,32,22,8182,23822.0,704,1
9,0,2,106456,0,2,12311,12248,78,61,-63,35485.333333333336,4758,1
0,0,2,88762,3,3,6040,5397,36,31,-643,22190.5,1116,1
9,0,0,112989,4,1,2739,3387,74,27,648,56494.5,1998,1
3,2,1,104972,0,5,3487,6826,10,37,3339,17495.333333333332,370,1
3,2,1,188577,1,7,2038,4504,72,54,2466,23572.125,3888,1
4,1,0,38936,2,2,502,402,56,50,-100,12978.666666666666,2800,0
8,1,2,41114,0,3,10606,9032,8,47,-1574,10278.5,376,2
9,0,2,102857,0,4,12970,14440,52,58,1470,20571.4,3016,2
1,2,1,55322,4,4,5069,6672,17,28,1603,11064.4,476,1
9,0,0,129606,4,3,3980,3679,84,21,-301,32401.5,1764,1
5,0,2,63489,0,3,11310,16455,34,63,5145,15872.25,2142,1
3,2,1,164842,1,10,10182,14999,30,52,4817,14985.636363636364,1560,1
9,0,0,131938,4,4,10463,9296,73,51,-1167,26387.6,3723,1
4,2,2,86194,0,6,11520,11042,15,32,-478,12313.42857142857,480,1
7,1,2,30626,2,0,13932,13706,42,82,-226,30626.0,3444,0
0,0,2,80652,3,6,1877,1590,44,38,-287,11521.714285714286,1672,1
0,0,2,92389,3,4,4902,6482,5,57,1580,18477.8,285,1
9,0,0,143174,4,6,6873,5892,67,63,-981,20453.428571428572,4221,1
6,0,1,133135,1,6,7750,10056,0,55,2306,19019.285714285714,0,1
8,1,2,35317,0,0,9812,11113,24,24,1301,35317.0,576,0
3,2,1,167321,1,6,1637,2857,35,30,1220,23903.0,1050,1
1,2,1,48300,4,7,4123,4203,26,20,80,6037.5,520,1
9,0,0,120541,4,3,561,805,47,68,244,30135.25,3196,1
4,2,2,84106,0,4,5158,5147,15,75,-11,16821.2,1125,2
9,0,2,112275,0,4,11533,9453,38,50,-2080,22455.0,1900,1
9,0,0,108122,4,6,13172,14730,68,49,1558,15446.0,3332,1
3,2,1,83740,0,3,12373,10226,31,35,-2147,20935.0,1085,1
6,0,1,157650,1,8,2601,4203,30,63,1602,17516.666666666668,1890,1
5,0,2,63543,0,4,8158,7733,29,32,-425,12708.6,928,1
9,0,2,104132,0,3,3838,3401,44,37,-437,26033.0,1628,1
8,1,2,49493,0,3,12394,11579,42,57,-815,12373.25,2394,0
4,1,0,43385,2,3,1053,1211,0,72,158,10846.25,0,0
8,1,2,44009,0,3,5394,3995,37,88,-1399,11002.25,3256,0
9,0,0,111077,4,4,13650,23192,77,81,9542,22215.4,6237,1
9,0,0,114491,4,5,3896,5804,84,46,1908,19081.833333333332,3864,1
7,1,2,28668,2,0,1357,1434,36,49,77,28668.0,1764,0
8,1,2,49943,0,3,13567,18107,37,64,4540,12485.75,2368,0
7,1,2,28855,2,0,10565,11764,62,24,1199,28855.0,1488,0
9,0,0,158896,4,3,10722,20733,41,50,10011,39724.0,2050,1
4,2,2,104048,0,2,5484,9191,31,47,3707,34682.666666666664,1457,2
3,2,1,77814,0,2,5213,8065,28,26,2852,25938.0,728,1
4,1,0,48455,2,3,14001,14900,22,45,899,12113.75,990,0
3,2,1,73492,0,4,8248,5875,26,60,-2373,14698.4,1560,1
4,1,0,39210,2,0,1378,1274,33,57,-104,39210.0,1881,0
6,0,1,144719,1,6,8627,7755,36,43,-872,20674.14285714286,1548,1
9,0,0,121033,4,4,11565,20983,71,36,9418,24206.6,2556,1
5,0,2,60696,0,2,13304,16148,5,49,2844,20232.0,245,1
1,2,1,51043,4,5,3236,4406,33,74,1170,8507.166666666666,2442,1
5,0,2,50436,0,0,7385,6785,5,27,-600,50436.0,135,1
7,1,2,30496,2,0,9825,10851,38,24,1026,30496.0,912,0
0,0,2,62488,3,5,7540,8000,33,35,460,10414.666666666666,1155,1
9,0,0,123766,4,4,14307,15893,94,60,1586,24753.2,5640,1
9,0,2,91064,0,4,12076,17377,96,73,5301,18212.8,7008,1
9,0,2,83922,0,3,13686,15399,81,53,1713,20980.5,4293,1
3,2,1,78658,0,1,6346,7303,70,28,957,39329.0,1960,1
6,0,1,153857,1,7,13532,19172,44,24,5640,19232.125,1056,1
8,1,2,44823,0,2,12442,13168,84,47,726,14941.0,3948,0
2,0,2,66598,0,2,9899,13698,32,44,3799,22199.333333333332,1408,0
2,0,2,64583,0,6,5661,7758,40,25,2097,9226.142857142857,1000,2
5,0,2,59261,0,2,11078,10792,21,46,-286,19753.666666666668,966,1
9,0,2,80849,0,1,2211,2717,78,44,506,40424.5,3432,1
6,0,1,162841,1,7,4064,7021,52,52,2957,20355.125,2704,1
4,1,0,49149,2,3,13116,12263,26,28,-853,12287.25,728,0
3,2,1,85000,0,5,8436,7848,27,11,-588,14166.666666666666,297,1
0,0,2,81072,3,5,9374,10183,67,21,809,13512.0,1407,1
0,0,2,96079,3,5,10300,16905,49,59,6605,16013.166666666666,2891,1
2,0,2,63213,0,1,10309,16009,6,39,5700,31606.5,234,0
8,1,2,47436,0,2,1063,980,37,44,-83,15812.0,1628,0
4,1,0,44895,2,2,10661,10164,35,49,-497,14965.0,1715,0
0,0,2,78663,3,3,5637,8417,34,57,2780,19665.75,1938,1
0,0,2,83720,3,6,5121,6332,52,62,1211,11960.0,3224,2
4,1,0,51406,2,2,13614,9831,55,39,-3783,17135.333333333332,2145,0
9,0,0,154707,4,4,13992,19970,77,39,5978,30941.4,3003,1
4,2,2,87048,0,5,14793,20479,48,67,5686,14508.0,3216,1
2,0,2,63344,0,2,4046,5962,60,32,1916,21114.666666666668,1920,0
9,0,0,125168,4,8,12711,26411,91,49,13700,13907.555555555555,4459,1
3,2,1,217114,1,8,4714,3781,32,62,-933,24123.777777777777,1984,1
9,0,0,99496,0,4,2642,3067,67,63,425,19899.2,4221,1
9,0,0,126111,4,3,12273,18274,70,57,6001,31527.75,3990,1
3,2,1,165800,1,7,12032,18248,41,46,6216,20725.0,1886,1
4,2,2,81661,0,3,11164,12020,61,60,856,20415.25,3660,1
3,2,1,72325,0,4,14705,27197,80,49,12492,14465.0,3920,1
7,1,2,26721,2,0,10591,12633,53,42,2042,26721.0,2226,0
1,2,1,60653,4,5,6061,7632,1,28,1571,10108.833333333334,28,1
2,0,2,78824,0,4,766,726,46,9,-40,15764.8,414,0
4,1,0,48551,2,0,1699,1476,22,39,-223,48551.0,858,0
3,2,1,72188,0,5,7879,14398,14,10,6519,12031.333333333334,140,1
4,1,0,39118,2,0,11952,8623,44,53,-3329,39118.0,2332,0
9,0,0,140762,4,5,3663,7634,45,32,3971,23460.333333333332,1440,1
1,2,1,52684,4,5,12021,11229,34,46,-792,8780.666666666666,1564,2
5,0,2,56241,0,4,5418,6418,3,60,1000,11248.2,180,1
0,0,2,85223,3,7,10936,15818,42,37,4882,10652.875,1554,1
7,1,2,32219,2,2,7015,8260,3,61,1245,10739.666666666666,183,0
4,1,0,49563,2,2,8757,7345,25,57,-1412,16521.0,1425,0
9,0,0,111696,0,1,14381,25525,70,47,11144,55848.0,3290,1
4,2,2,93253,0,2,8711,11295,35,44,2584,31084.333333333332,1540,2
9,0,0,116076,4,4,2609,2553,57,23,-56,23215.2,1311,1
5,0,2,75939,0,4,9115,9064,6,44,-51,15187.8,264,1
3,2,1,81328,0,2,8414,6404,15,72,-2010,27109.333333333332,1080,1
7,1,2,30183,2,2,11268,8748,24,43,-2520,10061.0,1032,0
0,0,2,72175,3,5,5253,7713,33,9,2460,12029.166666666666,297,2
8,1,2,49351,0,3,9055,7882,31,65,-1173,12337.75,2015,0
8,1,2,43466,0,1,11928,14291,53,43,2363,21733.0,2279,0
4,1,0,42208,2,4,3775,3352,21,57,-423,8441.6,1197,0
3,2,1,185084,1,9,11025,27378,67,55,16353,18508.4,3685,1
8,1,2,40941,0,4,5512,7609,8,68,2097,8188.2,544,0
4,1,0,50051,2,0,9920,11091,74,63,1171,50051.0,4662,0
1,2,1,58106,4,2,14751,21446,21,62,6695,19368.666666666668,1302,1
8,1,2,39990,0,3,901,1131,29,52,230,9997.5,1508,0
1,2,1,41097,4,4,7518,8475,36,45,957,8219.4,1620,1
3,2,1,151835,1,9,4912,7876,63,53,2964,15183.5,3339,1
4,2,2,107068,0,3,13554,17341,32,5,3787,26767.0,160,2
9,0,2,83990,0,4,14976,14417,42,22,-559,16798.0,924,1
9,0,2,95934,0,1,560,462,78,75,-98,47967.0,5850,1
0,0,2,90788,3,3,7787,8900,44,64,1113,22697.0,2816,1
9,0,2,117616,0,4,6971,7213,78,50,242,23523.2,3900,1
9,0,0,141556,4,7,14252,25026,60,67,10774,17694.5,4020,1
9,0,0,138228,4,3,9903,15892,55,53,5989,34557.0,2915,1
8,1,2,40383,0,1,1870,1817,15,18,-53,20191.5,270,0
8,1,2,40163,0,0,2669,2616,12,74,-53,40163.0,888,0
9,0,0,114795,0,4,7359,13594,79,43,6235,22959.0,3397,1
7,1,2,32919,2,0,5720,6580,37,49,860,32919.0,1813,0
3,2,1,96268,0,2,8799,14512,32,32,5713,32089.333333333332,1024,1
2,0,2,68715,0,4,5915,8240,47,26,2325,13743.0,1222,0
3,2,1,99970,0,3,9064,17731,21,21,8667,24992.5,441,1
7,1,2,25000,2,2,5870,4284,38,49,-1586,8333.333333333334,1862,0
6,0,1,137236,1,9,8586,13585,27,44,4999,13723.6,1188,1
9,0,0,115867,0,4,3320,2625,82,60,-695,23173.4,4920,1
5,0,2,63216,0,2,7560,5842,3,55,-1718,21072.0,165,2
9,0,0,115294,4,3,612,937,46,67,325,28823.5,3082,1
8,1,2,25129,0,2,9081,6795,11,33,-2286,8376.333333333334,363,0
7,1,2,26689,2,2,9036,7243,32,62,-1793,8896.333333333334,1984,0
4,2,2,90231,0,5,9199,8242,31,33,-957,15038.5,1023,1
2,0,2,78584,0,3,11695,11018,20,13,-677,19646.0,260,2
7,1,2,31109,2,2,1668,1785,28,52,117,10369.666666666666,1456,0
8,1,2,36496,0,2,6281,5094,41,53,-1187,12165.333333333334,2173,0
7,1,2,25000,2,0,2245,2103,54,27,-142,25000.0,1458,0
9,0,0,161993,4,4,4705,9618,34,40,4913,32398.6,1360,1
2,0,2,75424,0,4,1625,1210,49,22,-415,15084.8,1078,0
3,2,1,185620,1,9,10520,21427,34,31,10907,18562.0,1054,1
6,0,1,141789,1,7,5351,4737,44,24,-614,17723.625,1056,1
9,0,0,130911,4,7,13634,27353,74,41,13719,16363.875,3034,1
9,0,2,106517,0,3,9171,14015,38,53,4844,26629.25,2014,2
6,0,1,137472,1,6,9255,8759,73,36,-496,19638.85714285714,2628,1
9,0,0,137697,4,4,8897,12660,90,48,3763,27539.4,4320,1
0,0,2,76609,3,2,5714,4422,44,51,-1292,25536.333333333332,2244,1
0,0,2,83174,3,3,1186,1577,48,39,391,20793.5,1872,1
5,0,2,67031,0,3,825,935,69,26,110,16757.75,1794,1
8,1,2,45721,0,1,3678,4369,13,47,691,22860.5,611,0
6,0,1,148607,1,8,10694,16425,34,62,5731,16511.88888888889,2108,1
4,2,2,82554,0,3,4887,7832,41,26,2945,20638.5,1066,1
6,0,1,121661,1,7,3976,5425,37,37,1449,15207.625,1369,1
3,2,1,77871,0,3,7237,8145,29,72,908,19467.75,2088,1
9,0,0,104416,4,4,1240,2779,91,22,1539,20883.2,2002,1
4,1,0,43815,2,2,1294,1161,45,48,-133,14605.0,2160,0
3,2,1,176341,1,8,12556,22294,52,88,9738,19593.444444444445,4576,1
9,0,2,90442,0,2,998,1374,75,48,376,30147.333333333332,3600,1
4,2,2,98359,0,1,14797,12825,26,56,-1972,49179.5,1456,2
4,1,0,47976,2,1,1633,1205,47,62,-428,23988.0,2914,0
2,0,2,70170,0,1,11444,16132,36,26,4688,35085.0,936,0
9,0,0,100386,4,4,10066,13527,53,56,3461,20077.2,2968,1
3,2,1,89808,0,6,1584,1940,36,40,356,12829.714285714286,1440,1
5,0,2,69208,0,4,10271,16005,25,63,5734,13841.6,1575,1
0,0,2,96666,3,4,14338,20939,0,9,6601,19333.2,0,1
6,0,1,134962,1,8,8478,8483,40,64,5,14995.777777777777,2560,1
0,0,2,112247,3,3,4968,3506,39,27,-1462,28061.75,1053,2
9,0,0,146378,4,5,9597,12610,100,32,3013,24396.333333333332,3200,1
9,0,0,111228,0,2,3936,5166,58,61,1230,37076.0,3538,1
8,1,2,48233,0,3,10484,8779,35,15,-1705,12058.25,525,0
1,2,1,63803,4,5,715,812,45,57,97,10633.833333333334,2565,1
7,1,2,29683,2,3,1192,900,33,19,-292,7420.75,627,0
9,0,2,109915,0,4,6298,6001,76,52,-297,21983.0,3952,1
4,2,2,102464,0,4,11826,14842,38,68,3016,20492.8,2584,1
2,0,2,64437,0,3,8846,13226,27,31,4380,16109.25,837,2
3,2,1,172539,1,7,5773,4615,51,33,-1158,21567.375,1683,1
3,2,1,90986,0,3,10971,19590,48,19,8619,22746.5,912,1
3,2,1,173690,1,9,4615,10929,40,33,6314,17369.0,1320,1
6,0,1,112426,1,8,6017,6505,47,54,488,12491.777777777777,2538,1
0,0,2,87949,3,7,10788,7666,34,65,-3122,10993.625,2210,1
9,0,0,107412,4,4,2799,2155,58,10,-644,21482.4,580,1
9,0,0,135404,4,3,3262,4609,68,66,1347,33851.0,4488,1
2,0,2,73362,0,1,4928,4021,38,51,-907,36681.0,1938,0
3,2,1,82587,0,4,14785,22218,16,37,7433,16517.4,592,1
4,2,2,96078,0,4,4321,6088,56,62,1767,19215.6,3472,1
7,1,2,28595,2,1,9190,8174,54,48,-1016,14297.5,2592,0
4,2,2,101175,0,4,2792,2916,16,5,124,20235.0,80,1
1,2,1,52626,4,1,5093,7385,56,70,2292,26313.0,3920,1
0,0,2,98356,3,6,14770,11337,19,41,-3433,14050.857142857143,779,1
5,0,2,54422,0,3,3632,4172,44,30,540,13605.5,1320,2
9,0,0,139811,4,3,1169,2035,88,40,866,34952.75,3520,1
9,0,0,82916,0,4,9732,13381,87,26,3649,16583.2,2262,1
3,2,1,72308,0,5,8033,12651,26,59,4618,12051.333333333334,1534,1
2,0,2,76792,0,2,9225,10629,12,54,1404,25597.333333333332,648,0
5,0,2,62033,0,2,6440,4683,34,27,-1757,20677.666666666668,918,1
7,1,2,31926,2,1,2362,2912,25,31,550,15963.0,775,0
9,0,0,113626,0,3,8912,15540,67,64,6628,28406.5,4288,2
4,1,0,50495,2,0,4879,5851,54,72,972,50495.0,3888,0
4,1,0,43992,2,1,3104,3743,30,75,639,21996.0,2250,0
9,0,0,112165,4,2,8706,15925,62,20,7219,37388.333333333336,1240,1
4,2,2,104646,0,3,12360,11061,30,65,-1299,26161.5,1950,2
0,0,2,84181,3,5,10434,13558,33,74,3124,14030.166666666666,2442,1
4,2,2,81181,0,3,11008,9026,69,36,-1982,20295.25,2484,2
0,0,2,92950,3,3,6995,8760,31,31,1765,23237.5,961,1
4,2,2,74007,0,4,5029,7420,19,45,2391,14801.4,855,2
3,2,1,187381,1,7,7385,18187,32,63,10802,23422.625,2016,1
9,0,2,75049,0,1,11095,12226,98,22,1131,37524.5,2156,1
9,0,0,146588,4,3,7534,16616,77,43,9082,36647.0,3311,1
4,1,0,54458,2,4,11032,7979,9,41,-3053,10891.6,369,0
4,1,0,45114,2,1,9488,9507,48,17,19,22557.0,816,0
4,1,0,31338,2,2,10702,10273,52,51,-429,10446.0,2652,0
9,0,0,103057,4,4,8024,17799,74,68,9775,20611.4,5032,1
0,0,2,72451,3,4,8373,7992,46,26,-381,14490.2,1196,1
6,0,1,175686,1,7,8959,9283,42,39,324,21960.75,1638,1
9,0,0,114251,0,3,14415,17445,49,15,3030,28562.75,735,1
9,0,2,73739,0,2,11965,14542,91,17,2577,24579.666666666668,1547,1
8,1,2,39038,0,1,7100,7271,26,48,171,19519.0,1248,0
0,0,2,82121,3,6,10172,16387,31,53,6215,11731.57142857143,1643,1
3,2,1,93054,0,3,11022,14107,15,61,3085,23263.5,915,1
7,1,2,30645,2,3,2011,2233,61,48,222,7661.25,2928,0
6,0,1,119707,1,5,13578,17810,19,64,4232,19951.166666666668,1216,1
5,0,2,78730,0,3,9361,8058,39,36,-1303,19682.5,1404,1
9,0,0,100562,4,3,5331,8950,72,5,3619,25140.5,360,1
6,0,1,162043,1,10,6750,11261,52,28,4511,14731.181818181818,1456,1
0,0,2,84705,3,9,6068,9924,34,55,3856,8470.5,1870,1
2,0,2,82579,0,1,7288,8305,50,46,1017,41289.5,2300,2
1,2,1,54144,4,6,10227,14513,9,57,4286,7734.857142857143,513,1
6,0,1,118654,1,8,7387,8975,36,62,1588,13183.777777777777,2232,1
9,0,2,103530,0,3,2687,2955,93,22,268,25882.5,2046,2
4,1,0,43300,2,0,2866,2658,58,43,-208,43300.0,2494,0
3,2,1,79723,0,6,8262,7070,46,33,-1192,11389.0,1518,1
5,0,2,72863,0,2,10734,10313,42,45,-421,24287.666666666668,1890,1
3,2,1,190428,1,7,941,662,22,30,-279,23803.5,660,1
6,0,1,145247,1,5,3305,3892,40,25,587,24207.833333333332,1000,1
5,0,2,57193,0,4,11629,14604,50,32,2975,11438.6,1600,1
9,0,0,140624,4,0,1088,1250,66,49,162,140624.0,3234,1
7,1,2,25000,2,0,13999,17352,22,53,3353,25000.0,1166,0
0,0,2,89812,3,6,13598,19084,30,59,5486,12830.285714285714,1770,1
3,2,1,88097,0,4,10949,18277,35,57,7328,17619.4,1995,1
9,0,0,128645,4,3,11495,16510,67,59,5015,32161.25,3953,1
2,0,2,73248,0,3,13769,19770,24,15,6001,18312.0,360,2
5,0,2,71538,0,3,10017,7581,35,67,-2436,17884.5,2345,1
4,1,0,46314,2,1,4751,5317,40,44,566,23157.0,1760,0
3,2,1,80998,0,1,13460,21136,50,56,7676,40499.0,2800,1
8,1,2,47722,0,2,8633,6705,12,46,-1928,15907.333333333334,552,0
7,1,2,25000,2,0,3818,4147,58,48,329,25000.0,2784,0
1,2,1,63548,4,4,1768,2428,17,43,660,12709.6,731,1
1,2,1,41168,4,5,10728,9654,27,39,-1074,6861.333333333333,1053,1
0,0,2,75190,3,5,7912,8137,21,44,225,12531.666666666666,924,2
5,0,2,43653,0,2,8924,7976,9,6,-948,14551.0,54,1
7,1,2,33552,2,3,10054,10220,40,17,166,8388.0,680,0
7,1,2,35076,2,1,8595,10444,50,17,1849,17538.0,850,0
9,0,0,152134,4,4,9639,11718,56,44,2079,30426.8,2464,1
2,0,2,75283,0,3,6555,8303,44,56,1748,18820.75,2464,0
3,2,1,176897,1,10,12986,26088,21,19,13102,16081.545454545454,399,1
9,0,0,152669,4,4,7135,9917,86,48,2782,30533.8,4128,1
9,0,2,97862,0,5,8782,8272,85,68,-510,16310.333333333334,5780,1
1,2,1,60360,4,7,8884,12054,41,40,3170,7545.0,1640,1
8,1,2,34036,0,2,3864,3295,21,56,-569,11345.333333333334,1176,0
9,0,0,102779,4,3,14610,18757,74,48,4147,25694.75,3552,1
9,0,0,131843,4,7,11727,10651,58,55,-1076,16480.375,3190,1
8,1,2,37912,0,0,1798,1651,23,33,-147,37912.0,759,0
9,0,2,101572,0,2,10226,8903,57,40,-1323,33857.333333333336,2280,1
3,2,1,78599,0,2,2282,2889,23,49,607,26199.666666666668,1127,1
9,0,0,94391,0,4,10848,15956,90,42,5108,18878.2,3780,2
9,0,0,149208,4,5,10855,10978,100,34,123,24868.0,3400,1
4,1,0,44408,2,0,1945,1610,0,43,-335,44408.0,0,0
6,0,1,132780,1,6,13726,25752,22,11,12026,18968.571428571428,242,1
9,0,0,107918,0,0,3034,4677,62,43,1643,107918.0,2666,1
3,2,1,82873,0,1,13428,10474,58,60,-2954,41436.5,3480,1
1,2,1,65754,4,3,11044,10156,53,12,-888,16438.5,636,1
0,0,2,86112,3,6,11242,9373,10,29,-1869,12301.714285714286,290,2
1,2,1,50489,4,5,13066,14339,69,44,1273,8414.833333333334,3036,1
0,0,2,82887,3,3,13745,14681,47,60,936,20721.75,2820,1
3,2,1,76127,0,4,14058,15774,38,14,1716,15225.4,532,1
9,0,0,120658,4,3,7082,12582,91,73,5500,30164.5,6643,1
4,1,0,52958,2,0,12958,15543,0,34,2585,52958.0,0,0
9,0,0,119491,4,2,14804,20565,76,25,5761,39830.333333333336,1900,1
9,0,0,114768,4,5,7949,5850,62,59,-2099,19128.0,3658,1
9,0,0,119790,4,3,4095,4571,83,51,476,29947.5,4233,1
4,2,2,81220,0,3,2904,2239,50,27,-665,20305.0,1350,2
1,2,1,64728,4,3,2858,4186,22,5,1328,16182.0,110,1
1,2,1,55548,4,5,10440,11915,13,47,1475,9258.0,611,1
9,0,2,106623,0,2,5003,7741,92,43,2738,35541.0,3956,1
3,2,1,94387,0,3,14418,26509,34,44,12091,23596.75,1496,1
3,2,1,91147,0,4,5477,10018,13,70,4541,18229.4,910,1
6,0,1,146550,1,4,7940,14430,42,33,6490,29310.0,1386,1
9,0,2,98740,0,0,12195,9282,78,35,-2913,98740.0,2730,1
9,0,0,131935,4,4,7393,10007,89,38,2614,26387.0,3382,1
7,1,2,30357,2,1,8040,5656,44,67,-2384,15178.5,2948,0
3,2,1,176695,1,8,7279,17298,59,67,10019,19632.777777777777,3953,1
4,2,2,97861,0,4,12453,9819,34,56,-2634,19572.2,1904,2
9,0,2,92308,0,5,6043,9490,90,55,3447,15384.666666666666,4950,1
4,1,0,43680,2,1,7808,7340,49,51,-468,21840.0,2499,0
4,2,2,100382,0,3,8476,9028,48,49,552,25095.5,2352,2
9,0,2,75676,0,4,12619,18066,90,37,5447,15135.2,3330,1
4,2,2,75925,0,3,3298,4062,25,25,764,18981.25,625,2
9,0,0,102645,0,1,5790,9480,76,56,3690,51322.5,4256,1
7,1,2,26580,2,1,10856,10461,45,62,-395,13290.0,2790,0
3,2,1,97763,0,2,14330,18482,52,35,4152,32587.666666666668,1820,1
5,0,2,53716,0,5,11577,18179,10,39,6602,8952.666666666666,390,1
7,1,2,25000,2,0,2580,2272,39,37,-308,25000.0,1443,0
1,2,1,51706,4,5,8338,8737,27,45,399,8617.666666666666,1215,1
3,2,1,202211,1,7,11567,26870,10,35,15303,25276.375,350,1
1,2,1,70786,4,5,4986,4111,42,46,-875,11797.666666666666,1932,1
2,0,2,69631,0,3,1232,1055,73,51,-177,17407.75,3723,0
7,1,2,32246,2,3,8841,8634,31,32,-207,8061.5,992,2
9,0,2,92575,0,3,2214,3467,97,59,1253,23143.75,5723,1
2,0,2,71174,0,3,1546,1707,64,34,161,17793.5,2176,0
6,0,1,167881,1,7,8419,9996,38,56,1577,20985.125,2128,1
3,2,1,72730,0,4,11994,22709,85,71,10715,14546.0,6035,1
4,2,2,94527,0,3,2996,2134,25,38,-862,23631.75,950,1
3,2,1,79605,0,3,13497,26782,31,21,13285,19901.25,651,1
0,0,2,75077,3,3,1306,1854,41,73,548,18769.25,2993,1
8,1,2,40997,0,1,9277,6994,18,53,-2283,20498.5,954,0
9,0,0,145238,0,2,5813,7113,39,48,1300,48412.666666666664,1872,2
0,0,2,86838,3,3,13221,9485,52,40,-3736,21709.5,2080,2
3,2,1,221503,1,7,1723,1279,11,38,-444,27687.875,418,1
3,2,1,201248,1,5,10967,12831,36,47,1864,33541.333333333336,1692,1
6,0,1,165602,1,7,14798,15147,24,60,349,20700.25,1440,1
3,2,1,221170,1,9,7813,9588,16,17,1775,22117.0,272,1
9,0,0,142363,4,2,14814,22421,65,58,7607,47454.333333333336,3770,1
9,0,2,97528,0,4,10966,15822,77,55,4856,19505.6,4235,2
4,2,2,88345,0,3,13246,9493,29,50,-3753,22086.25,1450,2
7,1,2,31702,2,0,7485,5306,33,20,-2179,31702.0,660,0
2,0,2,53939,0,0,4815,6884,18,45,2069,53939.0,810,0
5,0,2,75442,0,3,9912,13585,58,37,3673,18860.5,2146,1
9,0,0,118016,4,6,12972,19937,84,45,6965,16859.428571428572,3780,1
0,0,2,98666,3,2,13150,12029,12,39,-1121,32888.666666666664,468,1
4,1,0,41424,2,3,14528,14385,24,15,-143,10356.0,360,0
2,0,2,73911,0,3,13843,12866,27,19,-977,18477.75,513,2
9,0,0,115049,0,4,7577,6362,47,57,-1215,23009.8,2679,1
9,0,0,98492,4,4,10545,11396,29,41,851,19698.4,1189,1
5,0,2,75106,0,2,4082,3670,0,33,-412,25035.333333333332,0,1
1,2,1,75903,4,3,11344,9048,32,63,-2296,18975.75,2016,1
0,0,2,84538,3,3,2450,3682,45,33,1232,21134.5,1485,1
3,2,1,163971,1,6,8662,17866,24,49,9204,23424.428571428572,1176,1
5,0,2,65799,0,3,12073,15596,18,49,3523,16449.75,882,2
3,2,1,166438,1,7,12022,28197,52,65,16175,20804.75,3380,1
3,2,1,69930,0,5,7695,12751,62,45,5056,11655.0,2790,1
9,0,0,105816,0,2,8840,7920,69,59,-920,35272.0,4071,1
1,2,1,47186,4,5,13181,16920,35,60,3739,7864.333333333333,2100,1
4,1,0,41822,2,1,1118,1023,22,24,-95,20911.0,528,0
3,2,1,160493,1,8,14096,16804,16,50,2708,17832.555555555555,800,1
7,1,2,29203,2,2,9662,11027,13,77,1365,9734.333333333334,1001,0
6,0,1,106433,1,8,12054,10125,54,51,-1929,11825.888888888889,2754,1
3,2,1,92573,0,5,3181,2547,25,41,-634,15428.833333333334,1025,1
9,0,2,100696,0,5,3368,4277,81,61,909,16782.666666666668,4941,1
9,0,0,124700,0,2,6658,7390,92,45,732,41566.666666666664,4140,1
9,0,0,95501,0,1,9511,13241,54,37,3730,47750.5,1998,2
3,2,1,68319,0,1,12605,24914,19,52,12309,34159.5,988,1
1,2,1,53085,4,4,4554,5187,34,64,633,10617.0,2176,1
8,1,2,34621,0,2,13559,17484,18,59,3925,11540.333333333334,1062,0
9,0,0,126333,4,2,8144,15291,78,64,7147,42111.0,4992,1
2,0,2,59023,0,2,5278,7673,100,49,2395,19674.333333333332,4900,0
0,0,2,89860,3,4,8215,7212,43,51,-1003,17972.0,2193,1
8,1,2,36821,0,0,3394,4513,27,54,1119,36821.0,1458,0
7,1,2,28401,2,0,12673,13849,45,50,1176,28401.0,2250,0
7,1,2,30762,2,0,9425,10113,39,43,688,30762.0,1677,0
3,2,1,82903,0,4,1848,1752,12,49,-96,16580.6,588,1
2,0,2,66920,0,3,12636,13876,19,61,1240,16730.0,1159,0
9,0,0,109295,0,4,7458,12312,88,48,4854,21859.0,4224,2
5,0,2,59316,0,4,548,814,22,47,266,11863.2,1034,1
9,0,0,123582,4,5,3147,2729,52,44,-418,20597.0,2288,1
9,0,0,108081,0,4,8915,14186,45,48,5271,21616.2,2160,1
8,1,2,36937,0,1,9749,8168,16,19,-1581,18468.5,304,0
9,0,0,109258,0,3,11076,14409,91,38,3333,27314.5,3458,2
6,0,1,179226,1,6,2120,3033,30,46,913,25603.714285714286,1380,1
4,2,2,88178,0,2,13004,9109,23,41,-3895,29392.666666666668,943,2
0,0,2,89587,3,5,4980,8059,19,40,3079,14931.166666666666,760,1
8,1,2,35966,0,1,11953,12207,30,83,254,17983.0,2490,0
4,1,0,42975,2,1,10179,12478,38,27,2299,21487.5,1026,0
0,0,2,95400,3,5,9715,7157,30,23,-2558,15900.0,690,1
4,1,0,38163,2,2,8476,6524,19,57,-1952,12721.0,1083,0
2,0,2,68746,0,0,923,777,12,53,-146,68746.0,636,0
3,2,1,175283,1,7,13777,26032,13,39,12255,21910.375,507,1
1,2,1,53502,4,4,7136,9983,26,32,2847,10700.4,832,1
3,2,1,75934,0,3,10935,21532,29,41,10597,18983.5,1189,1
9,0,2,91850,0,4,13126,17257,71,81,4131,18370.0,5751,1
4,2,2,93608,0,4,2983,3300,53,72,317,18721.6,3816,2
0,0,2,93122,3,3,10894,10520,28,13,-374,23280.5,364,1
6,0,1,147051,1,7,12773,10909,44,28,-1864,18381.375,1232,1
3,2,1,140840,1,9,12394,16489,27,51,4095,14084.0,1377,1
8,1,2,39900,0,2,12084,13194,44,38,1110,13300.0,1672,0
9,0,0,123920,0,0,9639,9722,71,47,83,123920.0,3337,2
8,1,2,44439,0,0,6678,6213,35,43,-465,44439.0,1505,0
5,0,2,69466,0,3,2517,3370,17,11,853,17366.5,187,1
4,1,0,50157,2,2,6685,6871,33,75,186,16719.0,2475,0
8,1,2,48485,0,2,7635,6664,30,26,-971,16161.666666666666,780,0
9,0,0,143001,4,3,2786,5315,70,65,2529,35750.25,4550,1
4,1,0,49905,2,1,6957,8074,10,44,1117,24952.5,440,0
2,0,2,58968,0,4,3349,3831,51,31,482,11793.6,1581,2
9,0,0,137903,4,5,13499,25409,84,28,11910,22983.833333333332,2352,1
9,0,0,139479,4,6,11641,23480,69,16,11839,19925.571428571428,1104,1
2,0,2,79567,0,3,10555,10684,26,32,129,19891.75,832,0
1,2,1,70464,4,4,1149,1246,46,62,97,14092.8,2852,1
6,0,1,141041,1,7,3920,5371,23,55,1451,17630.125,1265,1
8,1,2,40790,0,4,9572,7330,43,46,-2242,8158.0,1978,0
6,0,1,127887,1,6,7397,6650,28,55,-747,18269.571428571428,1540,1
7,1,2,33624,2,2,10612,7517,9,31,-3095,11208.0,279,0
9,0,0,115946,0,1,8271,7523,69,68,-748,57973.0,4692,1
3,2,1,172794,1,6,1682,2657,31,6,975,24684.85714285714,186,1
9,0,0,161114,4,3,10914,21234,75,31,10320,40278.5,2325,1
2,0,2,52815,0,1,13840,18429,46,67,4589,26407.5,3082,0
9,0,0,123324,0,0,4994,4680,80,59,-314,123324.0,4720,1
9,0,0,92200,4,2,10605,18175,55,52,7570,30733.333333333332,2860,1
9,0,2,91902,0,5,4519,7001,62,27,2482,15317.0,1674,1
9,0,0,118204,0,1,8002,9361,66,61,1359,59102.0,4026,1
0,0,2,89661,3,3,6979,10506,44,84,3527,22415.25,3696,1
8,1,2,44956,0,0,14945,18721,39,57,3776,44956.0,2223,0
9,0,0,123549,4,5,14730,27158,91,48,12428,20591.5,4368,1
0,0,2,80767,3,6,1360,1730,24,44,370,11538.142857142857,1056,1
1,2,1,45954,4,7,6787,6556,54,55,-231,5744.25,2970,1
5,0,2,54728,0,2,12814,20415,32,93,7601,18242.666666666668,2976,1
8,1,2,37016,0,0,4074,5064,18,66,990,37016.0,1188,0
3,2,1,125499,1,8,10077,16887,41,37,6810,13944.333333333334,1517,1
4,1,0,46656,2,3,11032,12934,41,35,1902,11664.0,1435,0
6,0,1,157617,1,6,10532,18079,55,56,7547,22516.714285714286,3080,1
7,1,2,27439,2,1,10046,8821,34,38,-1225,13719.5,1292,0
3,2,1,95431,0,5,3493,4933,48,63,1440,15905.166666666666,3024,1
3,2,1,96323,0,3,7687,11737,43,23,4050,24080.75,989,1
0,0,2,94889,3,4,14931,18292,53,28,3361,18977.8,1484,2
4,2,2,80165,0,7,2018,1453,63,35,-565,10020.625,2205,2
3,2,1,158103,1,8,1236,1833,53,39,597,17567.0,2067,1
9,0,2,94596,0,2,14562,20050,77,33,5488,31532.0,2541,1
7,1,2,30133,2,1,540,489,0,26,-51,15066.5,0,0
4,1,0,53877,2,0,13633,13347,12,49,-286,53877.0,588,0
7,1,2,30195,2,0,1541,1089,28,45,-452,30195.0,1260,0
0,0,2,80488,3,5,13308,19547,26,62,6239,13414.666666666666,1612,1
4,2,2,112185,0,2,5227,8834,0,31,3607,37395.0,0,2
6,0,1,162838,1,8,9500,10591,46,5,1091,18093.11111111111,230,1
5,0,2,59692,0,4,2804,2607,25,48,-197,11938.4,1200,1
1,2,1,52513,4,5,9280,11592,3,58,2312,8752.166666666666,174,1
3,2,1,166503,1,11,513,1247,39,37,734,13875.25,1443,1
5,0,2,74122,0,5,12870,9640,32,74,-3230,12353.666666666666,2368,1
9,0,2,93011,0,3,1583,2685,70,20,1102,23252.75,1400,1
6,0,1,161340,1,8,6417,9973,52,24,3556,17926.666666666668,1248,1
8,1,2,36824,0,1,12480,17184,32,57,4704,18412.0,1824,0
7,1,2,28527,2,3,11749,9559,36,39,-2190,7131.75,1404,0
2,0,2,71872,0,3,10006,14924,39,55,4918,17968.0,2145,0
9,0,0,114370,4,3,6358,5674,29,21,-684,28592.5,609,1
9,0,0,125451,0,4,4771,8762,59,32,3991,25090.2,1888,1
5,0,2,78101,0,2,9117,7752,57,46,-1365,26033.666666666668,2622,1
5,0,2,65769,0,2,10160,15335,39,32,5175,21923.0,1248,1
9,0,2,104320,0,3,1540,2686,78,36,1146,26080.0,2808,1
0,0,2,84522,3,3,11775,16998,15,42,5223,21130.5,630,1
2,0,2,61862,0,3,728,834,36,47,106,15465.5,1692,0
7,1,2,27393,2,2,5176,3890,69,25,-1286,9131.0,1725,0
5,0,2,54990,0,1,8619,12430,10,22,3811,27495.0,220,1
8,1,2,46087,0,4,2052,1930,30,44,-122,9217.4,1320,0
9,0,2,92552,0,5,1348,1363,80,58,15,15425.333333333334,4640,2
4,2,2,88141,0,4,6627,6512,36,32,-115,17628.2,1152,1
9,0,0,119051,4,3,1479,1172,62,48,-307,29762.75,2976,1
4,1,0,47817,2,3,11914,12403,27,40,489,11954.25,1080,0
5,0,2,66488,0,3,4484,4911,62,39,427,16622.0,2418,1
2,0,2,59549,0,0,3877,5224,44,27,1347,59549.0,1188,2
9,0,0,98997,0,3,5817,10966,70,26,5149,24749.25,1820,2
9,0,0,125058,0,3,4598,4157,75,44,-441,31264.5,3300,2
8,1,2,39728,0,2,8386,7554,14,82,-832,13242.666666666666,1148,0
8,1,2,47162,0,1,3298,3697,55,60,399,23581.0,3300,0
4,2,2,105164,0,4,742,704,40,20,-38,21032.8,800,1
4,2,2,73686,0,3,9486,15686,47,31,6200,18421.5,1457,1
1,2,1,50129,4,5,7972,8048,42,29,76,8354.833333333334,1218,1
9,0,0,104796,4,6,10578,9493,70,45,-1085,14970.857142857143,3150,1
3,2,1,72308,0,3,9093,10018,55,60,925,18077.0,3300,1
8,1,2,34120,0,4,5434,5026,37,65,-408,6824.0,2405,0
7,1,2,34088,2,1,12967,9882,37,12,-3085,17044.0,444,0
0,0,2,75082,3,5,1366,1108,17,67,-258,12513.666666666666,1139,1
3,2,1,77623,0,4,9477,7784,48,9,-1693,15524.6,432,1
9,0,0,132617,4,4,14651,16148,77,17,1497,26523.4,1309,1
0,0,2,82801,3,5,9973,9000,35,42,-973,13800.166666666666,1470,1
9,0,2,92306,0,2,13748,19620,71,48,5872,30768.666666666668,3408,2
7,1,2,26691,2,0,4813,5826,68,49,1013,26691.0,3332,0
4,1,0,42959,2,2,12674,16104,34,25,3430,14319.666666666666,850,0
9,0,0,110858,4,5,7123,12487,77,67,5364,18476.333333333332,5159,1
9,0,0,112825,4,3,3525,5975,60,63,2450,28206.25,3780,1
9,0,0,137208,4,4,3531,5002,45,36,1471,27441.6,1620,1
8,1,2,38076,0,4,14824,19083,0,31,4259,7615.2,0,0
3,2,1,95063,0,6,11827,13496,54,28,1669,13580.42857142857,1512,1
6,0,1,119743,1,3,11893,12259,70,54,366,29935.75,3780,1
3,2,1,96087,0,3,5848,6151,53,46,303,24021.75,2438,1
9,0,0,139525,4,6,5223,5181,71,48,-42,19932.14285714286,3408,1
9,0,0,124622,0,3,5239,4063,76,51,-1176,31155.5,3876,1
9,0,0,113144,4,2,7114,10992,55,28,3878,37714.666666666664,1540,1
5,0,2,61446,0,4,1100,1464,39,60,364,12289.2,2340,1
7,1,2,27135,2,3,1735,1419,33,36,-316,6783.75,1188,0
7,1,2,28223,2,0,12600,15201,22,55,2601,28223.0,1210,0
3,2,1,174975,1,8,2821,3790,51,64,969,19441.666666666668,3264,1
9,0,0,131387,0,3,14588,12565,78,29,-2023,32846.75,2262,1
8,1,2,35762,0,1,4593,4380,20,21,-213,17881.0,420,2
0,0,2,91500,3,4,12627,19953,52,45,7326,18300.0,2340,1
9,0,0,154294,4,5,2609,3025,100,31,416,25715.666666666668,3100,1
0,0,2,79789,3,6,2738,2174,9,51,-564,11398.42857142857,459,1
9,0,0,114928,4,3,1016,933,64,53,-83,28732.0,3392,1
9,0,2,106770,0,3,14738,13035,79,36,-1703,26692.5,2844,1
9,0,0,151514,4,7,3517,2665,65,51,-852,18939.25,3315,1
9,0,0,138259,4,3,6602,10074,46,29,3472,34564.75,1334,1
9,0,0,141177,4,5,11231,10547,78,53,-684,23529.5,4134,1
9,0,0,118671,0,2,11366,15895,64,63,4529,39557.0,4032,1
4,2,2,79977,0,4,1259,1081,31,42,-178,15995.4,1302,2
9,0,0,129778,0,3,12921,18630,52,52,5709,32444.5,2704,1
2,0,2,76675,0,2,9252,13664,24,48,4412,25558.333333333332,1152,0
9,0,2,111655,0,5,4163,6528,91,34,2365,18609.166666666668,3094,1
9,0,0,102556,0,3,3652,4370,93,45,718,25639.0,4185,1
3,2,1,85191,0,5,3355,4735,57,21,1380,14198.5,1197,1
9,0,0,144802,4,3,8970,17512,77,51,8542,36200.5,3927,1
9,0,0,105369,0,1,13551,17341,67,47,3790,52684.5,3149,2
9,0,0,135515,4,4,4485,6507,85,60,2022,27103.0,5100,1
2,0,2,64917,0,2,5997,5550,55,41,-447,21639.0,2255,2
3,2,1,89632,0,2,5141,5569,33,48,428,29877.333333333332,1584,1
9,0,0,103797,4,5,4048,9045,62,7,4997,17299.5,434,1
9,0,0,129560,4,2,8701,17974,44,44,9273,43186.666666666664,1936,1
2,0,2,67705,0,5,13156,10930,49,27,-2226,11284.166666666666,1323,0
3,2,1,170804,1,6,7753,19378,0,66,11625,24400.571428571428,0,1
4,2,2,99794,0,4,581,735,30,35,154,19958.8,1050,2
2,0,2,70152,0,3,10062,11924,46,21,1862,17538.0,966,2
8,1,2,38430,0,0,7535,6877,60,47,-658,38430.0,2820,0
2,0,2,86276,0,1,3348,4371,39,57,1023,43138.0,2223,0
4,1,0,40623,2,2,13774,10007,51,23,-3767,13541.0,1173,0
7,1,2,30257,2,2,4555,4549,22,38,-6,10085.666666666666,836,0
4,2,2,81439,0,5,7935,8985,20,30,1050,13573.166666666666,600,2
3,2,1,74271,0,3,14704,15186,28,73,482,18567.75,2044,1
2,0,2,60849,0,2,11344,14311,55,61,2967,20283.0,3355,2
1,2,1,62415,4,7,10936,9504,13,42,-1432,7801.875,546,2
9,0,0,130329,4,5,10688,9157,71,41,-1531,21721.5,2911,1
0,0,2,85318,3,6,4301,3487,47,37,-814,12188.285714285714,1739,1
8,1,2,34568,0,3,14178,17291,28,33,3113,8642.0,924,0
7,1,2,31000,2,1,11778,11434,23,56,-344,15500.0,1288,0
8,1,2,40508,0,0,7123,8754,20,43,1631,40508.0,860,2
0,0,2,110071,3,5,5947,4692,22,35,-1255,18345.166666666668,770,1
0,0,2,92027,3,9,1586,2591,63,62,1005,9202.7,3906,1
5,0,2,70775,0,3,13017,10931,45,59,-2086,17693.75,2655,1
9,0,0,132563,4,6,6557,11640,45,5,5083,18937.571428571428,225,1
0,0,2,94590,3,6,10978,9142,29,19,-1836,13512.857142857143,551,1
9,0,0,121486,4,3,10651,19643,61,58,8992,30371.5,3538,1
8,1,2,40423,0,2,5417,5966,31,8,549,13474.333333333334,248,0
2,0,2,75591,0,2,8245,11855,38,46,3610,25197.0,1748,2
9,0,2,110489,0,1,4583,5418,73,28,835,55244.5,2044,1
0,0,2,79685,3,4,10029,16118,58,69,6089,15937.0,4002,1
9,0,0,121887,4,6,5227,6470,78,14,1243,17412.428571428572,1092,1
4,2,2,83124,0,3,4936,3488,39,27,-1448,20781.0,1053,2
8,1,2,42287,0,2,12291,11459,21,56,-832,14095.666666666666,1176,0
3,2,1,71887,0,5,4322,3528,13,31,-794,11981.166666666666,403,1
9,0,2,97804,0,5,9694,14280,88,50,4586,16300.666666666666,4400,1
4,1,0,48232,2,1,11795,9525,43,40,-2270,24116.0,1720,0
9,0,0,132931,4,3,12982,9560,55,37,-3422,33232.75,2035,1
1,2,1,50215,4,5,6055,6038,52,81,-17,8369.166666666666,4212,1
9,0,0,134833,4,3,5245,10039,41,55,4794,33708.25,2255,1
6,0,1,132943,1,6,12084,14337,11,36,2253,18991.85714285714,396,1
5,0,2,70756,0,2,10205,15625,80,65,5420,23585.333333333332,5200,1
2,0,2,58184,0,4,2191,1712,55,46,-479,11636.8,2530,0
5,0,2,71845,0,4,1840,2630,62,29,790,14369.0,1798,1
3,2,1,83151,0,4,7998,8960,42,12,962,16630.2,504,1
9,0,2,102306,0,2,12705,18595,70,16,5890,34102.0,1120,1
6,0,1,144644,1,6,4179,7417,19,43,3238,20663.428571428572,817,1
2,0,2,75516,0,2,3981,3344,30,37,-637,25172.0,1110,0
8,1,2,41299,0,2,9487,13056,62,23,3569,13766.333333333334,1426,0
1,2,1,42136,4,5,12772,11705,22,58,-1067,7022.666666666667,1276,1
9,0,2,98019,0,4,11456,12119,63,31,663,19603.8,1953,2
9,0,0,140546,4,2,7265,11558,61,45,4293,46848.666666666664,2745,1
8,1,2,42093,0,2,12472,15072,44,5,2600,14031.0,220,0
9,0,0,121972,4,4,5350,3763,52,74,-1587,24394.4,3848,1
5,0,2,68309,0,2,10170,13463,23,95,3293,22769.666666666668,2185,1
3,2,1,201753,1,6,10468,12969,19,51,2501,28821.85714285714,969,1
4,2,2,105448,0,2,11268,9721,59,67,-1547,35149.333333333336,3953,2
8,1,2,39400,0,2,2075,2688,41,48,613,13133.333333333334,1968,0
0,0,2,86772,3,5,4179,4346,12,5,167,14462.0,60,1
9,0,0,108954,0,3,2163,3770,47,44,1607,27238.5,2068,1
6,0,1,149801,1,8,13305,20493,54,17,7188,16644.555555555555,918,1
3,2,1,100951,0,4,3723,3289,26,63,-434,20190.2,1638,1
9,0,0,110689,0,4,978,1216,59,45,238,22137.8,2655,1
9,0,0,120434,4,4,8644,15741,85,77,7097,24086.8,6545,1
5,0,2,59825,0,1,2643,2432,19,54,-211,29912.5,1026,2
9,0,0,120175,4,4,8225,11618,77,31,3393,24035.0,2387,1
4,2,2,103333,0,3,14100,21316,36,51,7216,25833.25,1836,1
9,0,0,123015,0,4,4987,9274,69,34,4287,24603.0,2346,1
3,2,1,171612,1,8,7440,16562,25,43,9122,19068.0,1075,1
1,2,1,45366,4,4,12158,17984,13,31,5826,9073.2,403,1
1,2,1,50274,4,4,2792,2030,47,46,-762,10054.8,2162,1
4,1,0,47854,2,0,5007,3703,41,54,-1304,47854.0,2214,0
9,0,2,94865,0,2,2430,1835,93,62,-595,31621.666666666668,5766,1
9,0,0,110021,0,3,5177,8534,95,47,3357,27505.25,4465,1
4,2,2,85844,0,4,3718,4104,16,64,386,17168.8,1024,2
4,2,2,81418,0,4,5379,5953,31,33,574,16283.6,1023,1
8,1,2,35115,0,4,3513,3042,22,48,-471,7023.0,1056,0
3,2,1,97090,0,3,5054,5391,40,61,337,24272.5,2440,1
4,1,0,39483,2,2,9972,7295,19,70,-2677,13161.0,1330,0
8,1,2,37180,0,3,14302,17531,41,21,3229,9295.0,861,0
7,1,2,25140,2,2,12798,15065,32,38,2267,8380.0,1216,0
9,0,2,85068,0,3,13868,13626,51,14,-242,21267.0,714,1
3,2,1,189175,1,8,2283,5229,22,46,2946,21019.444444444445,1012,1
9,0,0,122314,4,4,12756,16560,100,31,3804,24462.8,3100,1
0,0,2,96140,3,5,13714,14870,26,27,1156,16023.333333333334,702,2
3,2,1,98868,0,7,5424,7055,2,57,1631,12358.5,114,1
9,0,2,111204,0,2,6978,6567,62,60,-411,37068.0,3720,1
2,0,2,71611,0,2,8784,12220,55,67,3436,23870.333333333332,3685,0
3,2,1,87917,0,3,2299,4485,47,35,2186,21979.25,1645,1
3,2,1,63480,0,0,7276,6311,49,35,-965,63480.0,1715,1
4,1,0,50225,2,0,5286,5859,33,30,573,50225.0,990,0
5,0,2,55405,0,4,1948,2935,48,71,987,11081.0,3408,1
8,1,2,40770,0,0,7897,6599,57,32,-1298,40770.0,1824,0
8,1,2,40250,0,1,11672,8687,28,52,-2985,20125.0,1456,0
9,0,2,77184,0,3,4079,6839,92,74,2760,19296.0,6808,1
9,0,2,111720,0,1,10331,11010,58,24,679,55860.0,1392,1
9,0,0,146203,4,0,2218,3775,60,32,1557,146203.0,1920,1
9,0,0,110387,0,1,3282,3961,88,45,679,55193.5,3960,1
4,2,2,87324,0,3,13170,10031,28,32,-3139,21831.0,896,1
9,0,0,106615,4,4,2361,2729,79,71,368,21323.0,5609,1
4,2,2,106899,0,2,12270,13304,17,75,1034,35633.0,1275,2
3,2,1,185776,1,7,10357,24117,0,35,13760,23222.0,0,1
4,1,0,44483,2,1,10086,12322,12,37,2236,22241.5,444,0
4,2,2,97971,0,3,12859,19834,27,44,6975,24492.75,1188,2
9,0,2,100256,0,4,4209,3545,75,28,-664,20051.2,2100,1
2,0,2,73528,0,5,4954,5744,9,72,790,12254.666666666666,648,0
5,0,2,76935,0,5,11409,11884,14,31,475,12822.5,434,1
0,0,2,76808,3,3,8397,11254,47,65,2857,19202.0,3055,1
3,2,1,79331,0,4,4983,5612,43,17,629,15866.2,731,1
4,2,2,104181,0,2,2144,2900,6,8,756,34727.0,48,1
9,0,0,113212,4,5,14025,22881,79,22,8856,18868.666666666668,1738,1
1,2,1,54693,4,5,13560,12075,19,64,-1485,9115.5,1216,1
9,0,0,125543,0,3,12433,19107,85,38,6674,31385.75,3230,2
9,0,0,115832,0,3,14671,13009,44,34,-1662,28958.0,1496,2
5,0,2,56684,0,3,10338,9058,35,28,-1280,14171.0,980,1
9,0,0,127047,4,3,1710,2933,58,55,1223,31761.75,3190,1
6,0,1,138813,1,6,9419,13079,25,38,3660,19830.428571428572,950,1
9,0,0,91092,0,5,7061,10507,70,33,3446,15182.0,2310,1
2,0,2,78191,0,2,9975,9888,35,33,-87,26063.666666666668,1155,0
3,2,1,80599,0,4,11275,12087,30,53,812,16119.8,1590,1
4,2,2,82466,0,6,908,1418,66,44,510,11780.857142857143,2904,2
0,0,2,85426,3,5,5604,4059,21,8,-1545,14237.666666666666,168,1
6,0,1,145878,1,6,1133,2002,36,32,869,20839.714285714286,1152,1
1,2,1,61171,4,5,9704,10535,5,35,831,10195.166666666666,175,1
0,0,2,92560,3,7,7332,8530,17,40,1198,11570.0,680,1
8,1,2,44136,0,2,9417,8374,0,41,-1043,14712.0,0,0
4,1,0,48629,2,2,1685,1872,65,43,187,16209.666666666666,2795,0
3,2,1,184373,1,5,1148,838,25,41,-310,30728.833333333332,1025,1
2,0,2,73659,0,4,2865,2789,48,56,-76,14731.8,2688,2
0,0,2,94038,3,3,13110,11340,49,77,-1770,23509.5,3773,2
2,0,2,77787,0,2,8723,8002,7,59,-721,25929.0,413,0
2,0,2,71300,0,5,9568,12674,8,25,3106,11883.333333333334,200,0
6,0,1,140664,1,6,3054,5768,24,54,2714,20094.85714285714,1296,1
9,0,2,108727,0,4,5730,9406,51,22,3676,21745.4,1122,1
9,0,0,116250,0,1,7470,9927,40,82,2457,58125.0,3280,1
4,1,0,51461,2,4,8332,6790,15,46,-1542,10292.2,690,0
3,2,1,72811,0,1,2075,1895,18,18,-180,36405.5,324,1
0,0,2,85042,3,6,10194,12993,28,49,2799,12148.857142857143,1372,1
9,0,2,84338,0,1,9405,15076,67,63,5671,42169.0,4221,2
9,0,0,113126,4,4,1808,1367,87,29,-441,22625.2,2523,1
4,2,2,106792,0,1,8373,10252,30,32,1879,53396.0,960,2
0,0,2,84091,3,4,11999,16628,53,53,4629,16818.2,2809,1
4,2,2,115695,0,3,8618,14436,21,9,5818,28923.75,189,2
9,0,2,112920,0,2,14867,24838,88,63,9971,37640.0,5544,1
4,2,2,92839,0,0,12057,9640,51,64,-2417,92839.0,3264,2
3,2,1,149531,1,7,11671,28558,26,40,16887,18691.375,1040,1
6,0,1,144220,1,5,14387,17677,27,18,3290,24036.666666666668,486,1
9,0,0,167049,4,6,5471,4862,64,47,-609,23864.14285714286,3008,1
3,2,1,91276,0,5,14712,17709,38,40,2997,15212.666666666666,1520,1
9,0,0,153933,4,6,9032,9270,64,28,238,21990.428571428572,1792,1
4,2,2,97166,0,4,11234,11618,29,55,384,19433.2,1595,1
2,0,2,68650,0,2,2007,2149,49,37,142,22883.333333333332,1813,0
9,0,0,106262,4,5,14268,26988,75,55,12720,17710.333333333332,4125,1
5,0,2,60366,0,2,14444,21935,0,59,7491,20122.0,0,1
7,1,2,27899,2,1,2739,2238,19,44,-501,13949.5,836,0
6,0,1,131481,1,8,11922,12723,46,7,801,14609.0,322,1
4,2,2,75083,0,2,10454,12187,44,55,1733,25027.666666666668,2420,2
8,1,2,46192,0,1,8305,9532,28,26,1227,23096.0,728,0
7,1,2,27750,2,1,8542,8506,31,47,-36,13875.0,1457,0
2,0,2,74949,0,1,14593,12921,10,44,-1672,37474.5,440,0
9,0,2,96097,0,5,10415,9188,37,75,-1227,16016.166666666666,2775,1
9,0,2,88540,0,1,9578,10128,46,50,550,44270.0,2300,1
9,0,0,110488,4,1,10939,13254,77,84,2315,55244.0,6468,1
2,0,2,57207,0,1,10570,16153,43,51,5583,28603.5,2193,0
3,2,1,98485,0,4,6708,10167,63,10,3459,19697.0,630,1
4,2,2,105724,0,5,9963,11795,44,55,1832,17620.666666666668,2420,2
9,0,0,130516,4,5,4587,9387,97,34,4800,21752.666666666668,3298,1
9,0,0,90714,0,1,6207,9741,59,28,3534,45357.0,1652,1
6,0,1,150067,1,7,1284,2238,56,49,954,18758.375,2744,1
4,1,0,47771,2,3,4390,3665,52,68,-725,11942.75,3536,0
6,0,1,118381,1,5,5997,9953,75,44,3956,19730.166666666668,3300,1
7,1,2,29120,2,0,1342,1623,25,35,281,29120.0,875,0
3,2,1,157430,1,9,11370,11373,41,47,3,15743.0,1927,1
3,2,1,87034,0,4,3539,5862,54,31,2323,17406.8,1674,1
9,0,0,136600,0,2,7160,8600,88,32,1440,45533.333333333336,2816,1
2,0,2,68563,0,3,13839,18564,24,66,4725,17140.75,1584,2
7,1,2,31676,2,2,3239,2692,8,70,-547,10558.666666666666,560,0
9,0,0,143380,4,3,12913,23584,52,45,10671,35845.0,2340,1
4,1,0,55817,2,2,5609,5579,8,39,-30,18605.666666666668,312,0
9,0,0,132260,4,5,2776,2151,56,68,-625,22043.333333333332,3808,1
2,0,2,67256,0,5,8471,10326,47,25,1855,11209.333333333334,1175,0
6,0,1,161913,1,5,12093,17582,47,43,5489,26985.5,2021,1
3,2,1,195206,1,9,9393,6936,64,54,-2457,19520.6,3456,1
4,1,0,37985,2,2,10552,10853,36,19,301,12661.666666666666,684,0
1,2,1,60857,4,7,9113,11886,36,29,2773,7607.125,1044,1
8,1,2,40494,0,1,6896,5057,18,16,-1839,20247.0,288,0
2,0,2,56363,0,3,8801,13657,74,43,4856,14090.75,3182,0
3,2,1,171539,1,5,4119,4153,42,19,34,28589.833333333332,798,1
9,0,0,111371,4,5,6549,5579,67,54,-970,18561.833333333332,3618,1
3,2,1,180278,1,7,10800,9206,42,42,-1594,22534.75,1764,1
8,1,2,41884,0,3,7896,10743,0,22,2847,10471.0,0,0
3,2,1,85024,0,3,7084,11641,38,29,4557,21256.0,1102,1
7,1,2,28564,2,1,6464,5565,40,47,-899,14282.0,1880,0
2,0,2,60174,0,3,2886,2454,2,67,-432,15043.5,134,0
5,0,2,62492,0,3,10955,10546,78,61,-409,15623.0,4758,1
5,0,2,59875,0,2,3056,3667,21,49,611,19958.333333333332,1029,1
8,1,2,36147,0,0,2683,2569,55,51,-114,36147.0,2805,0
8,1,2,38687,0,2,6512,6058,0,5,-454,12895.666666666666,0,0
2,0,2,65573,0,3,6771,6886,55,50,115,16393.25,2750,0
5,0,2,66852,0,3,869,830,25,38,-39,16713.0,950,2
9,0,0,104482,0,1,5317,9949,65,23,4632,52241.0,1495,2
9,0,0,124223,0,2,14243,13313,58,32,-930,41407.666666666664,1856,1
9,0,0,127148,4,6,13908,15096,76,45,1188,18164.0,3420,1
1,2,1,54740,4,6,11121,13337,61,9,2216,7820.0,549,1
0,0,2,90767,3,5,3449,4285,47,64,836,15127.833333333334,3008,1
9,0,0,102379,4,2,13401,20677,67,48,7276,34126.333333333336,3216,1
5,0,2,64377,0,2,13247,19209,33,34,5962,21459.0,1122,1
6,0,1,127742,1,7,584,815,42,23,231,15967.75,966,1
3,2,1,88277,0,6,13815,24141,9,59,10326,12611.0,531,1
8,1,2,48181,0,0,9371,7384,39,68,-1987,48181.0,2652,0
9,0,0,123083,4,3,11515,11996,77,58,481,30770.75,4466,1
4,2,2,81099,0,5,12946,9401,55,34,-3545,13516.5,1870,2
5,0,2,55124,0,3,2721,4226,32,50,1505,13781.0,1600,2
9,0,0,97651,4,8,626,472,49,5,-154,10850.111111111111,245,1
8,1,2,37465,0,1,3260,4274,31,49,1014,18732.5,1519,0
1,2,1,50214,4,5,12298,11876,66,43,-422,8369.0,2838,1
9,0,0,79049,0,4,6253,9691,66,57,3438,15809.8,3762,1
9,0,0,117397,4,7,4257,5795,80,37,1538,14674.625,2960,1
1,2,1,45642,4,5,2926,2549,22,61,-377,7607.0,1342,1
9,0,0,155715,4,2,9610,9060,72,26,-550,51905.0,1872,1
2,0,2,83924,0,0,715,897,33,36,182,83924.0,1188,2
2,0,2,69763,0,1,8217,11594,38,34,3377,34881.5,1292,0
0,0,2,90664,3,6,3048,4760,30,34,1712,12952.0,1020,1
9,0,2,73666,0,3,6364,7466,70,30,1102,18416.5,2100,1
3,2,1,175166,1,5,10256,24859,57,59,14603,29194.333333333332,3363,1
9,0,0,130874,4,3,521,1022,67,35,501,32718.5,2345,1
9,0,0,131394,0,3,1139,1796,72,29,657,32848.5,2088,2
2,0,2,83826,0,1,7911,7189,53,74,-722,41913.0,3922,0
4,2,2,98099,0,5,2397,2090,73,63,-307,16349.833333333334,4599,2
7,1,2,31697,2,0,13308,9454,42,35,-3854,31697.0,1470,0
4,1,0,48358,2,1,2391,3100,77,59,709,24179.0,4543,0
7,1,2,30040,2,0,11428,12901,33,45,1473,30040.0,1485,0
0,0,2,104589,3,4,14475,14200,23,14,-275,20917.8,322,1
9,0,2,114210,0,2,5721,7643,86,91,1922,38070.0,7826,2
6,0,1,139546,1,5,2885,3925,33,62,1040,23257.666666666668,2046,1
4,2,2,110887,0,3,11037,15886,25,46,4849,27721.75,1150,2
3,2,1,174150,1,8,2650,2339,25,36,-311,19350.0,900,1
4,2,2,94270,0,3,7654,7490,53,45,-164,23567.5,2385,2
9,0,0,96573,0,4,10978,20633,91,82,9655,19314.6,7462,1
5,0,2,70927,0,4,9618,14802,0,40,5184,14185.4,0,1
3,2,1,180914,1,10,12938,18952,40,56,6014,16446.727272727272,2240,1
1,2,1,56316,4,5,4436,3774,38,37,-662,9386.0,1406,1
9,0,0,153046,4,5,9354,19853,84,18,10499,25507.666666666668,1512,1
0,0,2,94872,3,5,1692,2682,80,45,990,15812.0,3600,1
6,0,1,134856,1,7,5416,9926,44,45,4510,16857.0,1980,1
3,2,1,170294,1,8,5213,8324,12,61,3111,18921.555555555555,732,1
9,0,2,99940,0,5,5436,8196,70,26,2760,16656.666666666668,1820,1
3,2,1,180049,1,8,5954,11410,0,65,5456,20005.444444444445,0,1
4,2,2,90829,0,3,12986,10231,0,42,-2755,22707.25,0,2
4,2,2,70198,0,5,2066,1914,27,42,-152,11699.666666666666,1134,2
2,0,2,79891,0,2,8192,8918,23,27,726,26630.333333333332,621,0
8,1,2,46190,0,1,13605,14541,63,51,936,23095.0,3213,2
2,0,2,75790,0,0,12505,18015,35,28,5510,75790.0,980,0
1,2,1,53817,4,3,1096,1398,42,36,302,13454.25,1512,1
9,0,0,124212,0,3,11011,12110,39,57,1099,31053.0,2223,1
3,2,1,91002,0,4,9600,8292,7,43,-1308,18200.4,301,1
9,0,2,108626,0,4,869,977,75,59,108,21725.2,4425,1
9,0,2,76310,0,3,12886,18474,64,40,5588,19077.5,2560,1
5,0,2,70803,0,3,9662,15238,39,23,5576,17700.75,897,1
3,2,1,82585,0,4,4224,8253,46,40,4029,16517.0,1840,1
1,2,1,52543,4,6,10087,10901,9,46,814,7506.142857142857,414,1
3,2,1,80593,0,5,2890,5608,43,47,2718,13432.166666666666,2021,1
9,0,2,73875,0,0,13998,22714,81,31,8716,73875.0,2511,1
4,1,0,43228,2,0,12275,12429,26,66,154,43228.0,1716,2
2,0,2,69590,0,1,4424,3824,20,32,-600,34795.0,640,2
3,2,1,205090,1,7,9932,24557,25,47,14625,25636.25,1175,1
7,1,2,31438,2,0,13841,14158,46,34,317,31438.0,1564,0
1,2,1,49185,4,4,5794,8382,39,30,2588,9837.0,1170,1
6,0,1,163795,1,8,8577,10464,39,43,1887,18199.444444444445,1677,1
3,2,1,209082,1,6,9874,10166,41,95,292,29868.85714285714,3895,1
4,1,0,36820,2,0,13085,10511,34,41,-2574,36820.0,1394,0
1,2,1,51412,4,4,12944,10578,26,42,-2366,10282.4,1092,1
9,0,0,121919,4,4,9935,20768,100,52,10833,24383.8,5200,1
0,0,2,81713,3,3,7366,9044,45,46,1678,20428.25,2070,1
8,1,2,42629,0,1,9780,12449,13,64,2669,21314.5,832,2
4,1,0,35425,2,1,5383,3986,11,23,-1397,17712.5,253,0
6,0,1,111414,1,8,3010,3036,25,60,26,12379.333333333334,1500,1
3,2,1,158058,1,7,13623,30282,30,30,16659,19757.25,900,1
8,1,2,31045,0,0,742,616,67,62,-126,31045.0,4154,0
9,0,0,109499,0,3,12425,23200,74,83,10775,27374.75,6142,1
8,1,2,30946,0,1,5932,6469,20,54,537,15473.0,1080,2
5,0,2,75261,0,4,4441,5259,32,68,818,15052.2,2176,2
5,0,2,67296,0,3,12888,20493,15,53,7605,16824.0,795,1
7,1,2,31245,2,0,7775,8894,27,59,1119,31245.0,1593,0
9,0,0,80874,0,4,7038,11779,84,30,4741,16174.8,2520,2
9,0,0,144859,4,2,7777,5702,83,74,-2075,48286.333333333336,6142,1
9,0,0,110005,0,4,4148,2954,48,43,-1194,22001.0,2064,1
3,2,1,93183,0,0,9677,13343,38,29,3666,93183.0,1102,1
2,0,2,60296,0,5,10129,10669,37,15,540,10049.333333333334,555,0
9,0,0,135728,4,2,2793,3517,69,52,724,45242.666666666664,3588,1
9,0,2,87838,0,5,10904,7942,65,46,-2962,14639.666666666666,2990,1
1,2,1,58908,4,5,5093,4401,50,47,-692,9818.0,2350,1
5,0,2,60335,0,2,12343,8708,0,95,-3635,20111.666666666668,0,2
3,2,1,165434,1,8,10556,23240,18,47,12684,18381.555555555555,846,1
3,2,1,87224,0,3,10541,16458,61,50,5917,21806.0,3050,1
2,0,2,62842,0,2,4913,4346,32,44,-567,20947.333333333332,1408,0
5,0,2,56118,0,2,13179,19920,18,23,6741,18706.0,414,1
0,0,2,87498,3,3,3454,5075,40,47,1621,21874.5,1880,1
4,2,2,91023,0,2,14859,20934,34,16,6075,30341.0,544,2
1,2,1,52177,4,4,5120,6306,20,43,1186,10435.4,860,1
9,0,2,86263,0,3,12688,10828,55,28,-1860,21565.75,1540,1
6,0,1,127538,1,9,4604,3372,27,29,-1232,12753.8,783,1
9,0,2,100166,0,3,5439,6747,76,24,1308,25041.5,1824,2
9,0,0,123467,4,5,13063,11674,57,47,-1389,20577.833333333332,2679,1
2,0,2,55844,0,2,1810,1838,30,20,28,18614.666666666668,600,0
4,1,0,47564,2,1,2564,2854,0,40,290,23782.0,0,0
9,0,0,110088,0,2,12298,18448,91,52,6150,36696.0,4732,1
7,1,2,31681,2,1,4540,4985,9,36,445,15840.5,324,0
3,2,1,190533,1,8,2269,2597,55,73,328,21170.333333333332,4015,1
1,2,1,65388,4,7,6038,8865,16,33,2827,8173.5,528,1
5,0,2,62055,0,0,5116,4147,22,25,-969,62055.0,550,1
6,0,1,140450,1,9,971,1262,11,36,291,14045.0,396,1
9,0,0,131995,4,3,14165,30231,100,71,16066,32998.75,7100,1
3,2,1,164566,1,7,13754,25799,42,39,12045,20570.75,1638,1
9,0,0,99672,4,4,3156,3582,73,37,426,19934.4,2701,1
9,0,0,150315,4,4,6544,14050,44,66,7506,30063.0,2904,1
9,0,0,91158,4,5,4418,8518,24,41,4100,15193.0,984,1
9,0,2,65980,0,2,11266,19670,58,36,8404,21993.333333333332,2088,1
3,2,1,162750,1,7,13522,17374,51,77,3852,20343.75,3927,1
3,2,1,77403,0,3,10326,18081,30,50,7755,19350.75,1500,1
7,1,2,32329,2,3,3470,2756,44,21,-714,8082.25,924,0
0,0,2,85287,3,3,1852,1620,37,23,-232,21321.75,851,1
3,2,1,79820,0,4,9311,14396,48,44,5085,15964.0,2112,1
1,2,1,60341,4,5,6838,5628,25,45,-1210,10056.833333333334,1125,1
9,0,0,113295,4,5,5079,6157,97,68,1078,18882.5,6596,1
6,0,1,107417,1,10,14068,12733,31,45,-1335,9765.181818181818,1395,1
3,2,1,145611,1,5,7628,7066,4,40,-562,24268.5,160,1
9,0,0,154195,4,9,14946,30541,57,66,15595,15419.5,3762,1
3,2,1,167086,1,5,1985,4202,43,41,2217,27847.666666666668,1763,1
9,0,0,151662,4,3,2125,2830,63,24,705,37915.5,1512,1
2,0,2,67319,0,4,3071,3368,7,45,297,13463.8,315,2
9,0,0,164125,4,5,14085,15891,67,67,1806,27354.166666666668,4489,1
9,0,0,114454,4,3,5448,9893,86,46,4445,28613.5,3956,1
8,1,2,45096,0,0,8102,9791,56,80,1689,45096.0,4480,0
6,0,1,117254,1,8,13100,19510,23,58,6410,13028.222222222223,1334,1
6,0,1,129507,1,5,2453,2657,34,39,204,21584.5,1326,1
3,2,1,103862,0,3,4444,5635,26,56,1191,25965.5,1456,1
9,0,0,137267,4,6,7153,15923,69,48,8770,19609.571428571428,3312,1
3,2,1,160273,1,6,3939,7628,54,59,3689,22896.14285714286,3186,1
0,0,2,72435,3,3,14167,11089,5,24,-3078,18108.75,120,1
8,1,2,39015,0,1,4125,3592,40,43,-533,19507.5,1720,0
0,0,2,86255,3,4,6315,4759,23,47,-1556,17251.0,1081,1
9,0,2,99115,0,3,2484,3596,70,6,1112,24778.75,420,1
3,2,1,158996,1,8,3070,3474,28,42,404,17666.222222222223,1176,1
9,0,0,123509,4,3,5449,10112,37,21,4663,30877.25,777,1
4,2,2,92255,0,2,13956,13972,48,57,16,30751.666666666668,2736,2
9,0,0,119226,4,4,3530,5933,89,43,2403,23845.2,3827,1
9,0,0,128763,4,5,7348,8849,100,69,1501,21460.5,6900,1
3,2,1,104578,0,6,10085,13763,12,36,3678,14939.714285714286,432,1
9,0,0,105514,0,4,9944,14580,85,51,4636,21102.8,4335,1
3,2,1,80328,0,4,4489,3538,45,32,-951,16065.6,1440,1
7,1,2,29832,2,1,10641,7855,32,38,-2786,14916.0,1216,0
5,0,2,59819,0,0,10399,8446,37,14,-1953,59819.0,518,2
9,0,0,120902,0,5,10391,14422,34,47,4031,20150.333333333332,1598,1
9,0,0,111805,4,5,1452,1232,65,36,-220,18634.166666666668,2340,1
9,0,0,171561,4,4,12111,23272,63,50,11161,34312.2,3150,1
3,2,1,76507,0,3,6096,10630,46,50,4534,19126.75,2300,1
9,0,0,121200,0,3,6673,9614,100,47,2941,30300.0,4700,1
9,0,0,136878,4,3,14290,27492,61,58,13202,34219.5,3538,1
8,1,2,42685,0,0,12223,8811,42,59,-3412,42685.0,2478,0
4,1,0,51976,2,1,8564,6268,14,50,-2296,25988.0,700,0
1,2,1,51885,4,5,12623,13055,60,49,432,8647.5,2940,1
7,1,2,25027,2,0,10325,10763,27,38,438,25027.0,1026,0
9,0,0,138923,4,6,12412,13445,91,44,1033,19846.14285714286,4004,1
3,2,1,141661,1,3,10685,14611,43,55,3926,35415.25,2365,1
9,0,2,83548,0,5,507,459,94,78,-48,13924.666666666666,7332,1
4,2,2,90527,0,2,13273,22209,10,74,8936,30175.666666666668,740,2
4,1,0,47345,2,2,13669,13725,13,32,56,15781.666666666666,416,0
9,0,0,163742,4,5,12671,20574,80,25,7903,27290.333333333332,2000,1
9,0,0,119349,0,2,6808,7541,73,64,733,39783.0,4672,1
5,0,2,69532,0,1,13309,12716,54,70,-593,34766.0,3780,2
4,2,2,93704,0,4,1736,1479,48,74,-257,18740.8,3552,1
7,1,2,38098,2,1,6674,7305,12,58,631,19049.0,696,0
5,0,2,69757,0,3,12524,12578,12,59,54,17439.25,708,1
0,0,2,77585,3,4,4515,6344,11,19,1829,15517.0,209,2
9,0,0,124305,4,3,13318,25724,55,59,12406,31076.25,3245,1
3,2,1,210655,1,7,5344,5620,25,38,276,26331.875,950,1
9,0,2,95938,0,5,11603,17657,75,57,6054,15989.666666666666,4275,1
4,1,0,47471,2,1,2210,1785,30,71,-425,23735.5,2130,0
3,2,1,70588,0,3,7895,9371,34,37,1476,17647.0,1258,1
8,1,2,36257,0,1,7393,7522,3,65,129,18128.5,195,0
7,1,2,27394,2,0,1457,1779,45,10,322,27394.0,450,0
9,0,0,112161,4,5,11294,13003,39,61,1709,18693.5,2379,1
3,2,1,69241,0,5,12946,11110,46,46,-1836,11540.166666666666,2116,1
9,0,0,134111,0,5,2548,4704,72,33,2156,22351.833333333332,2376,2
4,2,2,95955,0,6,9928,9814,23,41,-114,13707.857142857143,943,1
1,2,1,45857,4,4,1917,2383,22,62,466,9171.4,1364,1
5,0,2,48639,0,1,9469,8768,36,44,-701,24319.5,1584,1
8,1,2,32532,0,0,11349,9633,30,62,-1716,32532.0,1860,0
4,2,2,102901,0,1,12318,20682,33,69,8364,51450.5,2277,2
9,0,0,100763,4,5,3053,5381,72,21,2328,16793.833333333332,1512,1
9,0,2,79644,0,5,1634,2324,100,42,690,13274.0,4200,1
8,1,2,38221,0,2,8339,8601,49,11,262,12740.333333333334,539,0
3,2,1,90039,0,6,7738,11289,10,42,3551,12862.714285714286,420,1
8,1,2,42031,0,2,10808,13597,61,52,2789,14010.333333333334,3172,0
3,2,1,100103,0,4,7505,5789,69,26,-1716,20020.6,1794,1
7,1,2,29017,2,0,4531,4503,13,74,-28,29017.0,962,0
9,0,0,160995,4,5,3750,4340,91,46,590,26832.5,4186,1
9,0,0,119936,0,3,9333,12466,56,50,3133,29984.0,2800,1
3,2,1,209235,1,6,3044,7476,29,31,4432,29890.714285714286,899,1
0,0,2,77911,3,6,2761,3464,40,33,703,11130.142857142857,1320,2
0,0,2,84862,3,0,10916,16772,20,29,5856,84862.0,580,2
4,1,0,44023,2,4,5160,4419,29,54,-741,8804.6,1566,0
7,1,2,29136,2,1,7284,6269,19,54,-1015,14568.0,1026,0
6,0,1,121435,1,6,8658,13668,37,77,5010,17347.85714285714,2849,1
9,0,0,121702,0,4,5186,5273,54,19,87,24340.4,1026,1
3,2,1,160893,1,9,5604,8255,11,65,2651,16089.3,715,1
9,0,0,123941,4,4,1156,997,100,63,-159,24788.2,6300,1
4,1,0,40435,2,3,4511,3401,42,72,-1110,10108.75,3024,0
0,0,2,82137,3,6,6015,4372,43,49,-1643,11733.857142857143,2107,1
3,2,1,174819,1,8,12826,26013,33,69,13187,19424.333333333332,2277,1
3,2,1,173542,1,7,11917,20564,35,76,8647,21692.75,2660,1
0,0,2,99492,3,3,4486,5105,38,45,619,24873.0,1710,1
9,0,2,125647,0,2,2846,2810,63,36,-36,41882.333333333336,2268,1
8,1,2,38610,0,1,6145,6500,14,46,355,19305.0,644,2
3,2,1,85786,0,4,10762,10976,43,47,214,17157.2,2021,1
0,0,2,77583,3,3,6727,7035,48,60,308,19395.75,2880,1
3,2,1,180999,1,7,3919,4210,46,54,291,22624.875,2484,1
5,0,2,76439,0,1,12869,12566,8,59,-303,38219.5,472,1
4,1,0,45616,2,3,4724,4004,56,39,-720,11404.0,2184,0
5,0,2,54126,0,3,11298,17413,73,57,6115,13531.5,4161,2
9,0,2,90833,0,4,13630,10961,80,29,-2669,18166.6,2320,1
8,1,2,38022,0,0,6111,5010,41,34,-1101,38022.0,1394,0
9,0,0,115337,0,2,14956,28122,70,95,13166,38445.666666666664,6650,1
6,0,1,135684,1,4,3945,5252,28,24,1307,27136.8,672,1
9,0,0,109375,4,4,1175,1253,59,62,78,21875.0,3658,1
9,0,0,107020,0,3,13262,23314,67,67,10052,26755.0,4489,2
3,2,1,102257,0,2,14767,13580,19,67,-1187,34085.666666666664,1273,1
0,0,2,86336,3,1,6854,5322,39,39,-1532,43168.0,1521,1
9,0,0,145604,4,2,11974,17272,47,20,5298,48534.666666666664,940,1
8,1,2,33987,0,3,5297,7203,16,8,1906,8496.75,128,0
8,1,2,42062,0,4,7792,10157,11,52,2365,8412.4,572,0
0,0,2,79548,3,6,6542,8487,22,57,1945,11364.0,1254,1
4,2,2,99945,0,4,2867,2836,43,47,-31,19989.0,2021,1
9,0,0,132940,4,5,5081,7155,63,46,2074,22156.666666666668,2898,1
7,1,2,28218,2,1,4114,3475,35,37,-639,14109.0,1295,0
5,0,2,71810,0,2,14171,21541,38,32,7370,23936.666666666668,1216,2
3,2,1,92818,0,6,6926,6161,8,45,-765,13259.714285714286,360,1
6,0,1,144269,1,5,12810,15922,44,63,3112,24044.833333333332,2772,1
3,2,1,199300,1,8,8188,8098,37,29,-90,22144.444444444445,1073,1
2,0,2,86045,0,2,9166,9891,42,64,725,28681.666666666668,2688,0
1,2,1,52599,4,4,5308,7127,16,43,1819,10519.8,688,1
8,1,2,41081,0,2,3117,2326,46,48,-791,13693.666666666666,2208,0
2,0,2,66807,0,5,13838,17327,79,38,3489,11134.5,3002,0
2,0,2,78221,0,1,12102,12263,59,36,161,39110.5,2124,2
0,0,2,86734,3,7,2471,2803,56,51,332,10841.75,2856,1
2,0,2,66304,0,3,7164,9585,45,74,2421,16576.0,3330,0
7,1,2,27937,2,2,595,732,72,42,137,9312.333333333334,3024,0
3,2,1,208241,1,7,2623,2083,26,35,-540,26030.125,910,1
8,1,2,40900,0,0,5857,5044,53,49,-813,40900.0,2597,0
1,2,1,56397,4,4,5969,8366,30,32,2397,11279.4,960,1
9,0,0,125452,4,4,13909,21180,77,7,7271,25090.4,539,1
0,0,2,71699,3,3,7409,8194,52,22,785,17924.75,1144,1
4,2,2,93319,0,5,7828,6911,12,33,-917,15553.166666666666,396,1
4,1,0,41928,2,5,8564,7701,33,36,-863,6988.0,1188,0
3,2,1,178982,1,7,4291,4124,73,33,-167,22372.75,2409,1
4,1,0,44064,2,0,856,785,11,74,-71,44064.0,814,0
5,0,2,48049,0,1,10073,13649,44,19,3576,24024.5,836,1
2,0,2,85442,0,5,11720,12646,43,28,926,14240.333333333334,1204,2
0,0,2,92222,3,4,2768,2566,39,29,-202,18444.4,1131,1
9,0,0,127370,4,7,9929,10687,86,5,758,15921.25,430,1
2,0,2,84259,0,2,7661,7757,32,46,96,28086.333333333332,1472,2
6,0,1,167345,1,7,571,699,66,51,128,20918.125,3366,1
9,0,0,133205,4,4,13401,15662,68,49,2261,26641.0,3332,1
2,0,2,65200,0,6,8584,6632,49,36,-1952,9314.285714285714,1764,0
1,2,1,48818,4,3,14541,15020,33,44,479,12204.5,1452,1
2,0,2,64424,0,4,6150,4450,14,37,-1700,12884.8,518,0
4,1,0,43000,2,4,9793,7774,42,54,-2019,8600.0,2268,0
0,0,2,88158,3,6,14872,18734,11,73,3862,12594.0,803,1
7,1,2,29180,2,1,2404,2317,27,44,-87,14590.0,1188,0
2,0,2,68446,0,1,11937,18898,29,23,6961,34223.0,667,0
5,0,2,54428,0,0,896,1205,36,70,309,54428.0,2520,1
9,0,2,109485,0,4,11145,10015,70,60,-1130,21897.0,4200,1
1,2,1,67116,4,2,2694,3289,61,43,595,22372.0,2623,1
2,0,2,58758,0,5,7918,8806,37,43,888,9793.0,1591,0
3,2,1,79184,0,5,14276,15661,30,34,1385,13197.333333333334,1020,1
4,2,2,81059,0,7,4481,4749,59,64,268,10132.375,3776,1
5,0,2,66488,0,5,11069,16642,40,31,5573,11081.333333333334,1240,1
4,1,0,47426,2,3,1419,1496,47,34,77,11856.5,1598,0
4,1,0,45011,2,0,12020,10246,44,79,-1774,45011.0,3476,0
7,1,2,27275,2,3,1549,1825,30,45,276,6818.75,1350,2
5,0,2,56584,0,4,7056,9473,21,38,2417,11316.8,798,1
9,0,0,126307,4,3,6978,13063,63,51,6085,31576.75,3213,1
8,1,2,37926,0,0,10824,13717,59,31,2893,37926.0,1829,0
3,2,1,69913,0,5,2803,3517,9,53,714,11652.166666666666,477,1
8,1,2,46478,0,1,3784,3120,13,57,-664,23239.0,741,0
9,0,0,115229,0,0,1603,2367,43,16,764,115229.0,688,1
6,0,1,148805,1,7,13505,15482,12,39,1977,18600.625,468,1
9,0,0,123132,4,2,13962,20425,72,39,6463,41044.0,2808,1
6,0,1,134630,1,5,12297,10868,41,20,-1429,22438.333333333332,820,1
2,0,2,64823,0,4,8747,12405,64,35,3658,12964.6,2240,2
9,0,0,103800,4,2,6852,11769,93,23,4917,34600.0,2139,1
4,2,2,94075,0,3,14748,22486,0,54,7738,23518.75,0,1
9,0,2,105152,0,4,3852,6184,100,39,2332,21030.4,3900,1
8,1,2,51203,0,2,14411,19796,67,58,5385,17067.666666666668,3886,0
3,2,1,85398,0,1,9941,13197,33,60,3256,42699.0,1980,1
9,0,0,127039,4,2,13443,16183,47,48,2740,42346.333333333336,2256,1
9,0,0,102257,4,4,11826,22967,64,58,11141,20451.4,3712,1
3,2,1,172894,1,5,7143,10116,31,65,2973,28815.666666666668,2015,1
4,1,0,42311,2,0,12625,12013,59,54,-612,42311.0,3186,0
4,1,0,51036,2,3,3888,2960,3,48,-928,12759.0,144,0
9,0,0,119079,4,2,14456,22143,49,82,7687,39693.0,4018,1
3,2,1,96861,0,4,11594,9729,38,23,-1865,19372.2,874,1
3,2,1,188714,1,10,5186,10460,37,49,5274,17155.81818181818,1813,1
6,0,1,126716,1,4,10320,16985,65,48,6665,25343.2,3120,1
9,0,0,135177,4,3,9712,6805,62,30,-2907,33794.25,1860,1
6,0,1,154821,1,5,7369,6486,33,28,-883,25803.5,924,1
3,2,1,209086,1,10,12217,27528,32,49,15311,19007.81818181818,1568,1
9,0,0,98091,0,4,14706,22775,56,45,8069,19618.2,2520,2
9,0,0,134751,4,7,4785,8387,58,47,3602,16843.875,2726,1
7,1,2,25000,2,0,13010,10207,21,45,-2803,25000.0,945,0
6,0,1,170096,1,6,9739,15570,41,56,5831,24299.428571428572,2296,1
7,1,2,31209,2,0,1317,1462,53,72,145,31209.0,3816,0
9,0,0,102530,0,2,2274,2655,68,67,381,34176.666666666664,4556,2
2,0,2,77406,0,1,6914,6958,22,74,44,38703.0,1628,0
5,0,2,75703,0,5,6152,9161,27,74,3009,12617.166666666666,1998,1
4,1,0,44097,2,2,11820,12917,56,95,1097,14699.0,5320,0
1,2,1,54849,4,3,14881,20969,32,58,6088,13712.25,1856,1
9,0,2,80363,0,1,9083,6701,70,32,-2382,40181.5,2240,1
3,2,1,150579,1,4,10968,26248,32,36,15280,30115.8,1152,1
2,0,2,66875,0,3,4682,6541,41,77,1859,16718.75,3157,0
9,0,0,119058,4,5,5117,5609,100,60,492,19843.0,6000,1
2,0,2,62707,0,2,4464,5993,37,78,1529,20902.333333333332,2886,2
7,1,2,29165,2,1,7146,7902,26,38,756,14582.5,988,0
6,0,1,146692,1,7,8838,6443,43,43,-2395,18336.5,1849,1
9,0,0,92270,0,5,11757,21228,87,59,9471,15378.333333333334,5133,1
0,0,2,93084,3,4,5909,6955,43,39,1046,18616.8,1677,2
1,2,1,62220,4,6,10892,12728,45,13,1836,8888.57142857143,585,1
2,0,2,58382,0,3,8938,12395,48,45,3457,14595.5,2160,0
5,0,2,53329,0,4,5583,4678,10,49,-905,10665.8,490,1
7,1,2,34924,2,0,6271,5478,28,25,-793,34924.0,700,0
9,0,0,127423,4,3,3729,5715,91,61,1986,31855.75,5551,1
3,2,1,191051,1,8,10972,17866,25,5,6894,21227.88888888889,125,1
9,0,0,95606,0,2,7107,7991,72,95,884,31868.666666666668,6840,1
6,0,1,124273,1,7,5706,6750,9,53,1044,15534.125,477,1
2,0,2,70964,0,3,7829,6731,40,71,-1098,17741.0,2840,0
5,0,2,66002,0,3,14275,12788,14,61,-1487,16500.5,854,1
1,2,1,50031,4,3,4796,5644,24,44,848,12507.75,1056,1
9,0,0,148721,0,3,10464,17936,92,55,7472,37180.25,5060,2
9,0,0,137682,4,6,8079,17631,31,30,9552,19668.85714285714,930,1
8,1,2,35813,0,2,10433,10534,0,62,101,11937.666666666666,0,0
4,1,0,44388,2,2,9654,10737,33,48,1083,14796.0,1584,0
5,0,2,87034,0,2,11997,9318,55,47,-2679,29011.333333333332,2585,1
8,1,2,37719,0,2,2030,1852,40,86,-178,12573.0,3440,0
7,1,2,29324,2,0,8953,9563,3,45,610,29324.0,135,0
8,1,2,40094,0,1,13588,16279,6,59,2691,20047.0,354,0
8,1,2,33541,0,3,2348,2395,50,30,47,8385.25,1500,0
3,2,1,212047,1,8,9859,23170,23,38,13311,23560.777777777777,874,1
0,0,2,90876,3,3,14125,14331,57,55,206,22719.0,3135,1
5,0,2,69731,0,5,6336,5792,4,43,-544,11621.833333333334,172,1
4,1,0,48695,2,0,12178,12143,14,64,-35,48695.0,896,0
9,0,2,93486,0,3,11378,15291,77,65,3913,23371.5,5005,1
9,0,0,124063,4,3,7280,14558,81,25,7278,31015.75,2025,1
5,0,2,67452,0,2,14750,16935,8,39,2185,22484.0,312,1
4,1,0,47065,2,0,5756,5590,24,35,-166,47065.0,840,0
7,1,2,32455,2,0,9286,8300,83,43,-986,32455.0,3569,0
7,1,2,28958,2,0,3606,3889,52,26,283,28958.0,1352,0
7,1,2,30610,2,1,11045,10202,12,43,-843,15305.0,516,0
9,0,0,122239,0,3,10134,19147,90,39,9013,30559.75,3510,1
8,1,2,42928,0,5,5860,5534,6,17,-326,7154.666666666667,102,0
4,1,0,36630,2,1,2956,2908,45,25,-48,18315.0,1125,0
7,1,2,28662,2,1,4545,5609,58,35,1064,14331.0,2030,0
9,0,2,80899,0,3,4554,3368,83,32,-1186,20224.75,2656,1
3,2,1,89680,0,4,10220,9230,17,59,-990,17936.0,1003,1
9,0,0,141782,4,4,5125,5290,62,48,165,28356.4,2976,1
8,1,2,40770,0,2,7056,8935,55,52,1879,13590.0,2860,0
9,0,0,109242,0,3,8169,14789,63,57,6620,27310.5,3591,2
7,1,2,27925,2,0,9667,8249,33,71,-1418,27925.0,2343,0
9,0,0,107542,0,1,11662,15344,57,28,3682,53771.0,1596,1
1,2,1,57427,4,2,13842,10069,38,64,-3773,19142.333333333332,2432,1
6,0,1,136077,1,6,7468,6817,35,37,-651,19439.571428571428,1295,1
1,2,1,57625,4,6,8444,7113,7,45,-1331,8232.142857142857,315,1
0,0,2,82976,3,5,3908,4651,8,40,743,13829.333333333334,320,1
0,0,2,96687,3,6,14835,14742,42,47,-93,13812.42857142857,1974,1
9,0,0,117012,4,3,2984,4587,85,58,1603,29253.0,4930,1
7,1,2,32478,2,1,3850,4132,15,29,282,16239.0,435,0
6,0,1,124860,1,8,14028,14009,71,54,-19,13873.333333333334,3834,1
9,0,0,125243,4,7,8347,11645,72,31,3298,15655.375,2232,1
8,1,2,43800,0,4,10207,9950,62,5,-257,8760.0,310,0
4,2,2,77531,0,3,11106,8851,63,50,-2255,19382.75,3150,1
2,0,2,60120,0,4,5688,8381,9,70,2693,12024.0,630,0
3,2,1,75731,0,2,6578,8325,19,39,1747,25243.666666666668,741,1
9,0,0,130215,4,2,5741,7670,54,42,1929,43405.0,2268,1
0,0,2,87743,3,4,8984,12222,21,35,3238,17548.6,735,1
2,0,2,61907,0,2,7487,7927,28,71,440,20635.666666666668,1988,0
9,0,2,95823,0,3,572,529,70,47,-43,23955.75,3290,1
5,0,2,67227,0,5,13905,14154,54,46,249,11204.5,2484,2
6,0,1,177600,1,6,625,821,5,32,196,25371.428571428572,160,1
6,0,1,129162,1,8,9745,18207,71,5,8462,14351.333333333334,355,1
9,0,0,167798,4,3,12330,14861,53,28,2531,41949.5,1484,1
3,2,1,91548,0,3,7982,9010,35,34,1028,22887.0,1190,1
1,2,1,55092,4,3,14672,12775,42,47,-1897,13773.0,1974,1
5,0,2,59904,0,3,13498,13980,40,12,482,14976.0,480,1
5,0,2,63101,0,3,7969,8730,20,59,761,15775.25,1180,1
9,0,0,109610,0,5,14898,10596,64,41,-4302,18268.333333333332,2624,1
2,0,2,83591,0,1,2797,3249,28,50,452,41795.5,1400,2
9,0,0,114850,4,3,11858,16155,59,58,4297,28712.5,3422,1
3,2,1,79912,0,4,8756,14583,45,55,5827,15982.4,2475,1
9,0,2,89577,0,2,517,390,82,35,-127,29859.0,2870,2
9,0,0,129152,4,3,641,950,34,32,309,32288.0,1088,1
6,0,1,133092,1,5,1858,3021,35,23,1163,22182.0,805,1
9,0,0,101980,0,3,1287,2211,72,50,924,25495.0,3600,2
4,1,0,45903,2,2,14550,11858,14,35,-2692,15301.0,490,0
9,0,0,123581,4,5,3669,2817,78,22,-852,20596.833333333332,1716,1
3,2,1,78428,0,2,5255,7084,74,35,1829,26142.666666666668,2590,1
9,0,2,86632,0,2,11605,19203,74,21,7598,28877.333333333332,1554,1
7,1,2,31168,2,0,12605,11089,37,5,-1516,31168.0,185,0
0,0,2,73829,3,3,13961,17055,23,26,3094,18457.25,598,2
5,0,2,64119,0,5,2039,3117,48,60,1078,10686.5,2880,1
0,0,2,82780,3,4,13340,21079,41,35,7739,16556.0,1435,1
6,0,1,126789,1,7,2471,3793,34,5,1322,15848.625,170,1
3,2,1,186189,1,9,10836,11571,30,40,735,18618.9,1200,1
9,0,0,116684,0,2,6663,10374,95,13,3711,38894.666666666664,1235,1
4,1,0,52097,2,0,10492,9299,34,39,-1193,52097.0,1326,0
7,1,2,30948,2,0,13146,15800,20,78,2654,30948.0,1560,0
8,1,2,40296,0,1,13110,13555,50,35,445,20148.0,1750,0
8,1,2,37362,0,1,5349,5726,26,39,377,18681.0,1014,2
3,2,1,186320,1,7,10484,7625,16,27,-2859,23290.0,432,1
1,2,1,54436,4,6,14503,17812,34,35,3309,7776.571428571428,1190,1
9,0,2,104211,0,3,5211,8648,72,56,3437,26052.75,4032,1
9,0,0,139493,4,3,786,1224,60,61,438,34873.25,3660,1
4,1,0,42217,2,2,6507,6553,19,48,46,14072.333333333334,912,0
9,0,0,136130,4,7,14002,27822,81,61,13820,17016.25,4941,1
9,0,0,148442,4,4,11550,21295,64,38,9745,29688.4,2432,1
3,2,1,73533,0,4,12175,10666,27,23,-1509,14706.6,621,1
9,0,2,101502,0,4,13284,21323,70,55,8039,20300.4,3850,2
3,2,1,151590,1,9,3781,3978,53,24,197,15159.0,1272,1
9,0,0,145488,4,5,14226,16859,73,53,2633,24248.0,3869,1
3,2,1,149490,1,6,1744,1221,54,60,-523,21355.714285714286,3240,1
9,0,2,109887,0,3,10719,9003,71,49,-1716,27471.75,3479,1
5,0,2,66362,0,1,848,953,32,52,105,33181.0,1664,1
4,1,0,48534,2,0,5161,5415,26,49,254,48534.0,1274,0
3,2,1,74110,0,3,4485,8671,55,81,4186,18527.5,4455,1
9,0,0,134128,4,2,12988,19578,64,43,6590,44709.333333333336,2752,1
7,1,2,33570,2,0,8574,7756,56,62,-818,33570.0,3472,0
9,0,0,128017,0,2,1853,3349,66,33,1496,42672.333333333336,2178,2
9,0,0,123829,4,0,12709,15069,65,53,2360,123829.0,3445,1
9,0,0,125856,4,4,1634,2302,77,45,668,25171.2,3465,1
4,1,0,41000,2,1,14079,12872,42,57,-1207,20500.0,2394,0
8,1,2,39540,0,2,646,601,49,43,-45,13180.0,2107,0
1,2,1,61240,4,4,1035,1371,24,56,336,12248.0,1344,1
8,1,2,34663,0,0,6212,7477,44,39,1265,34663.0,1716,0
3,2,1,152596,1,7,12259,12903,7,30,644,19074.5,210,1
3,2,1,69768,0,3,4786,5621,59,29,835,17442.0,1711,1
6,0,1,126888,1,7,6009,7012,25,31,1003,15861.0,775,1
5,0,2,61948,0,2,14647,10902,4,5,-3745,20649.333333333332,20,1
6,0,1,141606,1,6,14490,11530,33,39,-2960,20229.428571428572,1287,1
9,0,2,84452,0,4,5720,8311,85,35,2591,16890.4,2975,1
1,2,1,51857,4,4,8698,11805,18,69,3107,10371.4,1242,1
7,1,2,28334,2,0,8560,7411,48,29,-1149,28334.0,1392,0
3,2,1,201233,1,6,3562,6010,52,53,2448,28747.571428571428,2756,1
2,0,2,80903,0,1,9846,7110,10,75,-2736,40451.5,750,0
5,0,2,65333,0,4,9841,15640,46,44,5799,13066.6,2024,1
0,0,2,89694,3,6,4631,5772,39,40,1141,12813.42857142857,1560,1
9,0,2,121716,0,5,12147,15603,73,49,3456,20286.0,3577,1
6,0,1,155079,1,8,7269,10354,51,55,3085,17231.0,2805,1
0,0,2,86368,3,3,5147,6692,31,43,1545,21592.0,1333,1
4,2,2,91835,0,4,3052,2424,30,57,-628,18367.0,1710,1
6,0,1,177605,1,6,3902,5758,49,51,1856,25372.14285714286,2499,1
5,0,2,65515,0,5,11848,15612,25,36,3764,10919.166666666666,900,1
0,0,2,87081,3,2,11270,17354,57,50,6084,29027.0,2850,2
8,1,2,49712,0,0,6477,7707,19,70,1230,49712.0,1330,0
4,2,2,90600,0,3,8994,11455,0,44,2461,22650.0,0,1
2,0,2,78087,0,3,6936,9768,56,53,2832,19521.75,2968,0
7,1,2,31939,2,2,4823,4864,0,5,41,10646.333333333334,0,0
6,0,1,153206,1,7,3227,3416,51,30,189,19150.75,1530,1
3,2,1,72903,0,6,2605,2372,17,52,-233,10414.714285714286,884,1
9,0,0,135115,4,4,1145,1402,31,31,257,27023.0,961,1
4,1,0,38174,2,1,14927,18360,52,54,3433,19087.0,2808,0
9,0,0,145889,4,3,9447,10648,69,78,1201,36472.25,5382,1
3,2,1,99746,0,3,1313,2426,38,22,1113,24936.5,836,1
2,0,2,75013,0,4,11420,11643,57,53,223,15002.6,3021,0
4,2,2,101594,0,5,786,601,21,49,-185,16932.333333333332,1029,2
9,0,0,133129,0,1,10153,11777,73,69,1624,66564.5,5037,1
1,2,1,57409,4,2,13045,12354,0,67,-691,19136.333333333332,0,1
2,0,2,69887,0,3,3915,4202,30,24,287,17471.75,720,0
5,0,2,72025,0,4,14875,19020,23,29,4145,14405.0,667,1
8,1,2,48895,0,2,11177,12061,48,50,884,16298.333333333334,2400,0
4,1,0,45396,2,1,1434,1436,18,51,2,22698.0,918,0
9,0,2,88594,0,4,5747,9998,57,48,4251,17718.8,2736,1
0,0,2,97709,3,5,11238,18058,18,59,6820,16284.833333333334,1062,2
8,1,2,36644,0,1,10302,7837,64,75,-2465,18322.0,4800,0
4,2,2,91905,0,3,710,975,35,53,265,22976.25,1855,1
6,0,1,147437,1,5,1453,2052,48,69,599,24572.833333333332,3312,1
4,1,0,43400,2,1,1117,1142,0,58,25,21700.0,0,0
9,0,0,117676,4,2,9123,15377,64,63,6254,39225.333333333336,4032,1
3,2,1,175674,1,6,4346,3557,26,71,-789,25096.285714285714,1846,1
1,2,1,43407,4,3,7764,10351,32,47,2587,10851.75,1504,1
9,0,0,98032,0,0,12413,13898,55,52,1485,98032.0,2860,2
4,2,2,89880,0,4,5574,6790,28,45,1216,17976.0,1260,2
9,0,0,116527,4,4,3342,5741,38,59,2399,23305.4,2242,1
3,2,1,92032,0,2,4278,6732,21,42,2454,30677.333333333332,882,1
4,1,0,44801,2,1,5065,5262,0,38,197,22400.5,0,0
7,1,2,29655,2,1,9408,9627,48,70,219,14827.5,3360,0
4,2,2,92478,0,1,3444,5744,25,55,2300,46239.0,1375,2
3,2,1,92691,0,6,1328,1173,42,69,-155,13241.57142857143,2898,1
4,1,0,50323,2,0,4270,4728,24,22,458,50323.0,528,0
6,0,1,111894,1,6,4800,7602,57,43,2802,15984.857142857143,2451,1
3,2,1,92734,0,4,7766,10669,52,15,2903,18546.8,780,1
8,1,2,38973,0,2,1950,2538,39,48,588,12991.0,1872,0
4,2,2,76093,0,3,7340,6277,33,41,-1063,19023.25,1353,2
9,0,0,121807,4,7,9245,9331,40,50,86,15225.875,2000,1
1,2,1,53028,4,2,13424,13272,28,29,-152,17676.0,812,1
9,0,0,136804,4,5,2746,3769,58,29,1023,22800.666666666668,1682,1
1,2,1,53451,4,4,1594,1244,49,49,-350,10690.2,2401,1
0,0,2,71446,3,3,14675,12157,54,66,-2518,17861.5,3564,1
2,0,2,80347,0,3,13276,12460,48,45,-816,20086.75,2160,2
6,0,1,143606,1,8,11926,10574,35,32,-1352,15956.222222222223,1120,1
4,2,2,92591,0,3,8003,9711,66,28,1708,23147.75,1848,2
0,0,2,107465,3,5,6193,9582,13,41,3389,17910.833333333332,533,1
9,0,0,114348,0,3,14069,16425,70,33,2356,28587.0,2310,1
9,0,0,122440,4,4,6215,5596,86,58,-619,24488.0,4988,1
9,0,2,103643,0,6,11548,19946,69,52,8398,14806.142857142857,3588,1
9,0,0,96111,4,5,14623,13463,63,36,-1160,16018.5,2268,1
8,1,2,41281,0,0,8646,8911,27,30,265,41281.0,810,0
3,2,1,200265,1,6,7837,17247,52,60,9410,28609.285714285714,3120,1
1,2,1,53229,4,5,5254,7442,23,63,2188,8871.5,1449,1
9,0,0,125308,0,6,9637,8547,65,18,-1090,17901.14285714286,1170,1
9,0,0,100151,0,1,12738,9265,73,67,-3473,50075.5,4891,1
9,0,0,120671,4,3,11432,13796,84,68,2364,30167.75,5712,1
3,2,1,226530,1,6,4313,6565,59,46,2252,32361.428571428572,2714,1
8,1,2,43582,0,2,12516,14911,33,74,2395,14527.333333333334,2442,0
3,2,1,93598,0,5,971,1678,33,34,707,15599.666666666666,1122,1
8,1,2,33204,0,2,13808,18023,62,29,4215,11068.0,1798,0
8,1,2,43663,0,1,8346,8402,22,63,56,21831.5,1386,0
1,2,1,50853,4,4,8614,8478,25,58,-136,10170.6,1450,1
8,1,2,30047,0,3,14749,14420,23,28,-329,7511.75,644,0
3,2,1,76686,0,3,9196,9362,20,53,166,19171.5,1060,1
4,2,2,67941,0,3,4051,4702,51,29,651,16985.25,1479,1
6,0,1,123833,1,7,4369,6624,40,58,2255,15479.125,2320,1
1,2,1,55897,4,4,9117,8092,19,38,-1025,11179.4,722,1
9,0,0,125778,4,5,1938,2819,72,63,881,20963.0,4536,1
6,0,1,122814,1,9,13212,13953,22,33,741,12281.4,726,1
5,0,2,53886,0,2,7078,8064,0,71,986,17962.0,0,1
3,2,1,195401,1,8,3103,4717,69,22,1614,21711.222222222223,1518,1
8,1,2,39894,0,0,7582,9678,52,59,2096,39894.0,3068,0
5,0,2,63514,0,4,8933,7769,47,24,-1164,12702.8,1128,1
9,0,0,137432,4,4,9836,16885,89,21,7049,27486.4,1869,1
5,0,2,59972,0,3,11044,17447,54,38,6403,14993.0,2052,1
9,0,0,111245,0,2,6974,6966,83,53,-8,37081.666666666664,4399,1
9,0,0,157895,4,4,3568,7780,53,62,4212,31579.0,3286,1
6,0,1,104478,1,7,10999,14183,54,14,3184,13059.75,756,1
3,2,1,91679,0,1,12200,21366,26,29,9166,45839.5,754,1
3,2,1,213477,1,8,511,1142,27,66,631,23719.666666666668,1782,1
2,0,2,68133,0,5,10015,15180,26,60,5165,11355.5,1560,0
9,0,2,101001,0,2,13745,19651,50,48,5906,33667.0,2400,1
3,2,1,224029,1,7,9272,11023,31,85,1751,28003.625,2635,1
9,0,0,147330,4,3,5799,8575,49,37,2776,36832.5,1813,1
3,2,1,169521,1,9,8308,12036,56,51,3728,16952.1,2856,1
5,0,2,57327,0,4,2995,3878,28,30,883,11465.4,840,1
7,1,2,27950,2,0,10383,7344,38,54,-3039,27950.0,2052,0
8,1,2,52852,0,0,5355,4427,6,40,-928,52852.0,240,0
1,2,1,48168,4,5,14239,16049,21,50,1810,8028.0,1050,1
6,0,1,124092,1,7,9626,8940,16,34,-686,15511.5,544,1
4,1,0,41670,2,2,9219,7541,69,56,-1678,13890.0,3864,0
7,1,2,34952,2,0,980,988,61,37,8,34952.0,2257,0
6,0,1,130861,1,5,12142,20692,52,44,8550,21810.166666666668,2288,1
9,0,0,97620,0,5,13168,15889,76,49,2721,16270.0,3724,1
9,0,0,78116,0,0,13291,14539,76,50,1248,78116.0,3800,1
7,1,2,25733,2,3,8410,6931,45,47,-1479,6433.25,2115,0
3,2,1,195303,1,8,3587,3468,30,24,-119,21700.333333333332,720,1
9,0,0,91881,0,3,13983,20391,58,23,6408,22970.25,1334,1
3,2,1,171591,1,6,14638,11409,19,39,-3229,24513.0,741,1
0,0,2,101503,3,2,6995,8535,43,45,1540,33834.333333333336,1935,2
4,2,2,92222,0,2,2020,2769,33,27,749,30740.666666666668,891,2
1,2,1,47370,4,7,7731,6834,37,61,-897,5921.25,2257,1
3,2,1,92203,0,0,2370,2626,57,45,256,92203.0,2565,1
1,2,1,40027,4,4,7521,10959,40,38,3438,8005.4,1520,1
9,0,0,142545,4,4,14803,29263,73,52,14460,28509.0,3796,1
4,2,2,86290,0,4,1214,1459,12,47,245,17258.0,564,2
4,1,0,39925,2,0,10387,11378,23,25,991,39925.0,575,0
2,0,2,74333,0,2,4919,6230,52,48,1311,24777.666666666668,2496,0
4,1,0,42245,2,3,10962,13935,24,30,2973,10561.25,720,0
1,2,1,61117,4,5,7827,10109,16,50,2282,10186.166666666666,800,1
0,0,2,95092,3,2,8549,10730,56,31,2181,31697.333333333332,1736,1
3,2,1,64574,0,5,8086,5821,8,56,-2265,10762.333333333334,448,1
3,2,1,82768,0,2,4316,5905,36,33,1589,27589.333333333332,1188,1
4,2,2,97699,0,3,2814,2303,40,36,-511,24424.75,1440,2
9,0,2,106627,0,5,795,982,68,32,187,17771.166666666668,2176,1
9,0,0,119177,0,1,12478,20844,72,29,8366,59588.5,2088,1
7,1,2,31150,2,0,10881,10626,3,34,-255,31150.0,102,0
9,0,0,113450,0,3,11047,12676,80,39,1629,28362.5,3120,1
8,1,2,41419,0,1,14190,11237,38,52,-2953,20709.5,1976,2
5,0,2,85527,0,6,5009,4448,55,68,-561,12218.142857142857,3740,2
3,2,1,143546,1,8,12857,18640,51,26,5783,15949.555555555555,1326,1
8,1,2,41708,0,3,11339,14547,37,29,3208,10427.0,1073,0
7,1,2,28947,2,1,2945,3321,43,39,376,14473.5,1677,0
9,0,0,165741,4,5,4220,3598,79,24,-622,27623.5,1896,1
8,1,2,48328,0,4,10407,10071,32,54,-336,9665.6,1728,0
0,0,2,88611,3,6,2450,3546,62,45,1096,12658.714285714286,2790,2
9,0,0,121956,4,3,6798,12929,66,5,6131,30489.0,330,1
6,0,1,129810,1,7,1185,1981,45,62,796,16226.25,2790,1
4,2,2,101572,0,2,8667,14294,15,54,5627,33857.333333333336,810,2
9,0,0,107411,4,3,2729,3657,45,38,928,26852.75,1710,1
4,2,2,91141,0,1,3330,4938,48,40,1608,45570.5,1920,2
3,2,1,107959,0,2,12142,11867,18,86,-275,35986.333333333336,1548,1
9,0,0,148457,4,3,4752,5518,81,49,766,37114.25,3969,1
5,0,2,50001,0,2,6455,8352,54,44,1897,16667.0,2376,1
5,0,2,73605,0,1,13486,18304,39,36,4818,36802.5,1404,2
9,0,0,146792,4,2,11924,10812,47,40,-1112,48930.666666666664,1880,1
5,0,2,65269,0,2,14985,12821,23,80,-2164,21756.333333333332,1840,1
4,2,2,81610,0,5,11018,16539,32,91,5521,13601.666666666666,2912,2
2,0,2,80951,0,4,6906,9935,63,55,3029,16190.2,3465,0
7,1,2,27310,2,1,7184,7844,26,53,660,13655.0,1378,0
2,0,2,67235,0,1,1314,1415,23,36,101,33617.5,828,0
1,2,1,51184,4,4,8576,8770,14,53,194,10236.8,742,1
7,1,2,25000,2,1,11083,10147,32,32,-936,12500.0,1024,0
2,0,2,65277,0,3,6605,9606,54,14,3001,16319.25,756,0
2,0,2,58141,0,2,5911,7494,9,49,1583,19380.333333333332,441,2
2,0,2,82546,0,2,6739,7085,38,54,346,27515.333333333332,2052,0
6,0,1,151454,1,8,9494,10936,24,47,1442,16828.222222222223,1128,1
3,2,1,72406,0,1,13979,23142,81,46,9163,36203.0,3726,1
7,1,2,31020,2,2,14819,17671,41,45,2852,10340.0,1845,0
9,0,2,91173,0,5,11415,17829,46,65,6414,15195.5,2990,2
1,2,1,53141,4,6,3748,3678,40,19,-70,7591.571428571428,760,2
1,2,1,55518,4,3,12647,10973,44,51,-1674,13879.5,2244,1
3,2,1,81815,0,7,6286,10081,71,57,3795,10226.875,4047,1
8,1,2,35292,0,2,10821,12763,0,46,1942,11764.0,0,0
0,0,2,100351,3,3,7323,8085,16,35,762,25087.75,560,1
9,0,2,105634,0,3,7613,9377,65,41,1764,26408.5,2665,1
0,0,2,83697,3,3,5410,5625,43,5,215,20924.25,215,1
7,1,2,33392,2,0,4437,5494,62,46,1057,33392.0,2852,0
9,0,0,129157,4,1,14601,19120,70,30,4519,64578.5,2100,1
5,0,2,83047,0,3,6478,9119,54,48,2641,20761.75,2592,2
5,0,2,69305,0,2,574,633,45,42,59,23101.666666666668,1890,2
6,0,1,124005,1,8,10477,10080,40,20,-397,13778.333333333334,800,1
9,0,2,107827,0,4,3106,3464,70,43,358,21565.4,3010,1
4,2,2,86781,0,8,13675,20779,74,60,7104,9642.333333333334,4440,1
1,2,1,48172,4,4,4078,4997,45,37,919,9634.4,1665,1
2,0,2,73493,0,0,4495,7189,18,49,2694,73493.0,882,0
3,2,1,167590,1,7,11813,8592,14,50,-3221,20948.75,700,1
0,0,2,69311,3,4,9274,8860,41,37,-414,13862.2,1517,1
7,1,2,30551,2,3,889,655,22,29,-234,7637.75,638,0
7,1,2,28073,2,2,13602,15382,22,65,1780,9357.666666666666,1430,0
7,1,2,28687,2,0,12308,11729,55,40,-579,28687.0,2200,0
3,2,1,186808,1,6,3365,6281,31,49,2916,26686.85714285714,1519,1
2,0,2,82695,0,3,7068,6971,33,41,-97,20673.75,1353,0
9,0,0,116060,4,3,12506,21954,74,25,9448,29015.0,1850,1
9,0,0,135729,4,3,8001,12814,97,61,4813,33932.25,5917,1
2,0,2,66846,0,5,3321,5297,17,23,1976,11141.0,391,0
4,2,2,87341,0,3,3713,4181,48,73,468,21835.25,3504,2
9,0,0,147035,4,3,11918,17269,51,49,5351,36758.75,2499,1
5,0,2,67841,0,3,4223,5944,20,55,1721,16960.25,1100,1
6,0,1,158502,1,9,2824,4262,39,41,1438,15850.2,1599,1
7,1,2,25630,2,1,4917,3604,23,44,-1313,12815.0,1012,0
3,2,1,107582,0,5,10803,17478,51,55,6675,17930.333333333332,2805,1
9,0,2,85060,0,5,9711,11671,34,86,1960,14176.666666666666,2924,1
9,0,0,97461,0,4,7409,11021,77,60,3612,19492.2,4620,1
7,1,2,34544,2,0,9660,10635,50,40,975,34544.0,2000,0
9,0,0,118916,0,3,6305,5247,58,48,-1058,29729.0,2784,1
3,2,1,77182,0,6,2673,2037,24,26,-636,11026.0,624,1
2,0,2,72011,0,4,6127,7010,38,63,883,14402.2,2394,2
3,2,1,73402,0,3,3530,5529,27,54,1999,18350.5,1458,1
9,0,0,102385,0,3,5606,5788,67,23,182,25596.25,1541,1
7,1,2,31076,2,0,4218,3414,29,62,-804,31076.0,1798,0
9,0,0,147946,4,5,8102,15482,82,6,7380,24657.666666666668,492,1
2,0,2,82055,0,1,13144,17120,20,18,3976,41027.5,360,0
0,0,2,90470,3,4,4166,4978,34,75,812,18094.0,2550,1
3,2,1,152916,1,8,14565,25199,21,50,10634,16990.666666666668,1050,1
9,0,2,70159,0,7,1788,2073,75,20,285,8769.875,1500,1
9,0,0,118572,0,4,2830,2372,67,37,-458,23714.4,2479,1
3,2,1,85824,0,4,6276,6645,45,63,369,17164.8,2835,1
9,0,0,119557,4,1,5001,7401,82,43,2400,59778.5,3526,1
8,1,2,40077,0,0,6364,7436,59,53,1072,40077.0,3127,0
6,0,1,124952,1,7,8048,6460,14,53,-1588,15619.0,742,1
9,0,0,108762,4,6,9533,17722,89,27,8189,15537.42857142857,2403,1
0,0,2,75319,3,4,11569,13511,43,55,1942,15063.8,2365,1
6,0,1,164274,1,5,3501,4771,45,64,1270,27379.0,2880,1
9,0,0,115599,0,3,11836,16095,87,29,4259,28899.75,2523,1
1,2,1,48816,4,4,6455,9239,33,49,2784,9763.2,1617,1
9,0,2,99257,0,2,9159,15148,67,35,5989,33085.666666666664,2345,1
1,2,1,51724,4,6,12213,17549,44,48,5336,7389.142857142857,2112,1
7,1,2,27046,2,0,5293,4508,7,26,-785,27046.0,182,0
9,0,0,107355,0,2,4752,6484,29,34,1732,35785.0,986,2
9,0,0,128646,4,4,13577,11684,79,8,-1893,25729.2,632,1
0,0,2,93088,3,7,10753,8403,0,72,-2350,11636.0,0,1
3,2,1,210667,1,7,4303,7420,36,43,3117,26333.375,1548,1
9,0,0,118336,0,2,1784,2084,74,53,300,39445.333333333336,3922,1
3,2,1,80921,0,3,5487,3965,24,38,-1522,20230.25,912,1
0,0,2,78977,3,3,6356,7721,48,21,1365,19744.25,1008,1
4,2,2,107474,0,4,11710,11495,71,28,-215,21494.8,1988,1
4,1,0,41108,2,2,7934,9886,36,78,1952,13702.666666666666,2808,0
6,0,1,162768,1,7,13031,10573,46,55,-2458,20346.0,2530,1
9,0,0,129007,4,6,8264,7763,62,46,-501,18429.571428571428,2852,1
1,2,1,60263,4,4,14347,15257,54,89,910,12052.6,4806,1
8,1,2,44174,0,1,7965,5974,40,46,-1991,22087.0,1840,0
9,0,2,110462,0,5,7746,10778,47,49,3032,18410.333333333332,2303,1
8,1,2,45622,0,1,2064,2686,29,56,622,22811.0,1624,0
0,0,2,77900,3,5,1923,2087,18,27,164,12983.333333333334,486,2
0,0,2,95190,3,1,8292,13063,46,36,4771,47595.0,1656,1
8,1,2,48477,0,2,12282,16802,64,59,4520,16159.0,3776,0
4,2,2,92574,0,5,7469,12396,6,73,4927,15429.0,438,1
6,0,1,144418,1,5,2163,2851,0,47,688,24069.666666666668,0,1
4,2,2,83879,0,7,7451,5233,44,40,-2218,10484.875,1760,2
1,2,1,59822,4,4,4719,4191,44,55,-528,11964.4,2420,1
9,0,0,120171,0,2,8874,8304,65,38,-570,40057.0,2470,1
8,1,2,45354,0,4,3117,3121,53,72,4,9070.8,3816,0
3,2,1,169596,1,9,10681,26687,29,24,16006,16959.6,696,1
8,1,2,39533,0,2,9855,8809,28,45,-1046,13177.666666666666,1260,0
9,0,0,87222,0,1,10387,9817,92,15,-570,43611.0,1380,1
9,0,2,88960,0,2,830,1266,55,47,436,29653.333333333332,2585,1
6,0,1,174178,1,6,10632,13875,38,81,3243,24882.571428571428,3078,1
7,1,2,26107,2,1,1708,1480,72,33,-228,13053.5,2376,0
4,1,0,36736,2,0,8594,10160,30,57,1566,36736.0,1710,0
2,0,2,70492,0,1,5998,5981,25,64,-17,35246.0,1600,0
4,1,0,43489,2,3,5905,6771,0,46,866,10872.25,0,0
0,0,2,98805,3,4,10169,14661,44,33,4492,19761.0,1452,1
9,0,0,122338,4,4,13949,25328,49,63,11379,24467.6,3087,1
6,0,1,118460,1,8,11594,10927,56,23,-667,13162.222222222223,1288,1
5,0,2,69041,0,4,4228,6241,33,20,2013,13808.2,660,1
9,0,0,133715,4,3,12961,19716,52,62,6755,33428.75,3224,1
2,0,2,58526,0,2,13306,12828,49,51,-478,19508.666666666668,2499,0
0,0,2,90877,3,4,13204,12629,57,63,-575,18175.4,3591,1
6,0,1,143064,1,6,9610,7579,78,51,-2031,20437.714285714286,3978,1
9,0,0,126164,4,8,5555,9217,45,68,3662,14018.222222222223,3060,1
7,1,2,30288,2,1,14429,16083,37,43,1654,15144.0,1591,0
3,2,1,70360,0,3,5280,8018,32,35,2738,17590.0,1120,1
9,0,0,117940,4,4,2879,4315,85,80,1436,23588.0,6800,1
3,2,1,160872,1,9,13867,24555,3,54,10688,16087.2,162,1
8,1,2,37470,0,0,5378,6015,31,48,637,37470.0,1488,0
9,0,0,124895,4,4,14574,14155,62,53,-419,24979.0,3286,1
1,2,1,53361,4,7,3378,5016,9,39,1638,6670.125,351,1
9,0,0,121925,0,3,4535,3920,100,59,-615,30481.25,5900,1
9,0,0,150818,4,3,8223,17758,100,35,9535,37704.5,3500,1
4,2,2,92977,0,5,6579,10757,28,21,4178,15496.166666666666,588,2
8,1,2,47267,0,2,8144,6404,45,22,-1740,15755.666666666666,990,0
3,2,1,184695,1,5,10488,11952,25,28,1464,30782.5,700,1
9,0,0,126444,0,1,12269,11450,18,39,-819,63222.0,702,1
2,0,2,63390,0,2,10174,10589,39,45,415,21130.0,1755,2
4,1,0,43322,2,0,5173,4721,13,58,-452,43322.0,754,0
9,0,2,101281,0,3,1893,2808,54,82,915,25320.25,4428,1
0,0,2,96133,3,3,12087,14441,28,26,2354,24033.25,728,2
3,2,1,72535,0,3,5401,4879,14,45,-522,18133.75,630,1
8,1,2,45949,0,0,14965,12820,52,30,-2145,45949.0,1560,0
7,1,2,29725,2,3,4186,4729,30,57,543,7431.25,1710,0
6,0,1,144175,1,3,1124,904,29,33,-220,36043.75,957,1
3,2,1,81986,0,3,10088,8803,61,53,-1285,20496.5,3233,1
5,0,2,67652,0,1,2444,2824,44,50,380,33826.0,2200,1
7,1,2,35198,2,0,758,532,32,59,-226,35198.0,1888,0
9,0,0,110726,4,7,11695,22519,47,42,10824,13840.75,1974,1
9,0,0,109307,0,3,11528,10509,84,21,-1019,27326.75,1764,2
3,2,1,156492,1,7,2572,4241,46,74,1669,19561.5,3404,1
6,0,1,153118,1,7,13316,21333,49,74,8017,19139.75,3626,1
4,2,2,69316,0,3,1552,2251,40,5,699,17329.0,200,1
9,0,2,84408,0,3,14544,25027,38,30,10483,21102.0,1140,1
1,2,1,56996,4,8,2327,1993,59,53,-334,6332.888888888889,3127,1
9,0,0,144392,4,4,11728,13791,84,74,2063,28878.4,6216,1
9,0,0,123615,0,2,12683,9640,66,26,-3043,41205.0,1716,1
4,1,0,41527,2,0,8748,9038,55,26,290,41527.0,1430,0
9,0,2,97321,0,1,13936,13544,57,17,-392,48660.5,969,1
9,0,0,128735,4,4,3067,5481,57,60,2414,25747.0,3420,1
3,2,1,171722,1,8,9510,14662,27,63,5152,19080.222222222223,1701,1
8,1,2,37344,0,2,9793,8971,26,70,-822,12448.0,1820,0
4,2,2,100757,0,4,5779,5702,25,41,-77,20151.4,1025,1
9,0,2,97864,0,3,11631,9607,92,44,-2024,24466.0,4048,1
8,1,2,43922,0,3,13246,11088,32,34,-2158,10980.5,1088,0
9,0,0,101366,0,3,13162,22909,60,5,9747,25341.5,300,2
7,1,2,28274,2,1,2743,2328,40,55,-415,14137.0,2200,0
1,2,1,52314,4,5,11681,10865,12,8,-816,8719.0,96,1
5,0,2,63385,0,3,516,563,29,48,47,15846.25,1392,1
3,2,1,83052,0,5,5284,5344,8,63,60,13842.0,504,1
0,0,2,87063,3,4,10246,8774,21,38,-1472,17412.6,798,1
0,0,2,80654,3,5,12443,17327,27,23,4884,13442.333333333334,621,1
7,1,2,25000,2,0,14645,17458,11,44,2813,25000.0,484,0
9,0,0,106851,4,1,4666,4984,53,45,318,53425.5,2385,1
7,1,2,32138,2,0,1337,1389,56,32,52,32138.0,1792,0
4,2,2,107764,0,4,3409,4666,30,22,1257,21552.8,660,1
9,0,0,152773,4,3,13215,12723,72,74,-492,38193.25,5328,1
4,1,0,37786,2,1,13720,11711,47,30,-2009,18893.0,1410,0
9,0,2,75934,0,5,9682,12973,87,59,3291,12655.666666666666,5133,1
1,2,1,52209,4,2,10542,7442,0,56,-3100,17403.0,0,1
6,0,1,124609,1,5,3990,6707,0,48,2717,20768.166666666668,0,1
3,2,1,66376,0,3,6172,5692,48,25,-480,16594.0,1200,1
9,0,0,167529,4,3,10239,15957,50,50,5718,41882.25,2500,1
1,2,1,50887,4,4,7049,7627,40,32,578,10177.4,1280,1
4,2,2,91885,0,3,6997,11196,43,5,4199,22971.25,215,2
9,0,2,77311,0,5,11126,17549,58,23,6423,12885.166666666666,1334,1
2,0,2,78420,0,4,639,817,23,46,178,15684.0,1058,0
4,2,2,101161,0,4,12277,18755,32,8,6478,20232.2,256,2
2,0,2,73339,0,2,7186,10663,54,50,3477,24446.333333333332,2700,0
3,2,1,91437,0,4,6201,4769,19,37,-1432,18287.4,703,1
3,2,1,97070,0,4,1627,1856,38,10,229,19414.0,380,1
4,1,0,49675,2,2,12355,10208,27,33,-2147,16558.333333333332,891,0
9,0,2,89467,0,3,13423,17835,73,64,4412,22366.75,4672,1
1,2,1,47310,4,4,8773,11197,39,38,2424,9462.0,1482,1
9,0,0,112441,4,4,1737,2847,48,53,1110,22488.2,2544,1
0,0,2,76776,3,5,9502,8052,45,30,-1450,12796.0,1350,1
5,0,2,80121,0,1,3326,2617,34,25,-709,40060.5,850,1
9,0,0,130554,4,2,14776,28076,76,59,13300,43518.0,4484,1
9,0,0,89344,0,2,4492,3996,65,35,-496,29781.333333333332,2275,1
2,0,2,74264,0,1,6648,8952,35,17,2304,37132.0,595,0
9,0,0,107021,0,3,9437,10252,80,34,815,26755.25,2720,2
9,0,0,152312,4,7,2939,4584,94,69,1645,19039.0,6486,1
9,0,0,99524,0,3,4350,4910,47,68,560,24881.0,3196,1
3,2,1,77691,0,4,9460,12712,43,34,3252,15538.2,1462,1
7,1,2,35859,2,0,13543,13663,9,34,120,35859.0,306,0
9,0,0,168295,4,5,1016,1907,83,59,891,28049.166666666668,4897,1
4,1,0,49037,2,4,3727,3284,24,47,-443,9807.4,1128,2
6,0,1,130622,1,4,12825,15315,22,40,2490,26124.4,880,1
1,2,1,59983,4,2,2491,3261,51,36,770,19994.333333333332,1836,1
9,0,2,101427,0,2,7304,10897,74,48,3593,33809.0,3552,1
9,0,2,119629,0,4,9305,13745,89,65,4440,23925.8,5785,1
3,2,1,94119,0,3,11437,19868,40,21,8431,23529.75,840,1
3,2,1,87151,0,4,11991,9968,43,59,-2023,17430.2,2537,1
9,0,2,89848,0,3,12595,21615,34,79,9020,22462.0,2686,1
3,2,1,177162,1,6,706,1442,1,39,736,25308.85714285714,39,1
4,1,0,36711,2,1,8860,7537,36,42,-1323,18355.5,1512,0
4,1,0,46245,2,3,5517,6630,0,18,1113,11561.25,0,0
8,1,2,46679,0,1,8399,6007,47,34,-2392,23339.5,1598,0
9,0,0,119403,4,2,1200,1496,60,63,296,39801.0,3780,1
7,1,2,34196,2,1,2620,3172,39,47,552,17098.0,1833,0
2,0,2,63472,0,1,11948,13464,29,45,1516,31736.0,1305,0
4,2,2,85396,0,7,1325,1357,19,40,32,10674.5,760,1
6,0,1,142474,1,6,644,792,5,36,148,20353.428571428572,180,1
9,0,0,96888,0,1,7605,9924,65,25,2319,48444.0,1625,1
2,0,2,78651,0,1,9685,13532,63,21,3847,39325.5,1323,0
0,0,2,74116,3,4,13513,11656,19,51,-1857,14823.2,969,1
4,2,2,79324,0,2,11218,17430,40,63,6212,26441.333333333332,2520,1
0,0,2,99506,3,4,10439,14871,9,23,4432,19901.2,207,1
9,0,0,128728,0,1,3454,5203,77,47,1749,64364.0,3619,1
5,0,2,82410,0,0,605,580,29,47,-25,82410.0,1363,1
7,1,2,34319,2,2,1825,1391,29,52,-434,11439.666666666666,1508,0
6,0,1,132331,1,7,13297,20018,23,50,6721,16541.375,1150,1
4,2,2,92374,0,4,1818,1490,35,43,-328,18474.8,1505,2
2,0,2,88030,0,5,13583,11476,52,48,-2107,14671.666666666666,2496,2
7,1,2,28879,2,0,4752,5664,34,54,912,28879.0,1836,0
8,1,2,30391,0,2,10420,12476,13,59,2056,10130.333333333334,767,0
9,0,0,118586,4,3,10606,15286,90,43,4680,29646.5,3870,1
7,1,2,25000,2,2,6044,5759,38,49,-285,8333.333333333334,1862,0
0,0,2,97094,3,7,2382,2111,51,66,-271,12136.75,3366,1
9,0,0,143478,4,4,7930,8258,65,11,328,28695.6,715,1
5,0,2,69838,0,4,1782,1573,32,40,-209,13967.6,1280,1
5,0,2,72406,0,3,7809,7668,24,38,-141,18101.5,912,1
4,1,0,47195,2,1,12873,14764,16,32,1891,23597.5,512,0
1,2,1,61462,4,4,7303,9478,18,49,2175,12292.4,882,1
0,0,2,93065,3,4,7473,5700,28,27,-1773,18613.0,756,1
3,2,1,187880,1,7,6306,8094,29,58,1788,23485.0,1682,1
9,0,0,109745,0,4,2703,2428,84,41,-275,21949.0,3444,1
4,2,2,88859,0,2,14085,16676,61,69,2591,29619.666666666668,4209,1
6,0,1,165433,1,8,13219,14007,28,34,788,18381.444444444445,952,1
1,2,1,65032,4,6,4084,4955,25,45,871,9290.285714285714,1125,1
7,1,2,34990,2,0,6454,6867,34,62,413,34990.0,2108,0
9,0,2,89341,0,5,8016,11131,100,11,3115,14890.166666666666,1100,1
9,0,2,99875,0,2,9420,13769,68,47,4349,33291.666666666664,3196,1
5,0,2,66129,0,6,12746,13559,46,39,813,9447.0,1794,1
0,0,2,81384,3,3,1262,1242,4,35,-20,20346.0,140,1
4,1,0,53592,2,2,2790,2112,49,47,-678,17864.0,2303,0
3,2,1,96913,0,7,11236,22159,26,66,10923,12114.125,1716,1
3,2,1,84873,0,3,6738,5323,28,40,-1415,21218.25,1120,1
2,0,2,72402,0,0,5368,8566,20,61,3198,72402.0,1220,0
6,0,1,132995,1,5,6746,10484,46,68,3738,22165.833333333332,3128,1
5,0,2,67265,0,3,7451,9501,28,22,2050,16816.25,616,2
4,1,0,47611,2,1,4078,2949,0,54,-1129,23805.5,0,0
2,0,2,58108,0,2,11640,11992,29,19,352,19369.333333333332,551,0
9,0,0,122585,0,3,13697,17185,56,11,3488,30646.25,616,1
8,1,2,46368,0,2,13265,14452,0,21,1187,15456.0,0,0
3,2,1,76581,0,6,5385,6878,14,38,1493,10940.142857142857,532,1
3,2,1,93778,0,2,11492,17727,53,29,6235,31259.333333333332,1537,1
7,1,2,28867,2,0,3540,3582,17,32,42,28867.0,544,0
1,2,1,53003,4,4,4215,4658,2,27,443,10600.6,54,1
3,2,1,228689,1,12,7000,5638,21,83,-1362,17591.46153846154,1743,1
4,1,0,49802,2,2,7405,9367,19,33,1962,16600.666666666668,627,0
6,0,1,124311,1,5,7310,9890,49,65,2580,20718.5,3185,1
5,0,2,52783,0,2,945,668,47,21,-277,17594.333333333332,987,1
8,1,2,48131,0,0,5631,6742,0,34,1111,48131.0,0,0
1,2,1,67887,4,3,9763,6968,21,46,-2795,16971.75,966,1
3,2,1,210611,1,6,8864,7241,42,80,-1623,30087.285714285714,3360,1
6,0,1,135074,1,5,857,1463,34,32,606,22512.333333333332,1088,1
8,1,2,39812,0,2,9530,12143,41,59,2613,13270.666666666666,2419,0
4,2,2,56750,0,4,4290,3445,32,36,-845,11350.0,1152,2
9,0,0,114152,4,5,5059,4069,60,46,-990,19025.333333333332,2760,1
9,0,2,93785,0,5,8469,12316,79,45,3847,15630.833333333334,3555,1
6,0,1,146629,1,9,10997,9522,52,5,-1475,14662.9,260,1
8,1,2,34226,0,4,12442,14784,56,54,2342,6845.2,3024,0
4,1,0,40978,2,2,14310,13148,68,55,-1162,13659.333333333334,3740,0
4,2,2,106271,0,3,6144,8438,48,57,2294,26567.75,2736,2
9,0,0,143803,4,5,12735,27353,74,68,14618,23967.166666666668,5032,1
4,2,2,108060,0,4,12082,12270,25,27,188,21612.0,675,2
9,0,0,109911,0,0,11335,12253,63,54,918,109911.0,3402,2
5,0,2,58340,0,2,1444,1063,50,28,-381,19446.666666666668,1400,1
7,1,2,25000,2,0,10302,9973,31,48,-329,25000.0,1488,0
2,0,2,70579,0,1,1555,2247,33,40,692,35289.5,1320,0
6,0,1,139089,1,6,4829,8990,29,42,4161,19869.85714285714,1218,1
8,1,2,40371,0,1,12670,9252,28,38,-3418,20185.5,1064,2
3,2,1,216457,1,9,2043,3619,27,28,1576,21645.7,756,1
1,2,1,62274,4,6,7900,8322,15,32,422,8896.285714285714,480,1
9,0,0,126219,4,4,8914,13386,72,64,4472,25243.8,4608,1
2,0,2,65874,0,2,8361,10169,1,37,1808,21958.0,37,0
1,2,1,57605,4,1,3655,2923,51,23,-732,28802.5,1173,1
9,0,0,113236,0,3,9289,7407,23,54,-1882,28309.0,1242,1
5,0,2,63469,0,3,11911,16778,66,37,4867,15867.25,2442,2
4,2,2,81176,0,5,7061,9371,35,74,2310,13529.333333333334,2590,1
0,0,2,69848,3,3,14055,16602,52,20,2547,17462.0,1040,1
7,1,2,27706,2,0,11594,10158,40,52,-1436,27706.0,2080,0
1,2,1,46544,4,5,10540,11954,52,56,1414,7757.333333333333,2912,1
3,2,1,91821,0,3,4629,7438,39,26,2809,22955.25,1014,1
5,0,2,57651,0,3,5167,8264,75,79,3097,14412.75,5925,2
3,2,1,151048,1,6,7853,12028,58,31,4175,21578.285714285714,1798,1
3,2,1,197010,1,8,1431,2812,10,62,1381,21890.0,620,1
9,0,0,136218,4,3,14725,19381,86,35,4656,34054.5,3010,1
9,0,0,107263,0,4,8533,7818,63,55,-715,21452.6,3465,1
9,0,0,137421,0,5,5073,6444,84,20,1371,22903.5,1680,2
0,0,2,74887,3,5,7204,10514,29,5,3310,12481.166666666666,145,1
8,1,2,36111,0,0,6331,6754,0,13,423,36111.0,0,0
4,1,0,41844,2,2,2055,2079,8,44,24,13948.0,352,0
3,2,1,205016,1,3,9257,10961,56,47,1704,51254.0,2632,1
6,0,1,155595,1,5,654,484,33,60,-170,25932.5,1980,1
9,0,0,96271,0,3,8569,9216,68,19,647,24067.75,1292,1
3,2,1,69922,0,3,13620,13549,14,31,-71,17480.5,434,1
8,1,2,40417,0,0,14615,13804,72,40,-811,40417.0,2880,2
9,0,0,115446,0,3,7183,9754,52,38,2571,28861.5,1976,1
0,0,2,72606,3,5,2042,2834,11,27,792,12101.0,297,1
3,2,1,168497,1,6,8052,16556,16,38,8504,24071.0,608,1
0,0,2,82931,3,4,6273,7812,37,38,1539,16586.2,1406,1
0,0,2,73596,3,6,3416,2745,38,37,-671,10513.714285714286,1406,2
9,0,0,134526,0,1,7357,9871,54,19,2514,67263.0,1026,1
2,0,2,61350,0,3,10474,8558,26,56,-1916,15337.5,1456,0
9,0,2,93618,0,3,8495,10896,54,72,2401,23404.5,3888,1
1,2,1,47317,4,3,1663,2214,32,34,551,11829.25,1088,1
3,2,1,190198,1,7,14249,19899,36,44,5650,23774.75,1584,1
1,2,1,56296,4,4,14474,21302,18,44,6828,11259.2,792,1
3,2,1,91465,0,4,10015,11254,44,28,1239,18293.0,1232,1
9,0,0,65899,4,4,6921,9759,49,27,2838,13179.8,1323,1
9,0,0,154310,4,6,11931,19292,32,10,7361,22044.285714285714,320,1
9,0,0,91206,0,4,13010,12787,75,54,-223,18241.2,4050,2
3,2,1,65915,0,4,13988,16924,42,74,2936,13183.0,3108,1
5,0,2,62207,0,6,1759,1464,30,19,-295,8886.714285714286,570,1
5,0,2,75846,0,2,6202,9212,70,26,3010,25282.0,1820,2
4,2,2,93697,0,4,11694,13014,19,73,1320,18739.4,1387,2
9,0,0,121736,0,2,6873,10102,60,63,3229,40578.666666666664,3780,2
4,2,2,90469,0,2,11822,19241,38,33,7419,30156.333333333332,1254,2
8,1,2,42164,0,1,2474,2828,37,67,354,21082.0,2479,0
9,0,0,107973,0,2,8203,13069,63,44,4866,35991.0,2772,2
0,0,2,72233,3,5,9132,12303,39,58,3171,12038.833333333334,2262,1
2,0,2,73175,0,4,9976,11912,19,62,1936,14635.0,1178,2
4,2,2,91175,0,2,14391,23715,18,36,9324,30391.666666666668,648,1
2,0,2,86846,0,3,11792,10313,17,21,-1479,21711.5,357,0
0,0,2,83121,3,4,1422,1102,22,55,-320,16624.2,1210,1
5,0,2,71279,0,3,11519,15748,47,17,4229,17819.75,799,2
3,2,1,153522,1,5,6353,8388,42,35,2035,25587.0,1470,1
7,1,2,30086,2,3,8952,8086,25,46,-866,7521.5,1150,0
1,2,1,53719,4,7,4184,3864,41,28,-320,6714.875,1148,1
4,1,0,53176,2,1,7399,5721,55,54,-1678,26588.0,2970,0
3,2,1,102295,0,5,10292,12372,47,27,2080,17049.166666666668,1269,1
1,2,1,58198,4,5,12927,16465,28,95,3538,9699.666666666666,2660,1
9,0,0,138957,4,6,8394,7507,69,34,-887,19851.0,2346,1
4,1,0,56708,2,5,4068,4083,38,30,15,9451.333333333334,1140,0
3,2,1,100903,0,2,3025,4584,42,58,1559,33634.333333333336,2436,1
6,0,1,138860,1,6,5778,6155,53,52,377,19837.14285714286,2756,1
9,0,0,97470,0,4,7675,13365,72,74,5690,19494.0,5328,1
9,0,0,86780,0,2,14158,12286,78,74,-1872,28926.666666666668,5772,1
4,1,0,41080,2,1,12620,9260,44,35,-3360,20540.0,1540,0
7,1,2,28789,2,0,9636,8271,39,5,-1365,28789.0,195,0
3,2,1,96364,0,4,12608,23507,60,67,10899,19272.8,4020,1
0,0,2,77275,3,7,8586,7213,69,34,-1373,9659.375,2346,1
6,0,1,137044,1,7,3440,5233,55,38,1793,17130.5,2090,1
0,0,2,68927,3,4,12021,17333,15,48,5312,13785.4,720,1
4,1,0,44144,2,0,3578,4051,65,47,473,44144.0,3055,0
4,2,2,87124,0,3,1111,964,9,21,-147,21781.0,189,1
4,1,0,41278,2,5,9380,6769,82,39,-2611,6879.666666666667,3198,2
9,0,2,97218,0,5,9862,15419,95,33,5557,16203.0,3135,2
2,0,2,67434,0,3,6365,7328,66,46,963,16858.5,3036,0
9,0,0,121339,0,2,14013,22039,72,48,8026,40446.333333333336,3456,1
4,1,0,44923,2,1,13157,10622,43,63,-2535,22461.5,2709,0
2,0,2,63520,0,1,5715,8966,24,57,3251,31760.0,1368,2
9,0,0,117216,0,0,5643,6367,43,34,724,117216.0,1462,2
9,0,2,88912,0,3,13213,10924,81,14,-2289,22228.0,1134,1
3,2,1,186102,1,8,4470,7196,23,28,2726,20678.0,644,1
6,0,1,106073,1,5,13145,13384,56,33,239,17678.833333333332,1848,1
3,2,1,184170,1,8,7052,15014,9,41,7962,20463.333333333332,369,1
3,2,1,76039,0,4,12573,20017,54,35,7444,15207.8,1890,1
4,2,2,85591,0,5,10686,13608,62,33,2922,14265.166666666666,2046,1
3,2,1,85700,0,5,10119,12431,19,56,2312,14283.333333333334,1064,1
4,1,0,38286,2,3,11339,11465,21,37,126,9571.5,777,0
7,1,2,25891,2,3,14949,14192,25,25,-757,6472.75,625,0
1,2,1,49089,4,4,8115,6089,0,35,-2026,9817.8,0,1
3,2,1,79592,0,2,5047,7711,34,57,2664,26530.666666666668,1938,1
1,2,1,57402,4,3,12775,11003,60,59,-1772,14350.5,3540,1
3,2,1,180647,1,9,14692,23612,37,54,8920,18064.7,1998,1
4,1,0,43868,2,2,2263,2650,24,40,387,14622.666666666666,960,0
5,0,2,55811,0,3,10921,16586,48,28,5665,13952.75,1344,1
7,1,2,29612,2,0,11163,10024,55,34,-1139,29612.0,1870,0
8,1,2,37840,0,1,7061,6952,46,35,-109,18920.0,1610,0
9,0,0,116332,0,5,1590,1389,77,15,-201,19388.666666666668,1155,1
9,0,2,63236,0,4,10685,15630,80,22,4945,12647.2,1760,1
9,0,2,80051,0,3,7525,8530,75,43,1005,20012.75,3225,1
9,0,0,111805,4,1,8335,6462,71,34,-1873,55902.5,2414,1
9,0,0,94283,0,3,8345,11070,73,49,2725,23570.75,3577,1
4,1,0,38886,2,1,5312,6890,33,38,1578,19443.0,1254,0
4,1,0,46033,2,2,3453,4391,28,49,938,15344.333333333334,1372,0
9,0,0,128467,4,4,11157,19118,100,29,7961,25693.4,2900,1
3,2,1,53894,0,1,3297,6404,29,61,3107,26947.0,1769,1
9,0,0,105847,0,3,11777,18108,50,29,6331,26461.75,1450,1
1,2,1,63796,4,5,14910,17719,26,40,2809,10632.666666666666,1040,1
4,2,2,83142,0,5,13760,15728,45,33,1968,13857.0,1485,2
8,1,2,44028,0,2,11538,12326,58,53,788,14676.0,3074,0
9,0,0,141136,4,5,12517,9636,82,55,-2881,23522.666666666668,4510,1
8,1,2,39626,0,3,5622,4745,37,61,-877,9906.5,2257,0
6,0,1,131568,1,5,736,1370,46,28,634,21928.0,1288,1
6,0,1,135596,1,8,9417,17874,24,28,8457,15066.222222222223,672,1
3,2,1,94989,0,3,13458,12772,57,32,-686,23747.25,1824,1
2,0,2,75992,0,5,4898,3799,63,33,-1099,12665.333333333334,2079,2
2,0,2,76342,0,2,12964,18600,15,60,5636,25447.333333333332,900,0
0,0,2,88669,3,5,14475,17525,22,33,3050,14778.166666666666,726,1
9,0,0,153455,4,5,11467,20027,75,45,8560,25575.833333333332,3375,1
9,0,0,130823,4,6,11856,13330,80,20,1474,18689.0,1600,1
9,0,2,86164,0,5,13746,10894,100,51,-2852,14360.666666666666,5100,1
9,0,0,148070,4,5,11931,14136,76,65,2205,24678.333333333332,4940,1
2,0,2,76190,0,3,7696,9728,34,54,2032,19047.5,1836,0
7,1,2,25416,2,1,11994,14222,15,39,2228,12708.0,585,0
9,0,0,125853,0,4,11449,16076,62,42,4627,25170.6,2604,1
8,1,2,42748,0,0,11270,12027,27,57,757,42748.0,1539,0
7,1,2,31497,2,0,7324,7919,44,24,595,31497.0,1056,0
9,0,0,120941,4,4,10538,9469,76,49,-1069,24188.2,3724,1
2,0,2,65758,0,3,2188,2227,13,23,39,16439.5,299,0
5,0,2,62308,0,0,6259,7317,61,15,1058,62308.0,915,2
3,2,1,179709,1,6,9333,11418,45,41,2085,25672.714285714286,1845,1
4,1,0,39376,2,1,1564,1763,43,20,199,19688.0,860,0
5,0,2,44478,0,5,1137,1286,31,52,149,7413.0,1612,1
2,0,2,72228,0,4,14112,16324,42,28,2212,14445.6,1176,0
2,0,2,76146,0,2,14242,22586,66,61,8344,25382.0,4026,0
9,0,0,127087,0,4,11712,14232,88,55,2520,25417.4,4840,1
9,0,0,118075,4,5,8832,13757,69,13,4925,19679.166666666668,897,1
8,1,2,36128,0,0,14591,19114,25,55,4523,36128.0,1375,2
3,2,1,96112,0,3,13964,17201,1,41,3237,24028.0,41,1
9,0,0,99561,4,2,11034,10976,94,54,-58,33187.0,5076,1
7,1,2,30168,2,0,6780,8105,66,28,1325,30168.0,1848,0
3,2,1,152609,1,8,4877,4518,33,50,-359,16956.555555555555,1650,1
4,1,0,41071,2,2,9968,6999,46,48,-2969,13690.333333333334,2208,0
9,0,0,151140,4,5,1077,2089,73,24,1012,25190.0,1752,1
9,0,2,97357,0,3,8368,8050,66,22,-318,24339.25,1452,1
4,1,0,39863,2,0,6752,4943,39,47,-1809,39863.0,1833,0
3,2,1,161465,1,9,11378,15381,46,52,4003,16146.5,2392,1
3,2,1,147485,1,8,3338,5902,57,63,2564,16387.222222222223,3591,1
3,2,1,165477,1,8,6184,7593,11,60,1409,18386.333333333332,660,1
9,0,2,104380,0,7,9302,9574,89,43,272,13047.5,3827,1
9,0,0,110786,0,3,9817,9026,50,42,-791,27696.5,2100,1
9,0,0,139798,0,4,14176,18817,86,44,4641,27959.6,3784,1
3,2,1,70617,0,2,13979,21153,18,50,7174,23539.0,900,1
4,2,2,93255,0,3,12861,15402,30,42,2541,23313.75,1260,2
3,2,1,194629,1,8,11588,18193,30,46,6605,21625.444444444445,1380,1
0,0,2,85644,3,3,10676,15758,51,62,5082,21411.0,3162,2
4,2,2,91414,0,2,13508,17035,55,24,3527,30471.333333333332,1320,2
9,0,0,130010,4,1,5094,11334,80,41,6240,65005.0,3280,1
2,0,2,81608,0,1,536,580,58,73,44,40804.0,4234,0
8,1,2,45149,0,1,11532,11392,23,34,-140,22574.5,782,0
1,2,1,55840,4,4,12700,12813,44,5,113,11168.0,220,1
2,0,2,76763,0,1,7219,9934,38,61,2715,38381.5,2318,0
9,0,2,105551,0,3,13704,22442,72,23,8738,26387.75,1656,1
3,2,1,68831,0,6,8976,15529,64,30,6553,9833.0,1920,1
3,2,1,201909,1,7,4269,5693,7,53,1424,25238.625,371,1
2,0,2,54972,0,0,3919,4414,28,34,495,54972.0,952,2
7,1,2,27853,2,2,2179,2326,17,41,147,9284.333333333334,697,0
8,1,2,46528,0,2,7646,7796,17,41,150,15509.333333333334,697,2
2,0,2,73961,0,2,12487,15699,41,56,3212,24653.666666666668,2296,0
1,2,1,58521,4,6,7621,10335,18,55,2714,8360.142857142857,990,1
4,2,2,81976,0,3,5218,6393,51,45,1175,20494.0,2295,1
2,0,2,66868,0,2,4581,4188,65,45,-393,22289.333333333332,2925,0
9,0,0,176164,4,4,6786,11315,100,24,4529,35232.8,2400,1
9,0,0,121299,4,3,9584,12344,52,54,2760,30324.75,2808,1
7,1,2,30683,2,2,841,983,41,59,142,10227.666666666666,2419,0
2,0,2,72669,0,0,3845,4138,62,34,293,72669.0,2108,0
0,0,2,85808,3,3,14145,16058,23,14,1913,21452.0,322,1
3,2,1,184409,1,9,14622,36183,19,39,21561,18440.9,741,1
9,0,0,140543,4,2,12937,11060,67,48,-1877,46847.666666666664,3216,1
3,2,1,62037,0,4,9069,8148,37,69,-921,12407.4,2553,1
7,1,2,35103,2,0,10474,9979,33,48,-495,35103.0,1584,0
6,0,1,155004,1,6,8357,12759,49,54,4402,22143.428571428572,2646,1
9,0,2,95603,0,3,9827,12831,68,19,3004,23900.75,1292,1
4,2,2,93376,0,3,10413,8684,49,34,-1729,23344.0,1666,1
2,0,2,67744,0,2,5853,8664,33,67,2811,22581.333333333332,2211,2
7,1,2,34745,2,0,10345,10068,0,28,-277,34745.0,0,0
0,0,2,84032,3,4,14621,20368,35,27,5747,16806.4,945,1
8,1,2,36825,0,1,5876,5192,37,78,-684,18412.5,2886,0
2,0,2,73767,0,3,8002,8515,37,33,513,18441.75,1221,0
4,2,2,86219,0,3,9502,12247,44,59,2745,21554.75,2596,1
9,0,2,81864,0,3,574,934,86,58,360,20466.0,4988,1
4,2,2,75482,0,2,10197,10820,17,77,623,25160.666666666668,1309,2
7,1,2,30533,2,3,4988,4350,24,64,-638,7633.25,1536,0
1,2,1,41889,4,5,8833,12309,52,49,3476,6981.5,2548,1
9,0,2,91211,0,2,5001,4991,92,83,-10,30403.666666666668,7636,2
4,1,0,42000,2,1,12455,11313,50,43,-1142,21000.0,2150,0
3,2,1,83058,0,2,7085,13464,42,57,6379,27686.0,2394,1
1,2,1,57825,4,5,7604,7670,46,74,66,9637.5,3404,1
5,0,2,63355,0,2,10150,11386,22,38,1236,21118.333333333332,836,2
3,2,1,182615,1,11,9992,20745,41,53,10753,15217.916666666666,2173,1
5,0,2,59323,0,3,768,644,42,67,-124,14830.75,2814,1
4,1,0,58207,2,3,2244,2647,38,47,403,14551.75,1786,0
4,1,0,49192,2,3,14481,11284,18,74,-3197,12298.0,1332,0
0,0,2,72659,3,4,14644,19130,28,50,4486,14531.8,1400,1
3,2,1,185563,1,8,1343,2579,79,95,1236,20618.11111111111,7505,1
0,0,2,97630,3,8,4773,3875,28,93,-898,10847.777777777777,2604,1
5,0,2,59323,0,1,1844,1433,20,50,-411,29661.5,1000,1
9,0,0,128105,4,2,12930,11120,54,45,-1810,42701.666666666664,2430,1
4,2,2,83090,0,3,9078,11857,55,72,2779,20772.5,3960,1
4,2,2,96617,0,2,12228,12931,41,59,703,32205.666666666668,2419,2
9,0,0,108618,0,1,6016,10484,76,33,4468,54309.0,2508,2
5,0,2,56747,0,4,14086,17639,46,11,3553,11349.4,506,2
8,1,2,45220,0,1,7580,8474,19,60,894,22610.0,1140,0
9,0,0,141570,4,3,11192,17186,72,64,5994,35392.5,4608,1
9,0,0,105896,0,4,9393,9844,100,54,451,21179.2,5400,1
8,1,2,46714,0,4,827,857,38,77,30,9342.8,2926,0
8,1,2,42902,0,0,8551,10252,19,68,1701,42902.0,1292,0
2,0,2,63711,0,0,9723,14478,52,49,4755,63711.0,2548,0
9,0,2,71365,0,3,5154,8508,55,50,3354,17841.25,2750,1
7,1,2,33149,2,1,10505,12416,15,38,1911,16574.5,570,0
3,2,1,160176,1,8,8972,20903,63,42,11931,17797.333333333332,2646,1
9,0,0,115515,4,4,14966,17015,60,23,2049,23103.0,1380,1
7,1,2,33267,2,2,12943,10304,27,37,-2639,11089.0,999,0
3,2,1,93490,0,3,5990,4638,21,59,-1352,23372.5,1239,1
8,1,2,42442,0,1,14538,12103,40,67,-2435,21221.0,2680,2
4,2,2,94031,0,0,4257,4684,25,37,427,94031.0,925,2
7,1,2,31066,2,2,5593,6588,55,63,995,10355.333333333334,3465,0
9,0,0,146759,4,6,14013,13745,82,43,-268,20965.571428571428,3526,1
6,0,1,111789,1,6,3415,5958,13,41,2543,15969.857142857143,533,1
8,1,2,42738,0,3,1681,1578,41,9,-103,10684.5,369,0
0,0,2,83803,3,5,12018,15390,0,45,3372,13967.166666666666,0,1
3,2,1,161744,1,9,3249,5416,12,72,2167,16174.4,864,1
4,2,2,82490,0,4,7802,12094,42,68,4292,16498.0,2856,2
2,0,2,69522,0,3,1045,1250,14,54,205,17380.5,756,2
7,1,2,31635,2,2,1412,1622,33,54,210,10545.0,1782,0
1,2,1,52269,4,6,5803,6195,54,23,392,7467.0,1242,1
8,1,2,42916,0,1,12699,16140,55,62,3441,21458.0,3410,0
4,2,2,94669,0,4,6666,6298,25,26,-368,18933.8,650,2
1,2,1,55259,4,6,13436,14409,30,58,973,7894.142857142857,1740,1
3,2,1,73008,0,1,7238,9811,19,65,2573,36504.0,1235,1
1,2,1,46952,4,5,11097,11715,53,25,618,7825.333333333333,1325,1
3,2,1,172639,1,5,4505,5772,35,21,1267,28773.166666666668,735,1
0,0,2,73922,3,4,9663,9129,58,30,-534,14784.4,1740,1
3,2,1,76062,0,4,6813,9642,34,85,2829,15212.4,2890,1
7,1,2,27288,2,2,8891,10979,49,31,2088,9096.0,1519,0
9,0,2,102674,0,3,810,883,48,35,73,25668.5,1680,1
9,0,0,163176,4,3,13112,18322,67,72,5210,40794.0,4824,1
0,0,2,69850,3,7,13019,16192,6,20,3173,8731.25,120,1
5,0,2,69717,0,1,9499,14929,26,37,5430,34858.5,962,1
8,1,2,43865,0,4,10348,8156,27,46,-2192,8773.0,1242,0
9,0,0,96182,0,1,13713,21615,77,77,7902,48091.0,5929,1
3,2,1,92898,0,4,3914,6406,53,62,2492,18579.6,3286,1
4,2,2,91875,0,3,5316,4044,55,56,-1272,22968.75,3080,1
0,0,2,64002,3,2,6543,8574,34,43,2031,21334.0,1462,1
6,0,1,165031,1,7,14725,24465,67,86,9740,20628.875,5762,1
5,0,2,61398,0,4,6238,6306,67,40,68,12279.6,2680,1
8,1,2,37576,0,5,12935,15084,0,46,2149,6262.666666666667,0,0
9,0,0,131986,4,2,4042,5817,37,55,1775,43995.333333333336,2035,1
7,1,2,29518,2,2,7298,7615,37,63,317,9839.333333333334,2331,0
9,0,0,146590,4,2,3683,7356,68,74,3673,48863.333333333336,5032,1
9,0,2,95960,0,5,4657,5022,78,48,365,15993.333333333334,3744,1
3,2,1,63898,0,6,5108,8118,36,12,3010,9128.285714285714,432,1
3,2,1,76138,0,2,10250,16655,23,56,6405,25379.333333333332,1288,1
8,1,2,40052,0,2,8834,6348,36,41,-2486,13350.666666666666,1476,0
8,1,2,41862,0,0,12742,12862,13,66,120,41862.0,858,0
9,0,2,116635,0,5,2219,3252,81,54,1033,19439.166666666668,4374,1
9,0,0,126394,0,4,11547,17664,60,11,6117,25278.8,660,1
9,0,2,110147,0,3,4142,6587,38,46,2445,27536.75,1748,1
5,0,2,55617,0,2,11635,11439,42,46,-196,18539.0,1932,1
9,0,0,93689,0,2,8311,9834,83,31,1523,31229.666666666668,2573,2
5,0,2,59114,0,3,14963,15452,6,61,489,14778.5,366,1
0,0,2,79372,3,5,2532,4151,8,16,1619,13228.666666666666,128,2
2,0,2,83143,0,5,5086,7924,18,54,2838,13857.166666666666,972,2
5,0,2,73987,0,2,8062,10297,38,29,2235,24662.333333333332,1102,1
9,0,0,125297,4,6,11562,11090,82,77,-472,17899.571428571428,6314,1
6,0,1,178745,1,6,2726,4732,83,48,2006,25535.0,3984,1
9,0,2,94593,0,4,6929,6211,100,45,-718,18918.6,4500,1
1,2,1,54773,4,5,5630,5666,35,16,36,9128.833333333334,560,1
1,2,1,49698,4,5,10563,13785,25,33,3222,8283.0,825,1
6,0,1,145603,1,8,10419,14603,47,32,4184,16178.111111111111,1504,1
0,0,2,78340,3,5,8624,8679,63,60,55,13056.666666666666,3780,2
4,2,2,103414,0,4,8623,10718,54,40,2095,20682.8,2160,2
3,2,1,190598,1,8,4966,10434,43,35,5468,21177.555555555555,1505,1
3,2,1,105742,0,6,4422,7833,77,20,3411,15106.0,1540,1
0,0,2,88116,3,5,8731,10170,41,64,1439,14686.0,2624,1
9,0,0,140768,4,4,10124,7798,81,65,-2326,28153.6,5265,1
0,0,2,86871,3,5,3617,2716,23,24,-901,14478.5,552,1
4,1,0,38353,2,2,8031,6224,42,37,-1807,12784.333333333334,1554,0
6,0,1,125903,1,10,14030,12345,43,42,-1685,11445.727272727272,1806,1
4,2,2,71592,0,3,13345,16181,59,78,2836,17898.0,4602,2
5,0,2,65436,0,2,6878,9437,7,23,2559,21812.0,161,1
8,1,2,45618,0,3,9635,8694,6,53,-941,11404.5,318,0
2,0,2,83960,0,2,909,1108,31,44,199,27986.666666666668,1364,0
0,0,2,99869,3,6,2962,4727,60,61,1765,14267.0,3660,1
0,0,2,49554,3,4,8364,8071,9,40,-293,9910.8,360,1
5,0,2,50788,0,3,6311,9360,21,41,3049,12697.0,861,2
2,0,2,80577,0,1,10277,13247,47,39,2970,40288.5,1833,0
7,1,2,29364,2,0,3772,4707,36,45,935,29364.0,1620,0
9,0,0,95154,0,2,1745,2981,77,23,1236,31718.0,1771,1
4,2,2,87501,0,4,8219,11725,35,36,3506,17500.2,1260,1
3,2,1,76890,0,4,13229,18523,19,60,5294,15378.0,1140,1
9,0,0,128343,4,4,10690,16009,74,50,5319,25668.6,3700,1
9,0,0,106756,4,3,13423,11477,71,62,-1946,26689.0,4402,1
3,2,1,101016,0,6,12257,16117,70,65,3860,14430.857142857143,4550,1
3,2,1,165525,1,9,14444,25131,29,43,10687,16552.5,1247,1
4,1,0,52533,2,3,1048,1069,1,64,21,13133.25,64,0
7,1,2,28636,2,4,7027,7946,51,78,919,5727.2,3978,0
4,1,0,49762,2,2,8794,11086,39,65,2292,16587.333333333332,2535,0
9,0,2,90914,0,3,12703,10059,69,19,-2644,22728.5,1311,1
4,1,0,47343,2,0,4815,3440,10,79,-1375,47343.0,790,0
9,0,2,94512,0,4,9107,8324,73,47,-783,18902.4,3431,1
3,2,1,89364,0,2,11267,17028,53,28,5761,29788.0,1484,1
7,1,2,25000,2,1,4530,4738,48,45,208,12500.0,2160,0
9,0,0,140678,4,2,3781,7023,67,41,3242,46892.666666666664,2747,1
8,1,2,30572,0,0,7542,10445,26,28,2903,30572.0,728,2
3,2,1,79609,0,3,11699,17795,0,55,6096,19902.25,0,1
0,0,2,82888,3,4,1103,1141,17,42,38,16577.6,714,1
5,0,2,64141,0,5,973,1292,39,54,319,10690.166666666666,2106,1
4,1,0,40463,2,2,1789,2289,35,51,500,13487.666666666666,1785,0
9,0,0,139853,4,2,12552,19543,69,86,6991,46617.666666666664,5934,1
0,0,2,77445,3,3,5540,8983,40,33,3443,19361.25,1320,1
4,2,2,71353,0,3,11406,10094,11,40,-1312,17838.25,440,2
0,0,2,105087,3,3,7404,10935,72,25,3531,26271.75,1800,2
9,0,0,110906,0,5,10330,7234,85,29,-3096,18484.333333333332,2465,1
1,2,1,55795,4,6,9801,10267,42,39,466,7970.714285714285,1638,1
4,1,0,47063,2,0,7038,5503,64,12,-1535,47063.0,768,0
9,0,0,96395,0,3,1921,1430,58,45,-491,24098.75,2610,1
9,0,0,108394,0,3,11687,16339,65,13,4652,27098.5,845,1
1,2,1,61191,4,5,4023,2838,20,48,-1185,10198.5,960,1
4,2,2,62130,0,3,5033,7543,0,24,2510,15532.5,0,1
8,1,2,45346,0,2,1753,1478,54,51,-275,15115.333333333334,2754,0
4,1,0,41839,2,1,5520,4646,25,46,-874,20919.5,1150,0
5,0,2,63655,0,2,7464,8265,36,51,801,21218.333333333332,1836,1
1,2,1,55963,4,4,11032,9987,14,17,-1045,11192.6,238,1
1,2,1,51912,4,3,8476,6007,39,42,-2469,12978.0,1638,1
2,0,2,70354,0,1,12305,12950,30,53,645,35177.0,1590,0
4,1,0,37484,2,4,10060,8943,63,39,-1117,7496.8,2457,0
8,1,2,40368,0,3,11497,8612,56,20,-2885,10092.0,1120,0
1,2,1,61778,4,2,2912,3809,1,57,897,20592.666666666668,57,2
9,0,0,103399,4,3,12630,21781,83,41,9151,25849.75,3403,1
4,1,0,46432,2,2,2681,3229,19,83,548,15477.333333333334,1577,0
8,1,2,43221,0,3,6121,6713,10,62,592,10805.25,620,0
3,2,1,187918,1,7,6642,11003,39,7,4361,23489.75,273,1
1,2,1,54073,4,5,11016,9228,33,36,-1788,9012.166666666666,1188,1
9,0,0,100938,0,3,5025,4779,73,41,-246,25234.5,2993,1
4,1,0,44974,2,0,4312,4516,30,15,204,44974.0,450,2
9,0,0,120606,4,6,12460,16597,44,42,4137,17229.428571428572,1848,1
3,2,1,185776,1,8,12040,29171,27,68,17131,20641.777777777777,1836,1
5,0,2,61495,0,4,7427,5577,55,18,-1850,12299.0,990,2
0,0,2,97754,3,5,784,584,27,44,-200,16292.333333333334,1188,2
2,0,2,63324,0,3,14232,21213,0,54,6981,15831.0,0,0
3,2,1,93989,0,5,4464,7318,5,50,2854,15664.833333333334,250,1
1,2,1,57281,4,5,7419,8986,35,32,1567,9546.833333333334,1120,1
6,0,1,126502,1,4,3048,5173,1,60,2125,25300.4,60,1
2,0,2,78602,0,2,1397,1119,68,23,-278,26200.666666666668,1564,0
9,0,0,110843,0,4,4043,4410,38,36,367,22168.6,1368,1
1,2,1,59148,4,6,6865,5806,22,40,-1059,8449.714285714286,880,1
9,0,0,149752,4,2,5551,10863,39,38,5312,49917.333333333336,1482,1
2,0,2,66463,0,1,7890,9682,29,53,1792,33231.5,1537,2
9,0,2,107124,0,4,9540,10774,73,35,1234,21424.8,2555,1
0,0,2,62990,3,5,1979,1848,39,32,-131,10498.333333333334,1248,2
5,0,2,82326,0,2,12513,10208,14,40,-2305,27442.0,560,2
7,1,2,27946,2,1,3246,3636,48,38,390,13973.0,1824,0
5,0,2,65705,0,0,5402,3884,16,30,-1518,65705.0,480,1
0,0,2,76506,3,6,2600,4096,34,6,1496,10929.42857142857,204,1
9,0,2,98468,0,3,5862,4772,84,41,-1090,24617.0,3444,1
2,0,2,86085,0,0,5120,7282,54,31,2162,86085.0,1674,0
9,0,0,127494,4,4,12727,21977,82,62,9250,25498.8,5084,1
6,0,1,134136,1,7,12329,11468,46,43,-861,16767.0,1978,1
4,2,2,82567,0,5,8766,13235,58,31,4469,13761.166666666666,1798,1
3,2,1,89052,0,4,4197,4295,4,67,98,17810.4,268,1
9,0,0,110654,0,3,9302,9742,100,48,440,27663.5,4800,1
8,1,2,44693,0,0,5580,4722,37,62,-858,44693.0,2294,0
5,0,2,61034,0,3,5455,7318,45,60,1863,15258.5,2700,1
9,0,2,88217,0,2,1977,2812,46,27,835,29405.666666666668,1242,2
6,0,1,130875,1,6,6504,8012,50,21,1508,18696.428571428572,1050,1
1,2,1,46125,4,4,11547,10951,22,47,-596,9225.0,1034,1
9,0,0,135689,4,2,2815,3582,56,32,767,45229.666666666664,1792,1
1,2,1,58496,4,4,6625,5977,36,72,-648,11699.2,2592,1
2,0,2,67777,0,1,7355,7244,20,73,-111,33888.5,1460,0
1,2,1,57994,4,6,13848,16793,48,41,2945,8284.857142857143,1968,1
7,1,2,34080,2,3,3941,3767,38,56,-174,8520.0,2128,0
6,0,1,131837,1,7,9138,8688,38,69,-450,16479.625,2622,1
7,1,2,25000,2,0,10948,10745,26,6,-203,25000.0,156,0
4,1,0,45393,2,4,2448,3057,19,57,609,9078.6,1083,0
1,2,1,59444,4,5,10368,12017,38,65,1649,9907.333333333334,2470,1
7,1,2,25000,2,0,14865,15285,42,31,420,25000.0,1302,0
4,2,2,89503,0,4,10656,11681,26,53,1025,17900.6,1378,1
4,2,2,95313,0,4,9959,12516,23,63,2557,19062.6,1449,1
2,0,2,75813,0,3,12065,9404,45,29,-2661,18953.25,1305,0
6,0,1,126556,1,5,3298,2355,19,17,-943,21092.666666666668,323,1
8,1,2,42798,0,0,5911,7751,82,35,1840,42798.0,2870,2
4,2,2,99946,0,3,9000,10316,43,70,1316,24986.5,3010,1
8,1,2,37062,0,1,8048,5760,18,22,-2288,18531.0,396,0
4,2,2,81957,0,3,10671,8069,21,35,-2602,20489.25,735,2
9,0,2,108203,0,5,9315,11964,43,64,2649,18033.833333333332,2752,1
0,0,2,88610,3,6,2090,2976,43,37,886,12658.57142857143,1591,1
9,0,2,91384,0,6,5596,8094,89,66,2498,13054.857142857143,5874,1
4,2,2,97856,0,3,9870,11186,29,54,1316,24464.0,1566,1
1,2,1,53150,4,4,12238,14263,35,46,2025,10630.0,1610,1
4,1,0,59353,2,4,1409,1375,74,49,-34,11870.6,3626,0
1,2,1,55576,4,2,1565,2315,40,33,750,18525.333333333332,1320,1
0,0,2,92449,3,4,6810,10522,29,54,3712,18489.8,1566,1
2,0,2,78227,0,3,2582,2679,49,68,97,19556.75,3332,2
0,0,2,89640,3,5,3335,3055,31,13,-280,14940.0,403,1
6,0,1,140121,1,7,3072,3809,53,50,737,17515.125,2650,1
4,1,0,41268,2,2,10465,7654,25,32,-2811,13756.0,800,0
3,2,1,184286,1,7,8090,15429,25,29,7339,23035.75,725,1
4,2,2,112686,0,5,14377,20735,3,62,6358,18781.0,186,1
0,0,2,71520,3,3,10127,7126,30,30,-3001,17880.0,900,1
9,0,0,123794,4,5,1537,2134,68,50,597,20632.333333333332,3400,1
7,1,2,27434,2,0,3035,3781,44,55,746,27434.0,2420,0
6,0,1,151387,1,6,3665,3459,40,22,-206,21626.714285714286,880,1
9,0,0,96020,0,4,1927,3293,64,77,1366,19204.0,4928,2
4,1,0,45217,2,1,7079,9007,31,38,1928,22608.5,1178,0
9,0,2,87358,0,3,4587,4698,60,69,111,21839.5,4140,2
7,1,2,25000,2,1,14961,18317,20,38,3356,12500.0,760,0
7,1,2,29790,2,0,3707,2739,20,60,-968,29790.0,1200,0
9,0,0,97049,0,1,5754,10274,74,72,4520,48524.5,5328,1
9,0,0,128420,4,3,3609,4639,54,49,1030,32105.0,2646,1
4,2,2,79003,0,0,5534,5922,45,38,388,79003.0,1710,2
9,0,0,115634,4,2,7869,9578,75,36,1709,38544.666666666664,2700,1
1,2,1,55070,4,2,1940,2601,21,40,661,18356.666666666668,840,1
6,0,1,150907,1,9,1277,1600,22,90,323,15090.7,1980,1
6,0,1,130580,1,4,12630,13563,9,47,933,26116.0,423,1
7,1,2,28750,2,1,10558,9503,31,18,-1055,14375.0,558,0
2,0,2,71241,0,2,11373,9667,12,30,-1706,23747.0,360,0
7,1,2,30389,2,0,7981,7457,50,44,-524,30389.0,2200,0
4,1,0,36318,2,2,14252,17125,33,48,2873,12106.0,1584,0
9,0,2,95162,0,4,12776,13929,48,65,1153,19032.4,3120,1
7,1,2,25000,2,0,5473,5138,30,54,-335,25000.0,1620,0
4,2,2,102955,0,6,9648,8963,32,29,-685,14707.857142857143,928,1
3,2,1,195927,1,5,10183,25392,31,43,15209,32654.5,1333,1
9,0,0,150418,4,5,7161,15878,67,19,8717,25069.666666666668,1273,1
0,0,2,67022,3,1,10296,15801,30,41,5505,33511.0,1230,2
7,1,2,32501,2,2,3001,2882,54,61,-119,10833.666666666666,3294,0
8,1,2,43408,0,2,5526,4729,53,51,-797,14469.333333333334,2703,0
6,0,1,159747,1,6,10627,11685,48,40,1058,22821.0,1920,1
9,0,0,116077,4,6,7370,11108,67,39,3738,16582.428571428572,2613,1
6,0,1,175808,1,5,11883,13721,21,52,1838,29301.333333333332,1092,1
3,2,1,56344,0,6,6734,7419,0,31,685,8049.142857142857,0,1
9,0,0,123950,0,3,782,988,66,50,206,30987.5,3300,1
6,0,1,167648,1,5,12849,20703,37,62,7854,27941.333333333332,2294,1
3,2,1,92359,0,2,2669,4337,45,49,1668,30786.333333333332,2205,1
3,2,1,93848,0,4,4596,5686,40,49,1090,18769.6,1960,1
4,2,2,73033,0,4,12625,12733,72,35,108,14606.6,2520,1
8,1,2,30184,0,2,9274,8282,21,43,-992,10061.333333333334,903,0
8,1,2,34948,0,0,14004,11097,54,8,-2907,34948.0,432,0
6,0,1,136105,1,6,2563,4779,21,37,2216,19443.571428571428,777,1
3,2,1,82901,0,4,1871,2011,14,73,140,16580.2,1022,1
7,1,2,31252,2,2,10953,12802,62,70,1849,10417.333333333334,4340,0
9,0,0,145892,4,3,11155,9976,89,45,-1179,36473.0,4005,1
0,0,2,90867,3,3,10629,17064,84,28,6435,22716.75,2352,1
4,2,2,67977,0,5,6749,11151,40,49,4402,11329.5,1960,2
9,0,0,111717,4,5,9168,11922,55,40,2754,18619.5,2200,1
3,2,1,94540,0,5,4939,4563,32,78,-376,15756.666666666666,2496,1
3,2,1,165676,1,9,13601,22316,50,13,8715,16567.6,650,1
4,1,0,33539,2,1,563,559,47,40,-4,16769.5,1880,0
7,1,2,29674,2,0,9817,8365,19,59,-1452,29674.0,1121,0
9,0,0,130880,4,5,11347,11397,75,65,50,21813.333333333332,4875,1
5,0,2,65421,0,3,2621,2984,31,41,363,16355.25,1271,2
1,2,1,65922,4,3,10777,11050,52,38,273,16480.5,1976,1
9,0,0,127153,4,4,12025,21260,52,63,9235,25430.6,3276,1
9,0,0,157889,4,5,2888,3622,65,48,734,26314.833333333332,3120,1
9,0,0,137081,4,1,11074,11234,71,52,160,68540.5,3692,1
6,0,1,167861,1,8,14349,10433,28,41,-3916,18651.222222222223,1148,1
1,2,1,64212,4,4,6064,7280,59,32,1216,12842.4,1888,1
5,0,2,67000,0,2,12542,15924,48,48,3382,22333.333333333332,2304,1
2,0,2,79960,0,5,13690,9764,31,52,-3926,13326.666666666666,1612,2
1,2,1,63795,4,4,8087,8689,29,43,602,12759.0,1247,1
9,0,0,139182,4,4,10495,7544,79,19,-2951,27836.4,1501,1
9,0,0,117693,0,4,5337,5516,65,66,179,23538.6,4290,1
9,0,0,153655,4,5,12250,13325,60,21,1075,25609.166666666668,1260,1
7,1,2,35857,2,0,11590,11933,24,19,343,35857.0,456,0
6,0,1,164246,1,6,13653,15668,37,42,2015,23463.714285714286,1554,1
4,1,0,42595,2,1,2915,2723,24,31,-192,21297.5,744,0
8,1,2,34147,0,0,761,965,29,10,204,34147.0,290,2
9,0,0,124724,4,4,5219,8545,92,41,3326,24944.8,3772,1
9,0,0,107886,4,4,3342,4105,59,51,763,21577.2,3009,1
2,0,2,63038,0,0,709,825,30,75,116,63038.0,2250,2
4,2,2,95115,0,2,6375,5235,11,44,-1140,31705.0,484,2
6,0,1,139290,1,5,8316,10795,21,26,2479,23215.0,546,1
5,0,2,63406,0,3,13683,14477,20,59,794,15851.5,1180,1
4,1,0,44413,2,0,10444,10897,45,43,453,44413.0,1935,0
9,0,0,139737,4,4,12263,11442,64,53,-821,27947.4,3392,1
9,0,0,153624,4,0,4713,5649,55,15,936,153624.0,825,1
3,2,1,92511,0,5,8735,11970,25,31,3235,15418.5,775,1
1,2,1,45354,4,4,5914,6982,50,33,1068,9070.8,1650,1
8,1,2,37873,0,4,11769,14950,56,5,3181,7574.6,280,2
9,0,2,80904,0,4,1077,1075,65,30,-2,16180.8,1950,1
6,0,1,147232,1,6,6872,6108,37,31,-764,21033.14285714286,1147,1
3,2,1,76725,0,2,14278,24996,55,35,10718,25575.0,1925,1
8,1,2,44867,0,1,13693,12308,28,17,-1385,22433.5,476,0
9,0,2,112401,0,3,8934,14114,90,86,5180,28100.25,7740,1
5,0,2,70814,0,3,9197,9273,20,44,76,17703.5,880,1
6,0,1,140490,1,9,8863,16451,14,67,7588,14049.0,938,1
4,1,0,47422,2,0,14919,18729,49,62,3810,47422.0,3038,0
7,1,2,26669,2,0,7472,7299,37,31,-173,26669.0,1147,0
3,2,1,217612,1,9,14091,13426,18,37,-665,21761.2,666,1
9,0,0,123224,0,5,3875,6080,51,78,2205,20537.333333333332,3978,1
3,2,1,89430,0,4,1359,1189,52,32,-170,17886.0,1664,1
3,2,1,89642,0,1,2596,3793,53,55,1197,44821.0,2915,1
0,0,2,80835,3,3,10192,13353,53,53,3161,20208.75,2809,2
6,0,1,151560,1,1,1944,3221,52,42,1277,75780.0,2184,1
4,2,2,94163,0,6,12409,11476,34,45,-933,13451.857142857143,1530,2
1,2,1,57289,4,3,6761,6598,25,51,-163,14322.25,1275,1
6,0,1,151416,1,6,5078,4243,44,57,-835,21630.85714285714,2508,1
0,0,2,76176,3,8,10152,11064,64,36,912,8464.0,2304,1
3,2,1,90961,0,2,12841,23129,23,57,10288,30320.333333333332,1311,1
6,0,1,122854,1,7,14954,14855,20,45,-99,15356.75,900,1
4,2,2,94700,0,4,9960,13205,42,28,3245,18940.0,1176,1
9,0,0,125982,4,4,4011,5756,65,35,1745,25196.4,2275,1
9,0,0,107222,4,4,3896,5005,71,33,1109,21444.4,2343,1
9,0,0,102851,0,4,12950,11862,64,43,-1088,20570.2,2752,1
0,0,2,67708,3,5,9036,9543,43,29,507,11284.666666666666,1247,1
4,2,2,87040,0,5,13038,20755,42,77,7717,14506.666666666666,3234,2
4,1,0,49516,2,2,4528,5183,22,54,655,16505.333333333332,1188,0
9,0,0,139409,4,6,12267,15606,97,83,3339,19915.571428571428,8051,1
2,0,2,68203,0,3,5546,4777,13,54,-769,17050.75,702,0
3,2,1,139919,1,8,12153,14304,12,79,2151,15546.555555555555,948,1
2,0,2,64835,0,2,8030,6072,47,41,-1958,21611.666666666668,1927,0
4,1,0,44919,2,2,1282,956,53,42,-326,14973.0,2226,0
9,0,2,95127,0,5,5540,6054,94,63,514,15854.5,5922,1
9,0,0,142745,4,5,9688,9875,52,33,187,23790.833333333332,1716,1
3,2,1,152176,1,9,6372,12465,29,24,6093,15217.6,696,1
4,1,0,38793,2,4,7198,6580,28,15,-618,7758.6,420,0
9,0,2,99445,0,5,10979,11606,77,43,627,16574.166666666668,3311,1
0,0,2,94250,3,3,9747,7846,43,75,-1901,23562.5,3225,1
4,1,0,34796,2,1,4121,4011,2,38,-110,17398.0,76,0
3,2,1,93351,0,2,12462,13711,54,76,1249,31117.0,4104,1
5,0,2,62629,0,0,628,916,36,51,288,62629.0,1836,1
2,0,2,76687,0,2,14664,17584,14,66,2920,25562.333333333332,924,0
4,2,2,86671,0,4,8971,10286,50,37,1315,17334.2,1850,2
0,0,2,95472,3,2,10769,14071,25,5,3302,31824.0,125,1
4,1,0,45804,2,1,13119,13375,19,29,256,22902.0,551,0
0,0,2,83600,3,8,13601,17266,36,68,3665,9288.888888888889,2448,2
8,1,2,38642,0,0,11784,10971,58,59,-813,38642.0,3422,0
3,2,1,98650,1,6,3232,4643,25,68,1411,14092.857142857143,1700,1
4,2,2,92455,0,4,11371,15045,42,46,3674,18491.0,1932,2
3,2,1,95991,0,4,3540,4915,31,39,1375,19198.2,1209,1
1,2,1,44996,4,5,3199,3293,48,58,94,7499.333333333333,2784,1
6,0,1,131754,1,5,526,872,53,14,346,21959.0,742,1
1,2,1,55841,4,3,4077,5516,51,42,1439,13960.25,2142,2
9,0,2,105521,0,3,6619,9104,72,41,2485,26380.25,2952,1
9,0,0,113252,4,3,7656,6833,100,36,-823,28313.0,3600,1
1,2,1,66873,4,4,6117,4779,27,68,-1338,13374.6,1836,1
1,2,1,64218,4,5,12419,14129,0,50,1710,10703.0,0,1
3,2,1,104426,0,6,14128,27549,10,69,13421,14918.0,690,1
5,0,2,52938,0,5,7209,8421,48,75,1212,8823.0,3600,1
1,2,1,59407,4,3,802,981,49,40,179,14851.75,1960,1
8,1,2,40380,0,3,5063,6600,68,35,1537,10095.0,2380,0
4,2,2,100881,0,3,9538,8603,51,66,-935,25220.25,3366,1
5,0,2,71728,0,0,4904,3757,69,34,-1147,71728.0,2346,1
3,2,1,147780,1,5,5832,8161,16,43,2329,24630.0,688,1
5,0,2,51858,0,2,5984,4531,41,31,-1453,17286.0,1271,1
9,0,0,97157,0,0,4285,4856,93,51,571,97157.0,4743,2
3,2,1,81397,0,2,3787,6634,0,18,2847,27132.333333333332,0,1
5,0,2,73342,0,1,5781,5219,41,26,-562,36671.0,1066,1
3,2,1,86049,0,2,13398,12532,41,47,-866,28683.0,1927,1
3,2,1,177395,1,6,10797,9633,28,48,-1164,25342.14285714286,1344,1
6,0,1,126052,1,7,8740,15260,58,22,6520,15756.5,1276,1
5,0,2,63104,0,0,4998,4329,40,61,-669,63104.0,2440,1
4,1,0,48298,2,2,7993,5600,39,29,-2393,16099.333333333334,1131,0
9,0,0,100005,0,3,11736,16034,65,53,4298,25001.25,3445,1
4,1,0,41701,2,0,10922,9363,30,42,-1559,41701.0,1260,0
1,2,1,68494,4,6,6820,6636,43,95,-184,9784.857142857143,4085,1
8,1,2,45592,0,1,7770,5494,51,51,-2276,22796.0,2601,0
4,2,2,98027,0,5,2471,1937,25,40,-534,16337.833333333334,1000,1
4,2,2,92361,0,2,10610,8191,14,43,-2419,30787.0,602,2
5,0,2,63370,0,0,7453,8638,12,45,1185,63370.0,540,1
7,1,2,29345,2,1,4170,3699,6,46,-471,14672.5,276,0
3,2,1,163315,1,7,7156,17624,38,28,10468,20414.375,1064,1
4,2,2,90582,0,0,5714,8540,70,74,2826,90582.0,5180,2
4,2,2,87992,0,5,6368,9271,40,16,2903,14665.333333333334,640,2
2,0,2,53491,0,2,2328,2070,28,24,-258,17830.333333333332,672,0
8,1,2,35084,0,3,7718,8175,28,33,457,8771.0,924,0
3,2,1,175412,1,10,7492,14532,28,45,7040,15946.545454545454,1260,1
6,0,1,136965,1,7,12339,17752,43,58,5413,17120.625,2494,1
6,0,1,135812,1,4,13753,15403,26,60,1650,27162.4,1560,1
3,2,1,162628,1,10,3884,9683,16,68,5799,14784.363636363636,1088,1
4,1,0,33350,2,3,8762,7109,34,43,-1653,8337.5,1462,0
9,0,0,126794,4,4,14181,25621,55,59,11440,25358.8,3245,1
8,1,2,46914,0,2,13349,12563,58,45,-786,15638.0,2610,0
0,0,2,70566,3,4,1116,792,25,51,-324,14113.2,1275,1
4,2,2,71064,0,4,12565,11094,12,77,-1471,14212.8,924,1
3,2,1,166359,1,9,8288,9779,40,59,1491,16635.9,2360,1
9,0,0,161877,4,2,5100,4577,77,23,-523,53959.0,1771,1
9,0,0,144745,4,5,9090,13585,71,20,4495,24124.166666666668,1420,1
4,2,2,99692,0,2,9371,13743,43,48,4372,33230.666666666664,2064,2
2,0,2,69636,0,5,13153,20542,45,43,7389,11606.0,1935,2
9,0,0,132106,4,6,8357,7521,100,35,-836,18872.285714285714,3500,1
8,1,2,38098,0,2,9565,10050,29,52,485,12699.333333333334,1508,0
3,2,1,177132,1,3,10796,21184,41,46,10388,44283.0,1886,1
4,2,2,86243,0,3,4662,3810,48,48,-852,21560.75,2304,1
3,2,1,90225,0,4,11873,17337,56,58,5464,18045.0,3248,1
9,0,0,118363,0,5,13680,23291,100,21,9611,19727.166666666668,2100,2
9,0,0,141485,4,2,4998,6311,66,32,1313,47161.666666666664,2112,1
4,2,2,99721,0,4,3842,4961,43,30,1119,19944.2,1290,2
6,0,1,181845,1,9,5415,5034,21,52,-381,18184.5,1092,1
9,0,0,144024,4,3,1679,1938,85,74,259,36006.0,6290,1
0,0,2,78370,3,1,4090,3308,43,70,-782,39185.0,3010,1
4,1,0,54338,2,1,4465,5592,10,64,1127,27169.0,640,0
4,2,2,93161,0,5,14936,16612,21,37,1676,15526.833333333334,777,2
8,1,2,44234,0,1,7057,9469,51,29,2412,22117.0,1479,0
9,0,0,106336,0,2,6167,6772,74,40,605,35445.333333333336,2960,1
2,0,2,68843,0,0,4965,4734,54,52,-231,68843.0,2808,2
6,0,1,128377,1,7,758,826,28,64,68,16047.125,1792,1
9,0,2,103642,0,4,10097,7961,58,17,-2136,20728.4,986,1
6,0,1,163504,1,6,6938,9463,48,35,2525,23357.714285714286,1680,1
3,2,1,218873,1,7,7666,15104,57,60,7438,27359.125,3420,1
0,0,2,117356,3,6,4879,6700,39,27,1821,16765.14285714286,1053,1
3,2,1,81627,0,3,11977,15499,50,58,3522,20406.75,2900,1
5,0,2,68820,0,1,2728,2774,52,20,46,34410.0,1040,2
3,2,1,74665,0,5,5951,5051,0,77,-900,12444.166666666666,0,1
8,1,2,40164,0,0,11915,13128,48,63,1213,40164.0,3024,0
3,2,1,207455,1,8,9894,22077,22,58,12183,23050.555555555555,1276,1
9,0,0,105393,0,4,10318,18552,96,17,8234,21078.6,1632,1
4,1,0,49415,2,2,9195,7362,30,43,-1833,16471.666666666668,1290,0
8,1,2,42888,0,0,7781,9840,11,47,2059,42888.0,517,0
4,2,2,99228,0,0,8713,9622,9,26,909,99228.0,234,2
4,1,0,41961,2,3,1197,1415,39,38,218,10490.25,1482,0
9,0,0,123861,0,3,14909,12070,73,44,-2839,30965.25,3212,1
7,1,2,26835,2,1,12339,15159,33,38,2820,13417.5,1254,0
1,2,1,59808,4,3,4528,4629,24,23,101,14952.0,552,1
3,2,1,78320,0,6,8644,14677,14,42,6033,11188.57142857143,588,1
7,1,2,30271,2,0,14831,13827,33,37,-1004,30271.0,1221,0
1,2,1,52996,4,4,2773,2526,48,50,-247,10599.2,2400,1
6,0,1,122996,1,6,3100,4446,56,53,1346,17570.85714285714,2968,1
9,0,0,132516,4,5,7328,8504,84,26,1176,22086.0,2184,1
9,0,2,86781,0,4,10450,15024,74,73,4574,17356.2,5402,1
8,1,2,34130,0,2,8326,10591,62,23,2265,11376.666666666666,1426,0
2,0,2,78923,0,4,5227,8162,20,61,2935,15784.6,1220,2
9,0,0,109971,4,5,7804,9922,86,36,2118,18328.5,3096,1
3,2,1,172781,1,8,13226,13351,37,52,125,19197.88888888889,1924,1
0,0,2,85284,3,4,8372,13418,8,27,5046,17056.8,216,2
9,0,0,97050,0,1,11416,8902,57,64,-2514,48525.0,3648,1
4,1,0,46799,2,0,9830,12391,17,66,2561,46799.0,1122,0
3,2,1,173053,1,7,8771,12262,27,13,3491,21631.625,351,1
5,0,2,55217,0,2,8417,9050,46,55,633,18405.666666666668,2530,1
7,1,2,31431,2,0,1622,1558,37,70,-64,31431.0,2590,0
3,2,1,193341,1,6,11601,24477,30,53,12876,27620.14285714286,1590,1
2,0,2,65677,0,1,2072,2182,48,40,110,32838.5,1920,0
3,2,1,185176,1,8,13291,10538,12,53,-2753,20575.11111111111,636,1
7,1,2,31066,2,1,3875,3562,37,86,-313,15533.0,3182,0
8,1,2,41135,0,3,5015,6002,52,27,987,10283.75,1404,0
1,2,1,55469,4,5,3413,4526,46,77,1113,9244.833333333334,3542,1
4,2,2,90205,0,4,11525,10202,53,30,-1323,18041.0,1590,2
1,2,1,53999,4,5,13289,18704,34,50,5415,8999.833333333334,1700,1
3,2,1,94498,0,3,9844,15656,28,37,5812,23624.5,1036,1
2,0,2,68814,0,2,7708,9458,22,49,1750,22938.0,1078,0
8,1,2,39280,0,0,6242,4862,17,40,-1380,39280.0,680,0
4,2,2,91604,0,1,5730,9287,5,42,3557,45802.0,210,1
6,0,1,169144,1,7,1101,1216,18,23,115,21143.0,414,1
9,0,0,120971,4,5,6425,10792,45,36,4367,20161.833333333332,1620,1
2,0,2,73048,0,4,12383,16241,42,30,3858,14609.6,1260,2
2,0,2,73776,0,1,11127,11068,15,73,-59,36888.0,1095,0
3,2,1,86068,0,6,14186,27550,79,39,13364,12295.42857142857,3081,1
9,0,2,93354,0,4,13047,20789,75,59,7742,18670.8,4425,1
1,2,1,63468,4,5,8212,9857,36,46,1645,10578.0,1656,1
9,0,0,110136,0,3,6009,4293,70,52,-1716,27534.0,3640,1
4,2,2,81563,0,3,9735,9386,65,42,-349,20390.75,2730,2
9,0,0,138809,4,5,12393,24921,86,20,12528,23134.833333333332,1720,1
0,0,2,79477,3,6,10039,10390,71,46,351,11353.857142857143,3266,1
4,2,2,83796,0,5,10535,9003,40,5,-1532,13966.0,200,1
5,0,2,61903,0,4,7134,5514,64,39,-1620,12380.6,2496,2
2,0,2,92343,0,3,14674,10748,8,95,-3926,23085.75,760,0
7,1,2,29570,2,1,3948,2810,23,18,-1138,14785.0,414,0
3,2,1,184933,1,11,8099,15315,55,41,7216,15411.083333333334,2255,1
9,0,0,123546,0,3,1334,1774,60,29,440,30886.5,1740,1
9,0,0,111112,0,1,2516,2298,72,36,-218,55556.0,2592,2
3,2,1,79332,0,5,4633,6483,13,39,1850,13222.0,507,1
5,0,2,70800,0,1,14570,16572,16,40,2002,35400.0,640,1
4,2,2,96180,0,4,5214,5509,24,50,295,19236.0,1200,1
2,0,2,67674,0,4,4438,4266,29,69,-172,13534.8,2001,0
0,0,2,81395,3,3,11301,8528,30,57,-2773,20348.75,1710,1
4,1,0,45198,2,4,9290,11145,61,79,1855,9039.6,4819,0
9,0,0,134848,4,3,3333,3273,62,36,-60,33712.0,2232,1
7,1,2,29422,2,1,8172,10108,20,49,1936,14711.0,980,0
7,1,2,25226,2,0,7074,5137,36,53,-1937,25226.0,1908,0
9,0,0,101507,0,2,4157,5910,60,41,1753,33835.666666666664,2460,2
2,0,2,59714,0,3,11119,12533,47,27,1414,14928.5,1269,0
2,0,2,56857,0,3,2060,1578,72,82,-482,14214.25,5904,2
1,2,1,54664,4,5,5887,4125,25,62,-1762,9110.666666666666,1550,1
5,0,2,52662,0,3,4006,5352,15,41,1346,13165.5,615,1
3,2,1,101506,0,2,5645,9921,35,35,4276,33835.333333333336,1225,1
9,0,2,77408,0,6,14601,10830,73,24,-3771,11058.285714285714,1752,1
1,2,1,45637,4,4,6508,4893,30,34,-1615,9127.4,1020,1
7,1,2,29593,2,0,9555,8723,43,54,-832,29593.0,2322,0
0,0,2,58009,3,3,13201,21385,53,36,8184,14502.25,1908,1
4,2,2,93139,0,4,14208,11039,27,34,-3169,18627.8,918,1
5,0,2,53209,0,3,12736,13453,13,42,717,13302.25,546,1
2,0,2,65251,0,3,14145,14418,42,50,273,16312.75,2100,0
7,1,2,29415,2,1,8717,6244,41,39,-2473,14707.5,1599,0
3,2,1,84302,0,1,7197,10125,44,17,2928,42151.0,748,1
9,0,0,115043,4,3,3045,5109,35,19,2064,28760.75,665,1
4,2,2,99310,0,1,4800,4447,8,40,-353,49655.0,320,2
4,2,2,88748,0,4,3668,4291,39,81,623,17749.6,3159,1
9,0,0,136985,4,5,4404,8339,70,54,3935,22830.833333333332,3780,1
4,1,0,46412,2,0,12559,12308,0,55,-251,46412.0,0,0
5,0,2,71026,0,5,530,549,58,41,19,11837.666666666666,2378,1
9,0,0,108803,4,4,8118,15342,60,69,7224,21760.6,4140,1
2,0,2,74694,0,2,7060,5333,17,22,-1727,24898.0,374,0
5,0,2,73761,0,2,10880,9808,55,61,-1072,24587.0,3355,1
2,0,2,66698,0,4,12452,9253,56,56,-3199,13339.6,3136,0
3,2,1,87660,0,3,10164,18568,35,72,8404,21915.0,2520,1
4,1,0,35458,2,0,13760,14082,6,49,322,35458.0,294,0
2,0,2,73159,0,1,2539,2240,61,32,-299,36579.5,1952,0
7,1,2,26287,2,1,12192,13139,17,33,947,13143.5,561,0
3,2,1,168002,1,8,6071,13278,77,20,7207,18666.88888888889,1540,1
1,2,1,69526,4,3,12179,12272,37,70,93,17381.5,2590,1
5,0,2,68281,0,0,5143,5806,45,51,663,68281.0,2295,1
4,1,0,39348,2,2,13059,10687,30,59,-2372,13116.0,1770,0
9,0,0,130984,4,0,2509,3745,55,29,1236,130984.0,1595,1
9,0,0,155484,4,4,3628,4742,57,45,1114,31096.8,2565,1
0,0,2,102041,3,4,6861,5667,14,26,-1194,20408.2,364,1
9,0,0,103850,4,2,1775,1850,83,55,75,34616.666666666664,4565,1
7,1,2,25000,2,1,10588,12022,0,37,1434,12500.0,0,0
3,2,1,65448,0,4,14367,22745,43,43,8378,13089.6,1849,1
4,2,2,88299,0,3,2218,3329,13,36,1111,22074.75,468,2
4,1,0,56503,2,1,1077,1170,31,37,93,28251.5,1147,0
5,0,2,75165,0,2,9884,13830,22,42,3946,25055.0,924,1
3,2,1,167565,1,7,1047,1657,42,54,610,20945.625,2268,1
1,2,1,41855,4,4,7585,8296,20,48,711,8371.0,960,1
9,0,0,130833,4,4,9167,18656,76,61,9489,26166.6,4636,1
7,1,2,34309,2,0,11639,13975,27,68,2336,34309.0,1836,0
8,1,2,36143,0,3,12028,12707,27,26,679,9035.75,702,0
9,0,0,104819,0,3,12775,23228,90,56,10453,26204.75,5040,1
3,2,1,194401,1,7,13777,19313,71,90,5536,24300.125,6390,1
3,2,1,83978,0,0,9505,11164,52,33,1659,83978.0,1716,1
8,1,2,45446,0,1,7793,10202,35,16,2409,22723.0,560,0
3,2,1,89628,0,2,4595,6473,45,53,1878,29876.0,2385,1
9,0,2,88243,0,5,13452,22120,43,37,8668,14707.166666666666,1591,1
5,0,2,55601,0,2,4434,5803,58,25,1369,18533.666666666668,1450,1
6,0,1,101848,1,8,11539,18750,24,21,7211,11316.444444444445,504,1
4,1,0,44616,2,1,9137,6746,43,54,-2391,22308.0,2322,0
8,1,2,46194,0,0,1245,922,40,51,-323,46194.0,2040,0
9,0,0,155516,4,3,7945,15537,69,5,7592,38879.0,345,1
9,0,0,136828,4,5,9248,14799,100,45,5551,22804.666666666668,4500,1
9,0,2,86142,0,4,4925,5113,80,54,188,17228.4,4320,2
9,0,2,97625,0,3,4276,7438,69,43,3162,24406.25,2967,1
0,0,2,107613,3,6,2244,2773,34,55,529,15373.285714285714,1870,1
3,2,1,163855,1,8,619,1443,26,40,824,18206.11111111111,1040,1
2,0,2,73926,0,1,3605,2795,66,35,-810,36963.0,2310,0
3,2,1,189625,1,9,8169,13370,59,20,5201,18962.5,1180,1
9,0,0,149525,4,5,8569,16595,45,55,8026,24920.833333333332,2475,1
3,2,1,168148,1,6,4214,10318,59,58,6104,24021.14285714286,3422,1
8,1,2,33049,0,0,14443,19607,59,44,5164,33049.0,2596,0
7,1,2,32578,2,0,8360,8852,39,25,492,32578.0,975,0
8,1,2,39945,0,0,7735,8235,64,59,500,39945.0,3776,0
4,1,0,50453,2,3,4891,5112,39,41,221,12613.25,1599,0
9,0,0,101974,4,4,3711,4464,72,38,753,20394.8,2736,1
3,2,1,92526,0,3,1344,2204,39,39,860,23131.5,1521,1
3,2,1,74659,0,3,12311,11570,24,68,-741,18664.75,1632,1
4,2,2,74309,0,5,6467,8525,63,80,2058,12384.833333333334,5040,1
0,0,2,100907,3,4,6476,10217,37,69,3741,20181.4,2553,1
0,0,2,84265,3,3,3012,2512,8,39,-500,21066.25,312,1
0,0,2,96745,3,6,912,854,0,29,-58,13820.714285714286,0,2
9,0,0,152223,4,3,14423,28493,73,25,14070,38055.75,1825,1
9,0,0,114843,4,4,11467,22404,100,65,10937,22968.6,6500,1
9,0,2,109016,0,3,12451,10207,69,82,-2244,27254.0,5658,1
4,2,2,90259,0,3,10187,15782,40,65,5595,22564.75,2600,2
4,1,0,48804,2,1,13253,13139,29,41,-114,24402.0,1189,0
9,0,0,153630,4,6,8799,9853,50,29,1054,21947.14285714286,1450,1
8,1,2,33366,0,0,7531,7827,0,65,296,33366.0,0,2
9,0,0,157593,0,6,1949,1590,44,47,-359,22513.285714285714,2068,2
3,2,1,80726,0,3,2604,3925,24,46,1321,20181.5,1104,1
4,2,2,89047,0,0,13644,12220,53,46,-1424,89047.0,2438,1
9,0,0,95248,0,0,4822,7633,87,81,2811,95248.0,7047,1
7,1,2,33686,2,1,14700,15144,70,28,444,16843.0,1960,0
4,2,2,108079,0,5,6686,9658,39,5,2972,18013.166666666668,195,1
6,0,1,151366,1,7,2272,3357,15,56,1085,18920.75,840,1
5,0,2,80162,0,2,13438,19026,43,35,5588,26720.666666666668,1505,1
3,2,1,142650,1,7,13705,19538,21,42,5833,17831.25,882,1
0,0,2,83880,3,5,5958,7763,36,43,1805,13980.0,1548,1
0,0,2,102989,3,5,5515,7821,42,57,2306,17164.833333333332,2394,1
4,2,2,76261,0,2,12931,10703,29,58,-2228,25420.333333333332,1682,1
5,0,2,53910,0,3,4827,5350,38,46,523,13477.5,1748,2
8,1,2,45197,0,3,6599,5692,30,52,-907,11299.25,1560,0
9,0,0,135385,4,4,6640,4786,53,32,-1854,27077.0,1696,1
2,0,2,77992,0,1,5192,4166,20,45,-1026,38996.0,900,2
9,0,0,139079,0,4,9032,7283,100,26,-1749,27815.8,2600,1
4,2,2,83731,0,6,13156,19084,48,39,5928,11961.57142857143,1872,1
3,2,1,87548,0,4,14426,27885,42,51,13459,17509.6,2142,1
9,0,0,106255,0,7,4003,7272,99,17,3269,13281.875,1683,2
6,0,1,133713,1,5,7875,7352,45,27,-523,22285.5,1215,1
1,2,1,49420,4,4,799,802,59,69,3,9884.0,4071,1
9,0,0,125864,4,6,1449,3174,82,36,1725,17980.571428571428,2952,1
1,2,1,62364,4,4,14025,16388,22,23,2363,12472.8,506,1
9,0,0,92155,0,2,11805,16949,73,57,5144,30718.333333333332,4161,1
9,0,2,91692,0,7,7783,8539,100,58,756,11461.5,5800,1
1,2,1,66788,4,3,5430,5027,37,58,-403,16697.0,2146,1
1,2,1,41748,4,4,13256,16155,35,19,2899,8349.6,665,1
0,0,2,82884,3,4,8637,10080,37,57,1443,16576.8,2109,2
2,0,2,67802,0,3,6758,9293,35,57,2535,16950.5,1995,0
9,0,0,135238,4,5,957,1620,92,60,663,22539.666666666668,5520,1
2,0,2,67446,0,3,11344,13082,37,43,1738,16861.5,1591,2
9,0,2,85961,0,3,3749,3912,56,50,163,21490.25,2800,1
7,1,2,28988,2,0,4873,3421,29,53,-1452,28988.0,1537,0
6,0,1,161511,1,3,2096,3171,79,37,1075,40377.75,2923,1
9,0,0,120665,4,7,7756,16140,83,64,8384,15083.125,5312,1
1,2,1,49114,4,7,3892,3062,40,46,-830,6139.25,1840,1
9,0,0,128184,4,5,3704,6987,81,14,3283,21364.0,1134,1
1,2,1,54053,4,3,8391,9901,41,66,1510,13513.25,2706,1
6,0,1,181096,1,8,5269,3957,40,54,-1312,20121.777777777777,2160,1
6,0,1,151731,1,7,8411,12207,64,57,3796,18966.375,3648,1
4,1,0,38640,2,1,9888,9602,30,60,-286,19320.0,1800,2
8,1,2,37315,0,2,11336,9469,31,5,-1867,12438.333333333334,155,0
8,1,2,34061,0,3,2276,1602,3,90,-674,8515.25,270,0
9,0,2,106474,0,4,13205,20733,63,21,7528,21294.8,1323,2
8,1,2,37691,0,2,2865,3960,25,73,1095,12563.666666666666,1825,0
7,1,2,27508,2,0,542,458,75,30,-84,27508.0,2250,0
8,1,2,38687,0,0,11218,12054,19,34,836,38687.0,646,0
4,1,0,46983,2,0,14235,12515,42,54,-1720,46983.0,2268,0
3,2,1,63618,0,1,7316,13143,33,58,5827,31809.0,1914,1
9,0,0,105903,0,4,8675,13216,63,53,4541,21180.6,3339,1
9,0,0,94728,4,3,5119,8013,73,43,2894,23682.0,3139,1
1,2,1,63601,4,5,14353,10523,58,46,-3830,10600.166666666666,2668,1
8,1,2,39901,0,3,9690,8448,25,28,-1242,9975.25,700,0
3,2,1,75796,0,2,5411,4252,21,25,-1159,25265.333333333332,525,1
1,2,1,42025,4,4,6888,8956,67,59,2068,8405.0,3953,1
9,0,2,94552,0,6,1232,961,86,30,-271,13507.42857142857,2580,1
6,0,1,136345,1,8,14051,12075,42,48,-1976,15149.444444444445,2016,1
8,1,2,35496,0,0,14343,10092,10,59,-4251,35496.0,590,0
3,2,1,88549,0,3,5882,6233,17,29,351,22137.25,493,1
2,0,2,71839,0,2,10572,12034,52,34,1462,23946.333333333332,1768,0
5,0,2,69336,0,3,5390,5709,54,60,319,17334.0,3240,1
3,2,1,206628,1,7,10541,7548,48,30,-2993,25828.5,1440,1
8,1,2,42455,0,0,1106,1178,12,34,72,42455.0,408,0
4,1,0,47407,2,1,11717,15114,23,54,3397,23703.5,1242,0
3,2,1,175135,1,9,11669,19391,34,20,7722,17513.5,680,1
8,1,2,34236,0,0,13355,15974,28,46,2619,34236.0,1288,2
4,2,2,71328,0,3,13567,20573,38,37,7006,17832.0,1406,1
9,0,0,133299,4,8,9749,6915,100,26,-2834,14811.0,2600,1
3,2,1,82502,0,5,753,992,17,44,239,13750.333333333334,748,1
2,0,2,48864,0,4,2641,3939,60,46,1298,9772.8,2760,2
0,0,2,92153,3,5,11346,9982,43,46,-1364,15358.833333333334,1978,1
4,1,0,45194,2,1,10267,8025,70,54,-2242,22597.0,3780,0
3,2,1,84514,0,4,1369,1517,36,40,148,16902.8,1440,1
1,2,1,58915,4,3,1632,1844,44,57,212,14728.75,2508,1
1,2,1,60244,4,5,9902,11472,59,42,1570,10040.666666666666,2478,1
9,0,2,76573,0,5,7006,7999,67,21,993,12762.166666666666,1407,1
9,0,0,144637,4,5,9995,19824,97,45,9829,24106.166666666668,4365,1
5,0,2,77322,0,5,676,1033,21,29,357,12887.0,609,1
2,0,2,73406,0,3,3369,4647,57,37,1278,18351.5,2109,2
7,1,2,35053,2,2,4540,3913,18,56,-627,11684.333333333334,1008,0
3,2,1,150691,1,6,4579,5591,33,43,1012,21527.285714285714,1419,1
4,1,0,40023,2,1,2769,3553,15,66,784,20011.5,990,0
9,0,0,142126,4,3,7078,7576,90,48,498,35531.5,4320,1
9,0,0,139173,4,4,3354,5643,90,54,2289,27834.6,4860,1
8,1,2,39152,0,0,9861,11656,15,69,1795,39152.0,1035,0
1,2,1,58886,4,2,12097,10588,0,52,-1509,19628.666666666668,0,1
5,0,2,77540,0,5,6510,7340,31,54,830,12923.333333333334,1674,1
1,2,1,50475,4,4,671,781,47,50,110,10095.0,2350,1
0,0,2,45766,3,2,14312,15842,48,77,1530,15255.333333333334,3696,1
9,0,2,74742,0,3,3760,2957,58,49,-803,18685.5,2842,2
1,2,1,51133,4,5,4281,4122,54,12,-159,8522.166666666666,648,1
0,0,2,89807,3,4,5383,4018,39,67,-1365,17961.4,2613,1
3,2,1,93541,0,2,14249,17636,16,21,3387,31180.333333333332,336,1
3,2,1,84860,0,6,1854,3627,2,35,1773,12122.857142857143,70,1
8,1,2,37072,0,1,6432,8824,29,63,2392,18536.0,1827,0
9,0,2,96601,0,7,13663,11513,53,5,-2150,12075.125,265,1
0,0,2,98184,3,4,1883,3071,37,62,1188,19636.8,2294,2
2,0,2,64266,0,3,6038,9092,23,67,3054,16066.5,1541,0
8,1,2,42227,0,1,9902,10120,58,51,218,21113.5,2958,0
4,2,2,94663,0,5,11809,16826,51,49,5017,15777.166666666666,2499,2
9,0,0,118500,0,3,925,1701,68,34,776,29625.0,2312,1
4,1,0,48440,2,0,1835,1553,45,33,-282,48440.0,1485,0
9,0,0,123784,4,6,13735,10804,63,60,-2931,17683.428571428572,3780,1
9,0,0,104118,4,5,9397,16001,67,40,6604,17353.0,2680,1
9,0,2,91949,0,2,1921,1647,68,52,-274,30649.666666666668,3536,2
7,1,2,33316,2,0,6523,5143,19,34,-1380,33316.0,646,0
3,2,1,90822,0,3,10050,7741,30,75,-2309,22705.5,2250,1
3,2,1,199514,1,10,9973,7193,56,44,-2780,18137.636363636364,2464,1
6,0,1,140328,1,7,4113,3512,24,59,-601,17541.0,1416,1
4,2,2,75320,0,3,12925,18419,68,26,5494,18830.0,1768,2
5,0,2,53275,0,2,2137,3232,43,58,1095,17758.333333333332,2494,1
6,0,1,182749,1,8,8576,14156,16,42,5580,20305.444444444445,672,1
0,0,2,93052,3,4,8461,10139,29,15,1678,18610.4,435,1
9,0,2,80422,0,3,1035,969,75,55,-66,20105.5,4125,1
8,1,2,42554,0,1,8697,6553,31,49,-2144,21277.0,1519,0
6,0,1,143911,1,6,1433,2125,56,47,692,20558.714285714286,2632,1
2,0,2,64689,0,4,1707,1852,33,50,145,12937.8,1650,0
2,0,2,55368,0,5,11946,10149,25,30,-1797,9228.0,750,2
9,0,0,157727,4,4,5906,6765,94,44,859,31545.4,4136,1
8,1,2,32154,0,1,4651,5598,27,28,947,16077.0,756,0
4,2,2,89997,0,4,4298,6933,70,41,2635,17999.4,2870,2
3,2,1,190778,1,8,5755,8565,3,47,2810,21197.555555555555,141,1
9,0,2,88651,0,4,7843,10289,84,26,2446,17730.2,2184,2
1,2,1,63137,4,5,4741,4355,45,5,-386,10522.833333333334,225,1
4,2,2,72965,0,5,9631,9040,60,51,-591,12160.833333333334,3060,2
4,2,2,73381,0,2,14143,10750,60,46,-3393,24460.333333333332,2760,2
5,0,2,67997,0,4,8115,6986,33,66,-1129,13599.4,2178,1
0,0,2,89209,3,5,1493,1518,41,53,25,14868.166666666666,2173,1
8,1,2,32495,0,3,5084,7019,32,28,1935,8123.75,896,0
2,0,2,79188,0,3,5818,8152,38,17,2334,19797.0,646,2
4,2,2,76461,0,4,12230,10993,62,85,-1237,15292.2,5270,1
3,2,1,79593,0,3,10904,20797,27,64,9893,19898.25,1728,1
0,0,2,86716,3,3,1811,2084,36,10,273,21679.0,360,1
4,2,2,86858,0,5,4372,6555,43,52,2183,14476.333333333334,2236,1
9,0,2,94267,0,3,4199,3898,91,64,-301,23566.75,5824,1
2,0,2,52273,0,4,10005,8422,38,31,-1583,10454.6,1178,0
4,1,0,44086,2,3,14077,14575,60,31,498,11021.5,1860,0
7,1,2,36180,2,0,12868,10585,23,53,-2283,36180.0,1219,0
6,0,1,143098,1,6,4825,5557,38,59,732,20442.571428571428,2242,1
9,0,0,98580,0,0,13271,15277,79,31,2006,98580.0,2449,1
2,0,2,77164,0,0,9393,6706,83,57,-2687,77164.0,4731,0
6,0,1,142771,1,7,9238,14317,54,16,5079,17846.375,864,1
3,2,1,203312,1,9,5472,11459,50,49,5987,20331.2,2450,1
4,1,0,38759,2,1,13639,13383,17,68,-256,19379.5,1156,0
0,0,2,84448,3,4,2418,3976,82,51,1558,16889.6,4182,1
9,0,0,96585,0,0,6143,8800,49,30,2657,96585.0,1470,2
9,0,0,120976,4,4,14532,27667,64,38,13135,24195.2,2432,1
0,0,2,96780,3,4,5243,5907,26,48,664,19356.0,1248,1
5,0,2,61601,0,2,1343,1494,35,62,151,20533.666666666668,2170,1
3,2,1,163446,1,6,13270,28188,61,30,14918,23349.428571428572,1830,1
6,0,1,138364,1,8,6396,11374,27,48,4978,15373.777777777777,1296,1
4,1,0,47833,2,2,5397,4066,37,22,-1331,15944.333333333334,814,0
8,1,2,38516,0,1,14130,15603,47,39,1473,19258.0,1833,0
9,0,0,96322,0,3,2261,2567,61,34,306,24080.5,2074,1
5,0,2,87025,0,2,9939,10836,41,45,897,29008.333333333332,1845,1
8,1,2,42623,0,1,5524,6255,41,54,731,21311.5,2214,0
7,1,2,26810,2,0,5250,5936,6,58,686,26810.0,348,0
8,1,2,41615,0,1,6093,7657,9,31,1564,20807.5,279,0
9,0,0,141801,4,6,8884,16132,73,43,7248,20257.285714285714,3139,1
4,2,2,94583,0,4,7969,6338,33,13,-1631,18916.6,429,1
9,0,0,153254,4,5,6847,8476,100,46,1629,25542.333333333332,4600,1
9,0,2,100944,0,4,5350,8411,68,60,3061,20188.8,4080,1
7,1,2,25000,2,0,4896,5770,40,35,874,25000.0,1400,0
4,2,2,106476,0,4,3829,4425,17,30,596,21295.2,510,2
9,0,0,153254,4,6,10475,17440,76,54,6965,21893.428571428572,4104,1
2,0,2,68136,0,2,11727,11832,55,65,105,22712.0,3575,0
1,2,1,59694,4,5,14561,14266,60,21,-295,9949.0,1260,1
4,1,0,50121,2,0,7329,8315,8,65,986,50121.0,520,0
0,0,2,76604,3,5,7608,7123,53,70,-485,12767.333333333334,3710,2
4,1,0,43593,2,2,10168,12104,51,72,1936,14531.0,3672,0
9,0,0,132916,4,3,14680,19712,47,95,5032,33229.0,4465,1
9,0,0,114229,0,2,4079,7478,59,55,3399,38076.333333333336,3245,1
9,0,0,145212,4,5,7213,8826,87,47,1613,24202.0,4089,1
5,0,2,67438,0,2,1053,1586,45,45,533,22479.333333333332,2025,1
4,2,2,96398,0,7,14627,13364,18,55,-1263,12049.75,990,2
6,0,1,120713,1,5,7720,13880,75,53,6160,20118.833333333332,3975,1
5,0,2,70696,0,0,10267,11063,31,42,796,70696.0,1302,2
5,0,2,59601,0,3,1169,1150,62,56,-19,14900.25,3472,2
3,2,1,181340,1,7,9756,23344,40,25,13588,22667.5,1000,1
9,0,0,126549,4,5,6664,9952,77,63,3288,21091.5,4851,1
5,0,2,51239,0,3,8174,10283,22,53,2109,12809.75,1166,1
9,0,0,151950,4,4,14907,11422,63,37,-3485,30390.0,2331,1
9,0,0,85330,0,0,11478,21356,91,47,9878,85330.0,4277,2
9,0,0,145805,4,3,7672,14412,80,25,6740,36451.25,2000,1
7,1,2,32233,2,3,2518,2685,41,41,167,8058.25,1681,0
1,2,1,56936,4,7,10282,7451,29,70,-2831,7117.0,2030,1
9,0,0,110996,4,2,3570,7355,62,50,3785,36998.666666666664,3100,1
8,1,2,49613,0,4,9341,10866,11,52,1525,9922.6,572,0
2,0,2,62788,0,0,3804,3658,20,50,-146,62788.0,1000,0
9,0,2,89842,0,5,3655,5274,23,36,1619,14973.666666666666,828,1
9,0,0,121497,4,4,13407,22084,46,37,8677,24299.4,1702,1
9,0,2,98987,0,2,10605,17051,74,59,6446,32995.666666666664,4366,1
6,0,1,125904,1,5,4264,3981,44,27,-283,20984.0,1188,1
2,0,2,75577,0,2,6710,4918,49,41,-1792,25192.333333333332,2009,0
4,2,2,106565,0,3,7072,8976,67,16,1904,26641.25,1072,2
0,0,2,74556,3,3,14396,14550,23,43,154,18639.0,989,1
3,2,1,196174,1,9,4736,5577,69,84,841,19617.4,5796,1
3,2,1,84583,0,0,537,481,26,32,-56,84583.0,832,1
3,2,1,157773,1,8,6132,6953,26,50,821,17530.333333333332,1300,1
9,0,2,107612,0,4,6087,8054,65,56,1967,21522.4,3640,1
1,2,1,53532,4,6,14917,11332,32,79,-3585,7647.428571428572,2528,1
7,1,2,33423,2,0,13255,13948,56,34,693,33423.0,1904,0
3,2,1,162121,1,11,5505,7033,58,45,1528,13510.083333333334,2610,1
9,0,0,110537,4,4,8787,10643,82,45,1856,22107.4,3690,1
9,0,2,95247,0,2,8403,14326,57,38,5923,31749.0,2166,1
9,0,0,153873,4,3,13369,15950,74,57,2581,38468.25,4218,1
0,0,2,91211,3,5,4840,4497,21,33,-343,15201.833333333334,693,1
1,2,1,55702,4,4,14066,21016,62,59,6950,11140.4,3658,1
7,1,2,25484,2,1,5206,5343,30,58,137,12742.0,1740,0
5,0,2,68991,0,0,13277,17679,32,48,4402,68991.0,1536,1
9,0,2,93829,0,6,2247,2541,49,41,294,13404.142857142857,2009,1
3,2,1,164277,1,6,10850,11922,38,55,1072,23468.14285714286,2090,1
4,2,2,98823,0,2,660,689,15,48,29,32941.0,720,2
9,0,0,115866,4,4,6432,6083,83,62,-349,23173.2,5146,1
2,0,2,64690,0,4,2845,3428,34,35,583,12938.0,1190,0
4,2,2,90020,0,3,605,541,17,9,-64,22505.0,153,1
9,0,2,104344,0,2,7775,11891,79,65,4116,34781.333333333336,5135,1
4,2,2,64087,0,5,5459,8597,61,56,3138,10681.166666666666,3416,2
7,1,2,33005,2,0,5956,7022,48,46,1066,33005.0,2208,0
5,0,2,62923,0,6,9628,7973,49,53,-1655,8989.0,2597,1
1,2,1,36040,4,6,9184,12515,48,49,3331,5148.571428571428,2352,1
1,2,1,52368,4,5,7002,7470,39,65,468,8728.0,2535,1
3,2,1,96799,0,6,3456,2932,33,41,-524,13828.42857142857,1353,1
9,0,2,99491,0,4,12330,9875,75,27,-2455,19898.2,2025,1
9,0,0,151797,4,5,3265,4945,37,33,1680,25299.5,1221,1
9,0,2,98791,0,3,1731,2617,71,76,886,24697.75,5396,1
9,0,0,111508,4,0,2024,3126,38,44,1102,111508.0,1672,1
4,1,0,41534,2,3,5841,6441,18,41,600,10383.5,738,0
8,1,2,34095,0,0,7294,6684,19,39,-610,34095.0,741,0
3,2,1,179466,1,10,13208,16848,22,61,3640,16315.09090909091,1342,1
3,2,1,90622,0,2,2658,3024,37,68,366,30207.333333333332,2516,1
4,2,2,111656,0,3,8232,8682,28,26,450,27914.0,728,2
1,2,1,52723,4,5,13226,11964,56,45,-1262,8787.166666666666,2520,1
9,0,0,117256,4,2,9009,13806,78,45,4797,39085.333333333336,3510,1
9,0,2,90615,0,3,14039,23999,76,8,9960,22653.75,608,1
2,0,2,49390,0,3,13630,17543,41,57,3913,12347.5,2337,0
4,2,2,100184,0,2,5574,5709,33,58,135,33394.666666666664,1914,2
7,1,2,25000,2,2,13561,12694,46,42,-867,8333.333333333334,1932,0
9,0,0,132372,4,6,9941,20090,61,67,10149,18910.285714285714,4087,1
5,0,2,62539,0,3,11420,14146,13,40,2726,15634.75,520,1
8,1,2,36269,0,1,5574,5754,29,33,180,18134.5,957,0
9,0,0,105059,0,2,7497,7039,78,66,-458,35019.666666666664,5148,2
9,0,2,122038,0,2,3689,3394,81,29,-295,40679.333333333336,2349,1
1,2,1,57744,4,4,9621,6830,66,16,-2791,11548.8,1056,1
9,0,0,113914,4,3,8216,9679,49,37,1463,28478.5,1813,1
9,0,0,95563,4,4,5811,6426,87,51,615,19112.6,4437,1
4,1,0,56216,2,0,1177,1448,32,40,271,56216.0,1280,0
1,2,1,47608,4,4,8489,10289,7,45,1800,9521.6,315,1
7,1,2,30389,2,2,11719,9876,61,32,-1843,10129.666666666666,1952,0
9,0,0,118247,4,4,847,1721,14,73,874,23649.4,1022,1
3,2,1,79451,0,1,3108,4359,45,52,1251,39725.5,2340,1
9,0,0,116036,0,1,12348,20225,78,38,7877,58018.0,2964,1
7,1,2,27947,2,0,5375,5931,16,29,556,27947.0,464,0
2,0,2,68668,0,2,1594,2425,24,38,831,22889.333333333332,912,2
2,0,2,71436,0,6,9180,7621,53,65,-1559,10205.142857142857,3445,0
3,2,1,181066,1,7,2752,6012,18,79,3260,22633.25,1422,1
9,0,0,124187,4,5,14728,22219,40,39,7491,20697.833333333332,1560,1
8,1,2,43550,0,2,7300,9195,35,26,1895,14516.666666666666,910,0
0,0,2,81858,3,7,8142,6387,31,61,-1755,10232.25,1891,1
3,2,1,102957,0,5,12619,14586,29,31,1967,17159.5,899,1
4,2,2,83257,0,1,2100,3540,18,68,1440,41628.5,1224,1
9,0,0,139372,4,5,7147,12795,59,51,5648,23228.666666666668,3009,1
5,0,2,64651,0,1,4642,3960,62,5,-682,32325.5,310,1
9,0,0,98091,4,4,14020,15329,66,27,1309,19618.2,1782,1
9,0,2,106280,0,4,14716,13908,67,8,-808,21256.0,536,1
9,0,0,113753,4,4,8385,16459,64,34,8074,22750.6,2176,1
6,0,1,115215,1,6,13066,17095,26,61,4029,16459.285714285714,1586,1
2,0,2,61510,0,2,12541,19556,21,67,7015,20503.333333333332,1407,0
6,0,1,122448,1,5,13689,13912,24,47,223,20408.0,1128,1
9,0,2,83345,0,3,719,1242,65,24,523,20836.25,1560,1
7,1,2,25438,2,0,8817,9899,24,36,1082,25438.0,864,0
9,0,0,118970,4,5,4397,5977,45,29,1580,19828.333333333332,1305,1
9,0,2,80796,0,2,7019,6444,64,49,-575,26932.0,3136,1
4,1,0,47190,2,0,11055,13952,26,16,2897,47190.0,416,0
8,1,2,33277,0,2,1302,1010,27,28,-292,11092.333333333334,756,0
0,0,2,79519,3,8,4753,3548,46,28,-1205,8835.444444444445,1288,1
5,0,2,50494,0,5,10238,12447,14,50,2209,8415.666666666666,700,2
9,0,2,90085,0,3,2704,4319,65,28,1615,22521.25,1820,1
5,0,2,74701,0,6,1736,1468,57,10,-268,10671.57142857143,570,1
4,1,0,49720,2,2,11373,12159,55,40,786,16573.333333333332,2200,0
7,1,2,28158,2,0,8694,10112,0,46,1418,28158.0,0,0
3,2,1,186005,1,8,10891,9844,44,57,-1047,20667.222222222223,2508,1
9,0,0,166463,4,3,2067,1556,75,27,-511,41615.75,2025,1
9,0,0,121434,4,4,12335,24481,31,43,12146,24286.8,1333,1
3,2,1,164261,1,8,7582,10147,48,16,2565,18251.222222222223,768,1
3,2,1,161037,1,7,14377,10226,54,16,-4151,20129.625,864,1
3,2,1,95231,0,4,2666,4299,22,35,1633,19046.2,770,1
3,2,1,190797,1,4,2615,2081,50,34,-534,38159.4,1700,1
9,0,0,97718,0,4,9862,9398,84,35,-464,19543.6,2940,1
9,0,0,157524,4,4,2452,2577,100,53,125,31504.8,5300,1
9,0,0,92095,4,4,9506,18318,57,57,8812,18419.0,3249,1
9,0,0,156948,4,6,4403,9332,67,70,4929,22421.14285714286,4690,1
4,1,0,46037,2,0,2947,3743,55,31,796,46037.0,1705,0
5,0,2,76696,0,2,14291,13478,15,63,-813,25565.333333333332,945,1
0,0,2,94084,3,7,4901,6431,34,57,1530,11760.5,1938,1
3,2,1,98565,0,2,14442,11175,44,17,-3267,32855.0,748,1
4,2,2,73305,0,3,8308,6988,25,43,-1320,18326.25,1075,2
7,1,2,27207,2,2,8782,7451,24,60,-1331,9069.0,1440,0
3,2,1,203302,1,10,2189,2469,32,26,280,18482.0,832,1
1,2,1,61791,4,7,10848,14703,40,72,3855,7723.875,2880,1
6,0,1,139189,1,6,5787,9292,42,20,3505,19884.14285714286,840,1
9,0,0,104156,0,3,7534,13067,71,51,5533,26039.0,3621,1
4,2,2,96224,0,4,10401,7532,49,61,-2869,19244.8,2989,2
9,0,0,120587,0,1,5127,6753,65,65,1626,60293.5,4225,2
9,0,0,150961,4,5,817,1475,98,18,658,25160.166666666668,1764,1
7,1,2,33491,2,1,14106,17384,44,80,3278,16745.5,3520,0
2,0,2,67465,0,2,11903,10898,24,32,-1005,22488.333333333332,768,0
4,2,2,94201,0,7,5575,5960,67,52,385,11775.125,3484,1
2,0,2,94356,0,2,9696,13645,34,50,3949,31452.0,1700,2
0,0,2,76491,3,6,4403,3185,39,32,-1218,10927.285714285714,1248,1
8,1,2,36436,0,1,3096,3814,23,46,718,18218.0,1058,2
9,0,0,124290,4,2,6166,13838,78,29,7672,41430.0,2262,1
9,0,0,112918,0,2,8972,10056,62,63,1084,37639.333333333336,3906,1
9,0,2,97734,0,5,11855,11129,62,44,-726,16289.0,2728,1
9,0,0,127038,4,8,5421,4641,62,47,-780,14115.333333333334,2914,1
4,2,2,91540,0,3,8197,12147,80,17,3950,22885.0,1360,2
9,0,2,112516,0,5,12947,22189,20,51,9242,18752.666666666668,1020,1
4,1,0,43680,2,0,13433,10221,25,64,-3212,43680.0,1600,0
5,0,2,55598,0,6,3315,3766,61,35,451,7942.571428571428,2135,1
2,0,2,71539,0,0,3633,3841,20,87,208,71539.0,1740,0
9,0,2,113959,0,3,10816,15256,69,48,4440,28489.75,3312,1
0,0,2,68925,3,5,5485,7174,12,67,1689,11487.5,804,2
6,0,1,167609,1,9,8076,7866,47,36,-210,16760.9,1692,1
5,0,2,55840,0,1,3199,2353,27,26,-846,27920.0,702,1
0,0,2,89657,3,2,6666,9963,41,21,3297,29885.666666666668,861,1
5,0,2,72948,0,3,2307,2061,28,47,-246,18237.0,1316,1
6,0,1,165725,1,4,7153,5062,3,53,-2091,33145.0,159,1
9,0,2,72600,0,5,8995,13898,48,55,4903,12100.0,2640,1
0,0,2,70562,3,3,3067,4593,41,45,1526,17640.5,1845,1
6,0,1,157180,1,7,9861,7554,40,52,-2307,19647.5,2080,1
4,2,2,86742,0,7,13706,9636,42,6,-4070,10842.75,252,1
2,0,2,66593,0,3,9248,7016,26,34,-2232,16648.25,884,0
3,2,1,87777,0,2,5363,10224,67,46,4861,29259.0,3082,1
2,0,2,74200,0,2,8215,8259,38,67,44,24733.333333333332,2546,2
0,0,2,85822,3,5,7360,9489,21,35,2129,14303.666666666666,735,1
3,2,1,62522,0,3,1000,1519,20,75,519,15630.5,1500,1
3,2,1,172283,1,8,5203,7176,48,55,1973,19142.555555555555,2640,1
3,2,1,177302,1,10,1578,1873,21,72,295,16118.363636363636,1512,1
4,1,0,51065,2,2,6305,6142,34,25,-163,17021.666666666668,850,0
9,0,2,116438,0,7,8329,14532,58,56,6203,14554.75,3248,1
9,0,0,119777,4,2,5218,6418,98,88,1200,39925.666666666664,8624,1
8,1,2,47247,0,2,6757,9303,7,36,2546,15749.0,252,2
9,0,0,155359,4,2,6496,5782,57,49,-714,51786.333333333336,2793,1
3,2,1,149953,1,8,3019,3798,42,58,779,16661.444444444445,2436,1
9,0,2,105305,0,1,7259,7184,55,23,-75,52652.5,1265,1
9,0,2,79956,0,4,1369,1461,88,72,92,15991.2,6336,1
4,2,2,89302,0,3,1884,1880,24,27,-4,22325.5,648,1
6,0,1,152850,1,6,14101,25213,48,13,11112,21835.714285714286,624,1
6,0,1,155872,1,7,2142,3785,46,23,1643,19484.0,1058,1
9,0,0,131356,4,4,8147,10575,9,45,2428,26271.2,405,1
9,0,0,121172,0,4,12144,10771,100,15,-1373,24234.4,1500,1
4,2,2,100152,0,4,8038,6948,16,32,-1090,20030.4,512,1
0,0,2,91768,3,4,3486,3712,29,26,226,18353.6,754,2
2,0,2,62762,0,5,1578,2472,56,67,894,10460.333333333334,3752,2
5,0,2,68712,0,1,14693,15815,3,43,1122,34356.0,129,1
8,1,2,43108,0,2,9864,11837,60,35,1973,14369.333333333334,2100,0
6,0,1,138955,1,5,688,489,34,63,-199,23159.166666666668,2142,1
1,2,1,50812,4,4,4856,7186,34,33,2330,10162.4,1122,1
6,0,1,133261,1,4,10500,11895,36,71,1395,26652.2,2556,1
9,0,2,77079,0,4,5906,8450,95,53,2544,15415.8,5035,1
1,2,1,53853,4,3,12574,18610,40,55,6036,13463.25,2200,1
5,0,2,57757,0,0,13625,18519,35,47,4894,57757.0,1645,1
9,0,0,121703,4,5,3087,3767,49,50,680,20283.833333333332,2450,1
1,2,1,57558,4,5,10942,8953,64,56,-1989,9593.0,3584,1
0,0,2,90734,3,6,13507,18009,52,29,4502,12962.0,1508,1
3,2,1,189003,1,7,7336,14495,48,41,7159,23625.375,1968,1
6,0,1,113939,1,7,11862,16253,24,45,4391,14242.375,1080,1
4,2,2,56191,0,3,8309,5997,28,44,-2312,14047.75,1232,2
7,1,2,31659,2,1,4582,5133,64,48,551,15829.5,3072,0
9,0,0,126934,4,4,13437,13276,83,35,-161,25386.8,2905,1
9,0,0,139134,4,5,7566,16836,77,42,9270,23189.0,3234,1
4,1,0,47069,2,3,5434,6577,61,58,1143,11767.25,3538,0
4,1,0,25000,2,0,13269,14410,40,48,1141,25000.0,1920,0
8,1,2,43352,0,1,5815,5338,40,42,-477,21676.0,1680,0
9,0,0,126963,4,1,12291,18848,56,66,6557,63481.5,3696,1
9,0,0,138038,4,6,10414,19444,57,58,9030,19719.714285714286,3306,1
9,0,0,133196,4,2,9915,11659,70,52,1744,44398.666666666664,3640,1
4,1,0,46770,2,3,10922,12036,33,44,1114,11692.5,1452,0
8,1,2,28839,0,1,5425,4050,68,39,-1375,14419.5,2652,0
8,1,2,41883,0,2,1606,1327,36,53,-279,13961.0,1908,0
2,0,2,71671,0,2,2886,3552,32,69,666,23890.333333333332,2208,0
1,2,1,59543,4,2,8509,9769,36,65,1260,19847.666666666668,2340,1
0,0,2,83375,3,5,12583,19512,71,59,6929,13895.833333333334,4189,1
7,1,2,37240,2,0,4756,5475,52,29,719,37240.0,1508,0
4,1,0,47380,2,2,5155,4880,13,5,-275,15793.333333333334,65,0
3,2,1,104317,0,4,4572,8219,37,56,3647,20863.4,2072,1
8,1,2,32020,0,0,10645,12423,50,29,1778,32020.0,1450,0
3,2,1,180390,1,9,2852,2769,14,71,-83,18039.0,994,1
4,1,0,43137,2,2,7592,5755,55,30,-1837,14379.0,1650,0
7,1,2,25000,2,3,13794,12783,30,33,-1011,6250.0,990,0
3,2,1,155660,1,8,4180,8805,20,75,4625,17295.555555555555,1500,1
9,0,2,100512,0,4,5509,7592,89,38,2083,20102.4,3382,2
3,2,1,97076,0,3,9913,8423,47,26,-1490,24269.0,1222,1
3,2,1,200359,1,10,814,872,29,54,58,18214.454545454544,1566,1
7,1,2,33001,2,0,14486,16623,1,48,2137,33001.0,48,0
4,1,0,44483,2,0,13244,9416,31,17,-3828,44483.0,527,0
0,0,2,74319,3,4,3501,4471,30,22,970,14863.8,660,1
9,0,0,114990,4,3,8911,18384,89,32,9473,28747.5,2848,1
1,2,1,61714,4,3,11869,15034,44,30,3165,15428.5,1320,1
7,1,2,27339,2,0,7982,8225,17,64,243,27339.0,1088,0
9,0,2,84894,0,5,14053,11592,83,67,-2461,14149.0,5561,1
9,0,0,130853,0,4,4126,5337,68,5,1211,26170.6,340,2
9,0,0,117238,4,5,8387,5914,81,64,-2473,19539.666666666668,5184,1
2,0,2,70727,0,0,6076,7030,58,56,954,70727.0,3248,2
3,2,1,86073,0,5,14234,13975,12,36,-259,14345.5,432,1
9,0,0,125348,4,3,3462,3987,81,20,525,31337.0,1620,1
8,1,2,34091,0,3,5582,5083,23,41,-499,8522.75,943,0
0,0,2,74503,3,5,3428,5229,23,44,1801,12417.166666666666,1012,1
2,0,2,57288,0,2,12921,17281,39,60,4360,19096.0,2340,0
6,0,1,154852,1,8,4653,7515,0,42,2862,17205.777777777777,0,1
3,2,1,68891,0,2,9839,17698,50,38,7859,22963.666666666668,1900,1
7,1,2,34207,2,1,3627,3370,56,53,-257,17103.5,2968,0
9,0,0,132791,4,4,1400,1356,98,67,-44,26558.2,6566,1
9,0,2,85257,0,2,6182,8092,76,47,1910,28419.0,3572,1
7,1,2,27185,2,1,1689,2045,46,18,356,13592.5,828,0
9,0,0,125813,4,2,2556,2518,58,53,-38,41937.666666666664,3074,1
0,0,2,93446,3,4,2663,3910,23,56,1247,18689.2,1288,1
9,0,0,120071,0,3,13916,17330,81,57,3414,30017.75,4617,2
5,0,2,67769,0,2,12111,18636,40,32,6525,22589.666666666668,1280,2
7,1,2,30524,2,0,6340,5114,32,59,-1226,30524.0,1888,0
1,2,1,58642,4,4,14577,18029,46,29,3452,11728.4,1334,1
9,0,0,112252,4,6,13672,19744,81,45,6072,16036.0,3645,1
2,0,2,74099,0,4,10888,9106,36,38,-1782,14819.8,1368,2
2,0,2,88359,0,4,2988,4549,43,55,1561,17671.8,2365,0
6,0,1,161511,1,6,11110,8102,36,58,-3008,23073.0,2088,1
7,1,2,27511,2,0,6943,5022,45,56,-1921,27511.0,2520,0
9,0,0,137309,0,1,1789,2853,80,27,1064,68654.5,2160,1
3,2,1,173602,1,8,3060,2439,24,19,-621,19289.11111111111,456,1
0,0,2,71607,3,5,6599,8624,34,62,2025,11934.5,2108,1
9,0,0,154421,4,8,5755,9529,75,32,3774,17157.88888888889,2400,1
1,2,1,48022,4,2,13620,19255,39,39,5635,16007.333333333334,1521,1
5,0,2,81082,0,3,13127,19919,32,41,6792,20270.5,1312,1
9,0,0,96882,0,4,10107,15263,39,52,5156,19376.4,2028,1
0,0,2,99451,3,5,4587,4734,33,21,147,16575.166666666668,693,1
6,0,1,157346,1,10,849,1466,17,33,617,14304.181818181818,561,1
4,1,0,40708,2,0,12672,10539,46,60,-2133,40708.0,2760,0
4,1,0,46825,2,0,11781,14828,36,44,3047,46825.0,1584,0
3,2,1,133253,1,8,4660,10909,22,31,6249,14805.888888888889,682,1
3,2,1,164528,1,9,12180,21973,13,80,9793,16452.8,1040,1
9,0,0,116915,0,1,5958,10969,67,31,5011,58457.5,2077,1
0,0,2,80339,3,6,12893,15191,63,49,2298,11477.0,3087,1
7,1,2,33822,2,0,8629,6068,55,5,-2561,33822.0,275,0
6,0,1,139482,1,6,6927,6566,28,83,-361,19926.0,2324,1
4,2,2,102293,0,4,4278,3001,44,63,-1277,20458.6,2772,1
1,2,1,51293,4,7,10851,15625,72,44,4774,6411.625,3168,1
2,0,2,67667,0,1,7210,10382,29,56,3172,33833.5,1624,0
9,0,0,122268,4,3,14260,10309,100,58,-3951,30567.0,5800,1
9,0,0,113805,0,5,12705,23739,72,52,11034,18967.5,3744,1
9,0,0,148663,4,6,14350,15671,100,29,1321,21237.571428571428,2900,1
3,2,1,90347,0,5,11470,18999,46,42,7529,15057.833333333334,1932,1
3,2,1,92506,0,5,6474,6698,44,43,224,15417.666666666666,1892,1
9,0,2,97976,0,3,5676,7383,46,34,1707,24494.0,1564,1
9,0,0,112239,4,4,14819,28455,81,5,13636,22447.8,405,1
5,0,2,76787,0,6,7640,7505,44,49,-135,10969.57142857143,2156,1
7,1,2,32282,2,1,1180,1153,58,69,-27,16141.0,4002,0
9,0,0,158964,4,3,1396,1462,62,42,66,39741.0,2604,1
3,2,1,178363,1,6,9713,13725,40,53,4012,25480.428571428572,2120,1
1,2,1,54332,4,5,13749,16340,59,11,2591,9055.333333333334,649,1
3,2,1,88616,0,2,11184,12955,73,21,1771,29538.666666666668,1533,1
3,2,1,128688,1,8,7797,9942,15,32,2145,14298.666666666666,480,1
6,0,1,124533,1,8,1767,1261,32,50,-506,13837.0,1600,1
9,0,2,99717,0,3,11736,16177,87,30,4441,24929.25,2610,2
4,1,0,41302,2,3,7421,8017,18,45,596,10325.5,810,0
6,0,1,134560,1,8,8776,13152,11,45,4376,14951.111111111111,495,1
4,1,0,42737,2,1,13041,10198,29,43,-2843,21368.5,1247,0
9,0,0,87661,4,7,2290,2755,50,37,465,10957.625,1850,1
9,0,0,125190,0,4,5161,8846,54,87,3685,25038.0,4698,1
4,1,0,42858,2,4,2073,2609,20,66,536,8571.6,1320,0
4,1,0,52693,2,1,4047,4693,39,59,646,26346.5,2301,0
9,0,0,105390,4,3,8455,18811,82,63,10356,26347.5,5166,1
1,2,1,54117,4,3,8705,10265,32,43,1560,13529.25,1376,1
9,0,0,101141,0,0,9313,10183,58,37,870,101141.0,2146,1
9,0,2,105193,0,2,1126,1002,84,49,-124,35064.333333333336,4116,1
4,2,2,96768,0,5,6901,8531,71,38,1630,16128.0,2698,1
8,1,2,37485,0,2,4482,5360,52,58,878,12495.0,3016,0
1,2,1,46829,4,3,2365,2432,3,63,67,11707.25,189,1
1,2,1,48261,4,5,8251,7474,22,33,-777,8043.5,726,1
4,1,0,42891,2,3,6272,8072,31,55,1800,10722.75,1705,0
1,2,1,61276,4,3,13890,15192,18,50,1302,15319.0,900,1
6,0,1,134221,1,6,7388,11352,15,37,3964,19174.428571428572,555,1
9,0,0,127506,4,7,6242,7491,78,29,1249,15938.25,2262,1
3,2,1,72859,0,3,10186,13597,47,48,3411,18214.75,2256,1
7,1,2,28265,2,2,7057,6965,62,28,-92,9421.666666666666,1736,0
1,2,1,60508,4,5,12929,18071,49,53,5142,10084.666666666666,2597,1
8,1,2,36087,0,0,8341,5971,32,59,-2370,36087.0,1888,2
1,2,1,55878,4,5,1061,1390,5,41,329,9313.0,205,1
5,0,2,77182,0,2,3057,3314,49,31,257,25727.333333333332,1519,2
9,0,0,143531,4,7,14002,25668,85,49,11666,17941.375,4165,1
4,1,0,48162,2,3,10958,14117,27,61,3159,12040.5,1647,0
9,0,0,115787,0,4,11530,10794,100,80,-736,23157.4,8000,1
5,0,2,61918,0,1,3028,2197,26,38,-831,30959.0,988,1
5,0,2,78173,0,3,3953,4862,6,24,909,19543.25,144,1
8,1,2,34369,0,3,5132,6907,70,18,1775,8592.25,1260,2
5,0,2,79309,0,1,8950,8868,57,52,-82,39654.5,2964,2
4,1,0,37757,2,0,12369,11250,79,44,-1119,37757.0,3476,0
1,2,1,69591,4,2,4136,5341,40,39,1205,23197.0,1560,1
4,2,2,94512,0,3,7059,7490,71,36,431,23628.0,2556,1
5,0,2,82841,0,1,14988,21260,52,15,6272,41420.5,780,1
4,2,2,93925,0,4,10304,17051,58,83,6747,18785.0,4814,1
3,2,1,74186,0,3,9833,14721,54,21,4888,18546.5,1134,1
9,0,0,100634,0,3,11011,11229,46,40,218,25158.5,1840,2
7,1,2,36353,2,0,5153,5418,19,63,265,36353.0,1197,0
1,2,1,53790,4,4,3849,5364,56,40,1515,10758.0,2240,1
5,0,2,64846,0,4,1801,1963,48,19,162,12969.2,912,1
8,1,2,41172,0,0,8377,8997,9,55,620,41172.0,495,0
3,2,1,187619,1,8,1078,1522,28,38,444,20846.555555555555,1064,1
8,1,2,39596,0,3,9131,7415,35,26,-1716,9899.0,910,0
4,1,0,49508,2,4,7346,6207,10,51,-1139,9901.6,510,0
7,1,2,33891,2,1,1620,1968,5,63,348,16945.5,315,0
7,1,2,34316,2,1,12998,11663,36,47,-1335,17158.0,1692,0
6,0,1,119820,1,7,2154,3017,61,36,863,14977.5,2196,1
8,1,2,37940,0,1,5486,6456,25,16,970,18970.0,400,0
8,1,2,49714,0,3,1244,1018,43,34,-226,12428.5,1462,0
3,2,1,76525,0,3,10455,17393,47,48,6938,19131.25,2256,1
0,0,2,83395,3,5,7089,6916,20,6,-173,13899.166666666666,120,1
2,0,2,77076,0,0,4578,6004,53,38,1426,77076.0,2014,2
1,2,1,54611,4,4,1299,1803,48,72,504,10922.2,3456,1
9,0,2,89539,0,1,10143,8681,72,48,-1462,44769.5,3456,1
9,0,0,112008,4,1,12292,8903,64,33,-3389,56004.0,2112,1
9,0,0,119039,4,6,6226,13801,77,12,7575,17005.571428571428,924,1
0,0,2,98742,3,7,6170,7274,10,63,1104,12342.75,630,1
7,1,2,31891,2,1,12925,9690,26,63,-3235,15945.5,1638,0
9,0,2,90568,0,2,13124,20987,49,34,7863,30189.333333333332,1666,1
4,1,0,50400,2,3,8312,7607,52,12,-705,12600.0,624,0
4,2,2,79522,0,4,4464,6663,36,49,2199,15904.4,1764,1
3,2,1,97666,0,2,3777,6914,14,38,3137,32555.333333333332,532,1
8,1,2,36232,0,1,8612,10713,26,42,2101,18116.0,1092,0
5,0,2,56533,0,3,2273,2029,44,27,-244,14133.25,1188,1
4,2,2,95614,0,4,3135,2368,26,73,-767,19122.8,1898,2
9,0,0,102808,0,3,6581,11527,48,78,4946,25702.0,3744,1
1,2,1,52997,4,6,8372,7505,21,32,-867,7571.0,672,1
9,0,0,122676,4,3,14461,15524,58,53,1063,30669.0,3074,1
9,0,0,133454,4,2,4802,9384,76,42,4582,44484.666666666664,3192,1
9,0,0,152721,4,4,6643,6925,48,39,282,30544.2,1872,1
7,1,2,32116,2,1,5763,7203,34,47,1440,16058.0,1598,0
3,2,1,78173,0,4,1447,2299,47,71,852,15634.6,3337,1
2,0,2,94617,0,3,10164,14368,51,73,4204,23654.25,3723,0
1,2,1,66135,4,6,12695,17023,49,20,4328,9447.857142857143,980,1
3,2,1,66116,0,4,9733,11893,10,74,2160,13223.2,740,1
6,0,1,136387,1,7,9520,17122,47,79,7602,17048.375,3713,1
3,2,1,179643,1,11,14371,29512,43,25,15141,14970.25,1075,1
8,1,2,40427,0,2,10839,12755,17,24,1916,13475.666666666666,408,0
9,0,2,115432,0,3,9026,9641,100,45,615,28858.0,4500,2
5,0,2,63520,0,2,2713,1994,58,38,-719,21173.333333333332,2204,1
8,1,2,29717,0,3,2095,2825,37,34,730,7429.25,1258,0
9,0,2,113137,0,5,716,568,71,32,-148,18856.166666666668,2272,1
4,2,2,102834,0,0,13501,21962,0,46,8461,102834.0,0,2
9,0,2,105717,0,0,9120,12266,35,46,3146,105717.0,1610,1
4,2,2,72164,0,4,11497,13910,46,35,2413,14432.8,1610,1
9,0,0,136407,4,4,990,1099,58,25,109,27281.4,1450,1
9,0,0,106162,0,2,5268,4379,65,55,-889,35387.333333333336,3575,2
7,1,2,31599,2,0,3078,3167,30,31,89,31599.0,930,0
2,0,2,74803,0,0,10632,16497,30,16,5865,74803.0,480,0
9,0,0,128301,4,4,8556,7339,77,47,-1217,25660.2,3619,1
9,0,0,103163,0,5,7670,13176,96,26,5506,17193.833333333332,2496,1
3,2,1,138832,1,10,11048,18235,64,41,7187,12621.09090909091,2624,1
7,1,2,31643,2,0,4947,3473,53,41,-1474,31643.0,2173,0
4,2,2,85605,0,4,6848,11598,6,55,4750,17121.0,330,2
1,2,1,55038,4,6,10644,11655,47,45,1011,7862.571428571428,2115,1
4,1,0,49911,2,5,3689,4515,10,30,826,8318.5,300,2
9,0,0,116559,0,3,9050,8327,52,39,-723,29139.75,2028,2
4,2,2,101832,0,2,6686,6872,2,79,186,33944.0,158,1
9,0,0,93402,4,4,6018,12211,82,50,6193,18680.4,4100,1
5,0,2,59834,0,4,13246,19951,40,88,6705,11966.8,3520,1
3,2,1,80660,0,2,7122,13220,52,41,6098,26886.666666666668,2132,1
9,0,0,97715,4,2,3218,5216,52,33,1998,32571.666666666668,1716,1
9,0,2,84006,0,1,1112,1223,85,72,111,42003.0,6120,1
9,0,2,101543,0,4,5201,8005,59,41,2804,20308.6,2419,1
7,1,2,29454,2,2,6762,5356,40,60,-1406,9818.0,2400,0
5,0,2,65903,0,5,14477,16661,13,32,2184,10983.833333333334,416,1
9,0,0,137528,4,7,6388,8012,100,29,1624,17191.0,2900,1
3,2,1,66359,0,3,6545,8223,38,27,1678,16589.75,1026,1
3,2,1,163156,1,9,12568,16449,65,56,3881,16315.6,3640,1
0,0,2,86126,3,4,4799,6560,46,53,1761,17225.2,2438,1
6,0,1,146547,1,7,8963,13541,11,53,4578,18318.375,583,1
4,2,2,95767,0,5,14623,19289,32,37,4666,15961.166666666666,1184,2
6,0,1,149593,1,8,696,1299,25,36,603,16621.444444444445,900,1
9,0,0,136259,0,2,7263,5400,82,24,-1863,45419.666666666664,1968,1
8,1,2,37559,0,1,1211,1142,26,48,-69,18779.5,1248,0
4,2,2,91657,0,4,2380,3172,0,22,792,18331.4,0,2
9,0,2,96450,0,2,9988,15799,59,32,5811,32150.0,1888,1
5,0,2,66513,0,2,9137,12691,38,75,3554,22171.0,2850,1
2,0,2,76647,0,1,13137,18629,44,66,5492,38323.5,2904,0
5,0,2,74318,0,3,10901,16271,42,5,5370,18579.5,210,1
9,0,0,103129,4,4,10063,13243,87,40,3180,20625.8,3480,1
8,1,2,48410,0,0,13601,10382,30,57,-3219,48410.0,1710,0
8,1,2,49544,0,2,1858,1579,25,23,-279,16514.666666666668,575,0
9,0,0,164805,4,4,8260,16348,61,63,8088,32961.0,3843,1
3,2,1,188874,1,9,5791,4664,7,53,-1127,18887.4,371,1
4,2,2,76522,0,4,13804,9945,37,60,-3859,15304.4,2220,1
2,0,2,76690,0,2,5463,5386,33,33,-77,25563.333333333332,1089,2
9,0,0,161659,4,4,2871,2450,72,43,-421,32331.8,3096,1
4,2,2,102502,0,4,4752,6182,40,11,1430,20500.4,440,2
9,0,0,143396,4,3,4613,3496,100,37,-1117,35849.0,3700,1
1,2,1,38449,4,6,14203,11984,33,38,-2219,5492.714285714285,1254,1
9,0,2,86844,0,1,12365,9976,72,48,-2389,43422.0,3456,1
9,0,2,81893,0,2,14726,16940,67,37,2214,27297.666666666668,2479,1
9,0,2,105146,0,2,8069,11448,74,24,3379,35048.666666666664,1776,1
2,0,2,73203,0,4,6512,8298,12,81,1786,14640.6,972,0
9,0,2,102047,0,5,1707,1577,68,68,-130,17007.833333333332,4624,1
6,0,1,130674,1,7,9232,8567,27,30,-665,16334.25,810,1
4,1,0,45068,2,0,2998,3322,42,27,324,45068.0,1134,0
3,2,1,77477,0,2,6736,11065,37,41,4329,25825.666666666668,1517,1
4,2,2,88641,0,2,2495,2607,81,59,112,29547.0,4779,1
4,2,2,94309,0,3,2491,2025,8,17,-466,23577.25,136,1
4,2,2,98254,0,3,4572,7360,32,25,2788,24563.5,800,1
8,1,2,33253,0,0,604,742,46,54,138,33253.0,2484,0
9,0,0,101272,0,2,901,743,58,63,-158,33757.333333333336,3654,1
5,0,2,63173,0,0,13320,12092,43,54,-1228,63173.0,2322,1
0,0,2,68687,3,5,8714,12867,16,60,4153,11447.833333333334,960,1
0,0,2,86393,3,5,12695,18449,24,43,5754,14398.833333333334,1032,1
0,0,2,83993,3,3,2170,2489,29,65,319,20998.25,1885,1
4,2,2,85161,0,4,13600,13242,50,47,-358,17032.2,2350,2
9,0,0,129700,4,4,12519,19373,85,54,6854,25940.0,4590,1
0,0,2,81540,3,4,6699,5287,41,74,-1412,16308.0,3034,1
9,0,0,138036,4,4,5477,4586,74,39,-891,27607.2,2886,1
8,1,2,35649,0,0,9678,7639,37,14,-2039,35649.0,518,0
3,2,1,93161,0,5,13231,10713,24,33,-2518,15526.833333333334,792,1
2,0,2,78705,0,3,1538,1082,43,50,-456,19676.25,2150,2
9,0,2,94302,0,5,4789,5274,61,61,485,15717.0,3721,1
2,0,2,57242,0,2,2027,2877,33,37,850,19080.666666666668,1221,2
4,2,2,90452,0,2,1642,2403,40,48,761,30150.666666666668,1920,2
9,0,0,133925,0,2,2316,3399,77,35,1083,44641.666666666664,2695,1
3,2,1,88339,0,4,2196,2979,62,62,783,17667.8,3844,1
9,0,0,126743,4,3,6100,10307,95,53,4207,31685.75,5035,1
4,1,0,49368,2,3,12032,9993,59,29,-2039,12342.0,1711,0
9,0,0,130482,4,6,5658,10812,67,35,5154,18640.285714285714,2345,1
5,0,2,77432,0,2,14817,19509,28,14,4692,25810.666666666668,392,2
3,2,1,84603,0,3,536,673,60,59,137,21150.75,3540,1
2,0,2,50804,0,2,7879,10396,33,53,2517,16934.666666666668,1749,0
1,2,1,61629,4,4,6417,8885,47,49,2468,12325.8,2303,1
9,0,0,137004,4,2,9880,17739,66,44,7859,45668.0,2904,1
4,2,2,100083,0,3,1282,1220,39,36,-62,25020.75,1404,2
5,0,2,73520,0,1,2139,2459,27,47,320,36760.0,1269,1
3,2,1,83969,0,6,13894,17981,0,60,4087,11995.57142857143,0,1
5,0,2,65017,0,1,9127,11858,35,57,2731,32508.5,1995,2
9,0,0,111017,0,2,856,1049,64,49,193,37005.666666666664,3136,1
9,0,0,105065,0,4,4803,4428,50,60,-375,21013.0,3000,1
4,2,2,85657,0,2,6885,7709,51,50,824,28552.333333333332,2550,2
7,1,2,31152,2,0,8262,9297,40,58,1035,31152.0,2320,0
4,2,2,77926,0,4,2998,2282,35,40,-716,15585.2,1400,1
7,1,2,33958,2,1,11336,9443,37,64,-1893,16979.0,2368,0
3,2,1,169824,1,8,4903,10979,30,36,6076,18869.333333333332,1080,1
5,0,2,66672,0,2,12388,9941,0,74,-2447,22224.0,0,1
9,0,0,98099,4,3,4145,3469,61,47,-676,24524.75,2867,1
0,0,2,85945,3,5,7868,12154,15,43,4286,14324.166666666666,645,1
2,0,2,74575,0,1,10629,9033,28,56,-1596,37287.5,1568,2
3,2,1,168357,1,6,9105,21342,60,31,12237,24051.0,1860,1
9,0,0,130659,4,4,10400,10186,52,21,-214,26131.8,1092,1
9,0,2,116285,0,3,10468,9060,97,14,-1408,29071.25,1358,1
4,1,0,52383,2,2,4247,5152,71,17,905,17461.0,1207,2
4,1,0,34843,2,2,10574,7855,60,66,-2719,11614.333333333334,3960,0
9,0,0,109458,0,2,3544,5220,58,61,1676,36486.0,3538,1
2,0,2,78400,0,2,1660,2171,79,63,511,26133.333333333332,4977,0
0,0,2,82940,3,5,6812,10883,28,27,4071,13823.333333333334,756,2
9,0,2,106822,0,1,3249,5469,77,19,2220,53411.0,1463,1
4,2,2,73010,0,2,13755,14138,57,67,383,24336.666666666668,3819,1
7,1,2,28870,2,4,4329,3921,21,47,-408,5774.0,987,0
4,1,0,56057,2,2,11082,9151,24,38,-1931,18685.666666666668,912,0
9,0,0,128164,4,6,6196,5025,55,54,-1171,18309.14285714286,2970,1
6,0,1,147209,1,6,6997,11540,66,40,4543,21029.85714285714,2640,1
9,0,0,112332,0,2,11730,21365,82,21,9635,37444.0,1722,2
9,0,0,110968,0,1,938,1405,52,35,467,55484.0,1820,1
3,2,1,144287,1,7,7152,14879,41,37,7727,18035.875,1517,1
2,0,2,76469,0,3,7168,7902,35,35,734,19117.25,1225,0
9,0,0,128649,4,5,5777,6376,47,42,599,21441.5,1974,1
8,1,2,40778,0,3,1113,788,49,12,-325,10194.5,588,0
6,0,1,150210,1,6,5228,4503,40,83,-725,21458.571428571428,3320,1
9,0,0,131371,4,2,5102,6588,63,47,1486,43790.333333333336,2961,2
2,0,2,56746,0,2,9036,7710,35,59,-1326,18915.333333333332,2065,2
5,0,2,57138,0,3,10321,11270,31,53,949,14284.5,1643,2
6,0,1,142727,1,8,9698,16140,45,43,6442,15858.555555555555,1935,1
4,2,2,88059,0,5,10913,12807,28,75,1894,14676.5,2100,1
0,0,2,89054,3,4,9000,11640,32,52,2640,17810.8,1664,2
2,0,2,66649,0,1,8835,13634,60,43,4799,33324.5,2580,0
1,2,1,50052,4,2,1636,2218,29,26,582,16684.0,754,1
9,0,0,136167,4,5,11143,15198,62,52,4055,22694.5,3224,1
8,1,2,37138,0,0,13740,17881,37,15,4141,37138.0,555,0
9,0,0,123459,4,5,1377,1716,47,56,339,20576.5,2632,1
4,2,2,104626,0,5,8176,6043,46,47,-2133,17437.666666666668,2162,1
4,2,2,101353,0,4,1676,1460,48,64,-216,20270.6,3072,1
5,0,2,57451,0,3,13037,19339,29,50,6302,14362.75,1450,1
3,2,1,90209,0,3,8372,13706,35,55,5334,22552.25,1925,1
3,2,1,184775,1,8,5578,11961,27,61,6383,20530.555555555555,1647,1
9,0,2,85939,0,2,13753,15741,74,29,1988,28646.333333333332,2146,1
0,0,2,88191,3,3,1105,802,24,43,-303,22047.75,1032,1
1,2,1,47831,4,5,2191,1745,40,35,-446,7971.833333333333,1400,1
6,0,1,130756,1,8,14999,26273,43,13,11274,14528.444444444445,559,1
5,0,2,57978,0,0,2246,2022,41,90,-224,57978.0,3690,2
4,1,0,47870,2,3,12933,11649,22,51,-1284,11967.5,1122,0
0,0,2,72304,3,7,1353,1762,80,37,409,9038.0,2960,1
2,0,2,70502,0,4,10593,13944,44,77,3351,14100.4,3388,0
9,0,0,124401,4,4,2020,3922,76,38,1902,24880.2,2888,1
2,0,2,61523,0,3,5312,5925,29,60,613,15380.75,1740,2
4,2,2,84945,0,2,6343,8536,32,70,2193,28315.0,2240,1
0,0,2,73885,3,8,10197,9085,64,60,-1112,8209.444444444445,3840,1
5,0,2,57198,0,2,5076,7524,28,51,2448,19066.0,1428,1
9,0,2,113443,0,3,4322,3928,94,36,-394,28360.75,3384,1
2,0,2,64788,0,2,11372,9813,61,18,-1559,21596.0,1098,0
4,1,0,46307,2,1,7170,8837,43,36,1667,23153.5,1548,0
7,1,2,29476,2,1,3150,3265,23,18,115,14738.0,414,0
3,2,1,145638,1,9,2284,5539,27,39,3255,14563.8,1053,1
4,2,2,79527,0,4,11636,16682,11,63,5046,15905.4,693,1
0,0,2,59574,3,4,3958,3557,34,37,-401,11914.8,1258,1
7,1,2,28664,2,0,4494,4287,15,5,-207,28664.0,75,0
6,0,1,137511,1,6,12904,14052,31,55,1148,19644.428571428572,1705,1
2,0,2,71627,0,2,10612,10265,15,29,-347,23875.666666666668,435,2
3,2,1,168324,1,8,3450,7563,36,42,4113,18702.666666666668,1512,1
3,2,1,86057,0,2,7122,6825,46,37,-297,28685.666666666668,1702,1
9,0,2,98673,0,4,12285,15934,77,15,3649,19734.6,1155,1
4,1,0,49431,2,1,2329,1872,50,47,-457,24715.5,2350,0
5,0,2,68810,0,2,11110,11949,89,17,839,22936.666666666668,1513,1
9,0,2,94569,0,4,2200,3043,80,61,843,18913.8,4880,1
9,0,2,91074,0,2,9804,10708,91,6,904,30358.0,546,1
4,2,2,102859,0,4,7505,11436,53,58,3931,20571.8,3074,1
2,0,2,62601,0,0,8799,6814,36,35,-1985,62601.0,1260,2
4,1,0,42306,2,1,12341,12290,29,77,-51,21153.0,2233,0
6,0,1,151786,1,6,3712,3087,50,31,-625,21683.714285714286,1550,1
0,0,2,96412,3,5,6217,9319,48,46,3102,16068.666666666666,2208,1
8,1,2,34854,0,2,14554,12048,65,39,-2506,11618.0,2535,0
3,2,1,81245,0,4,4491,5411,8,46,920,16249.0,368,1
9,0,0,127397,4,5,14684,14607,71,48,-77,21232.833333333332,3408,1
3,2,1,90719,0,2,13804,22227,6,67,8423,30239.666666666668,402,1
1,2,1,47923,4,6,7925,8415,19,51,490,6846.142857142857,969,1
2,0,2,70427,0,4,11990,18565,51,44,6575,14085.4,2244,0
6,0,1,187386,1,7,4455,7523,42,40,3068,23423.25,1680,1
3,2,1,206544,1,5,3789,5813,38,19,2024,34424.0,722,1
6,0,1,126720,1,6,13035,15656,38,25,2621,18102.85714285714,950,1
6,0,1,136239,1,8,10477,18528,52,57,8051,15137.666666666666,2964,1
5,0,2,63341,0,4,1046,1387,7,5,341,12668.2,35,1
9,0,0,111305,4,3,6484,5717,60,31,-767,27826.25,1860,1
1,2,1,49551,4,7,11003,12326,39,35,1323,6193.875,1365,1
5,0,2,75003,0,3,14798,14656,7,63,-142,18750.75,441,2
0,0,2,84747,3,4,5733,5414,13,56,-319,16949.4,728,1
3,2,1,220616,1,10,2552,2169,17,65,-383,20056.0,1105,1
6,0,1,115276,1,8,12248,22860,11,36,10612,12808.444444444445,396,1
8,1,2,36353,0,0,2732,2069,53,40,-663,36353.0,2120,2
9,0,0,121892,4,5,6942,7703,61,50,761,20315.333333333332,3050,1
1,2,1,55131,4,5,10532,8398,31,50,-2134,9188.5,1550,1
6,0,1,146080,1,7,14867,26018,54,90,11151,18260.0,4860,1
4,2,2,107130,0,4,4808,5446,60,56,638,21426.0,3360,1
2,0,2,73968,0,2,7064,6425,33,78,-639,24656.0,2574,2
0,0,2,63745,3,4,10208,16033,55,45,5825,12749.0,2475,1
4,1,0,48963,2,1,10264,12591,46,58,2327,24481.5,2668,0
9,0,0,123118,4,6,2165,3509,73,51,1344,17588.285714285714,3723,1
3,2,1,96268,0,3,10795,17415,22,22,6620,24067.0,484,1
7,1,2,31204,2,0,8462,9230,12,23,768,31204.0,276,0
0,0,2,81187,3,5,14818,16816,53,19,1998,13531.166666666666,1007,2
3,2,1,140304,1,10,12253,10197,48,84,-2056,12754.90909090909,4032,1
2,0,2,65370,0,1,11336,15697,54,18,4361,32685.0,972,2
5,0,2,64913,0,4,11896,8712,51,66,-3184,12982.6,3366,2
4,1,0,52875,2,0,9363,7405,13,41,-1958,52875.0,533,0
8,1,2,38883,0,3,12744,12132,47,48,-612,9720.75,2256,0
9,0,0,162948,4,4,6432,8723,87,39,2291,32589.6,3393,1
9,0,0,101618,4,5,10401,17045,52,23,6644,16936.333333333332,1196,1
7,1,2,25000,2,0,890,829,42,83,-61,25000.0,3486,0
6,0,1,128862,1,6,3344,5728,58,23,2384,18408.85714285714,1334,1
9,0,0,113536,4,3,616,1145,100,95,529,28384.0,9500,1
3,2,1,96953,0,5,1814,3504,39,70,1690,16158.833333333334,2730,1
3,2,1,104291,0,4,13127,18219,46,38,5092,20858.2,1748,1
9,0,0,127202,0,3,13901,22946,93,64,9045,31800.5,5952,2
8,1,2,39069,0,3,1709,1828,22,14,119,9767.25,308,0
9,0,0,124899,0,3,14362,12119,52,50,-2243,31224.75,2600,2
5,0,2,75431,0,4,3654,4173,49,56,519,15086.2,2744,2
2,0,2,66406,0,3,13407,21104,38,55,7697,16601.5,2090,2
4,2,2,66157,0,2,12738,11314,11,70,-1424,22052.333333333332,770,2
3,2,1,80049,0,5,8925,12051,59,20,3126,13341.5,1180,1
9,0,0,111860,4,4,1937,3161,33,37,1224,22372.0,1221,1
9,0,0,119667,4,4,1268,2472,92,44,1204,23933.4,4048,1
1,2,1,47516,4,4,2792,3499,29,13,707,9503.2,377,1
1,2,1,56802,4,6,14486,12899,31,46,-1587,8114.571428571428,1426,1
3,2,1,78847,0,4,6651,5751,2,58,-900,15769.4,116,1
3,2,1,143986,1,7,1339,2836,65,5,1497,17998.25,325,1
0,0,2,65480,3,5,7133,7455,53,27,322,10913.333333333334,1431,1
9,0,0,137011,4,5,3721,4908,100,54,1187,22835.166666666668,5400,1
9,0,0,119216,0,4,1505,1388,63,25,-117,23843.2,1575,1
3,2,1,99775,0,3,4799,7817,5,47,3018,24943.75,235,1
9,0,0,86225,0,3,8590,10483,77,59,1893,21556.25,4543,1
3,2,1,77652,0,3,4514,4121,33,55,-393,19413.0,1815,1
0,0,2,81139,3,6,6444,5891,25,46,-553,11591.285714285714,1150,1
4,1,0,52312,2,1,7364,6075,42,39,-1289,26156.0,1638,0
3,2,1,195513,1,7,2769,5664,17,58,2895,24439.125,986,1
9,0,0,117326,0,5,13150,18185,61,53,5035,19554.333333333332,3233,2
1,2,1,52609,4,3,2731,2985,27,25,254,13152.25,675,1
9,0,0,137341,4,2,7228,6131,68,30,-1097,45780.333333333336,2040,1
4,2,2,114497,0,4,1837,2026,26,39,189,22899.4,1014,2
4,1,0,44628,2,0,7014,8127,60,40,1113,44628.0,2400,0
9,0,0,114831,0,1,8375,11276,86,36,2901,57415.5,3096,1
9,0,0,84042,0,4,10954,19898,66,32,8944,16808.4,2112,1
0,0,2,76027,3,6,976,1129,40,20,153,10861.0,800,1
9,0,2,75055,0,4,7274,6550,60,55,-724,15011.0,3300,1
4,2,2,90962,0,5,2406,3938,23,35,1532,15160.333333333334,805,1
3,2,1,155624,1,6,4411,6635,72,61,2224,22232.0,4392,1
1,2,1,64435,4,4,3601,4031,74,52,430,12887.0,3848,1
6,0,1,162078,1,6,10751,15431,62,45,4680,23154.0,2790,1
3,2,1,193545,1,8,1583,2586,32,66,1003,21505.0,2112,1
0,0,2,98485,3,2,8076,7745,12,57,-331,32828.333333333336,684,1
2,0,2,55474,0,6,744,963,35,75,219,7924.857142857143,2625,0
9,0,0,111051,4,5,4191,5400,47,66,1209,18508.5,3102,1
3,2,1,70810,0,6,1609,2243,45,77,634,10115.714285714286,3465,1
4,1,0,41350,2,0,4237,3450,40,42,-787,41350.0,1680,0
7,1,2,28580,2,0,2792,2995,51,56,203,28580.0,2856,0
9,0,0,113868,4,3,10904,22811,50,40,11907,28467.0,2000,1
4,2,2,95279,0,5,7941,9868,68,57,1927,15879.833333333334,3876,2
9,0,0,114810,4,6,6734,14222,79,34,7488,16401.428571428572,2686,1
9,0,2,96588,0,5,8054,10440,72,34,2386,16098.0,2448,1
2,0,2,72444,0,4,10412,13826,4,35,3414,14488.8,140,0
3,2,1,135645,1,8,5757,12754,58,15,6997,15071.666666666666,870,1
6,0,1,148189,1,4,3555,2536,46,33,-1019,29637.8,1518,1
9,0,0,160851,4,4,10574,16276,60,49,5702,32170.2,2940,1
4,2,2,66505,0,4,4714,4305,45,18,-409,13301.0,810,1
2,0,2,58908,0,2,11703,15823,52,33,4120,19636.0,1716,0
2,0,2,60368,0,0,12953,20510,23,75,7557,60368.0,1725,2
4,2,2,96480,0,1,12738,15879,47,16,3141,48240.0,752,2
4,2,2,90260,0,3,12025,18780,64,43,6755,22565.0,2752,2
8,1,2,42949,0,1,8811,9069,17,10,258,21474.5,170,0
0,0,2,90546,3,3,14980,15579,47,62,599,22636.5,2914,1
9,0,0,99566,0,0,5564,8045,56,53,2481,99566.0,2968,1
9,0,2,100004,0,0,1259,1127,95,78,-132,100004.0,7410,1
2,0,2,86422,0,1,898,1399,56,27,501,43211.0,1512,0
4,1,0,32713,2,4,9015,7545,57,57,-1470,6542.6,3249,0
7,1,2,30699,2,0,9706,9790,14,5,84,30699.0,70,0
5,0,2,81661,0,2,1895,2459,60,39,564,27220.333333333332,2340,1
7,1,2,29636,2,0,12009,12822,32,51,813,29636.0,1632,0
3,2,1,214982,1,8,11556,17600,37,64,6044,23886.88888888889,2368,1
4,2,2,104358,0,4,10990,16782,21,20,5792,20871.6,420,1
4,1,0,41349,2,4,3234,2561,38,33,-673,8269.8,1254,0
1,2,1,48318,4,6,8346,10251,36,48,1905,6902.571428571428,1728,1
9,0,0,94253,4,4,3313,5940,32,26,2627,18850.6,832,1
3,2,1,167652,1,11,2105,4434,34,42,2329,13971.0,1428,1
9,0,0,92068,4,3,12185,24178,61,69,11993,23017.0,4209,1
8,1,2,35943,0,1,4356,4527,32,40,171,17971.5,1280,0
9,0,0,123246,4,4,2404,3637,67,66,1233,24649.2,4422,1
9,0,0,143111,4,5,12369,26397,79,43,14028,23851.833333333332,3397,1
8,1,2,36189,0,0,12375,15375,28,51,3000,36189.0,1428,0
9,0,2,86423,0,3,2888,4104,73,32,1216,21605.75,2336,1
7,1,2,25000,2,1,8834,10015,28,28,1181,12500.0,784,0
9,0,0,119014,0,2,9268,12518,97,56,3250,39671.333333333336,5432,1
9,0,0,172349,4,5,10698,14649,62,40,3951,28724.833333333332,2480,1
7,1,2,30337,2,2,11278,10765,34,33,-513,10112.333333333334,1122,0
3,2,1,190287,1,7,9802,14850,13,41,5048,23785.875,533,1
5,0,2,68906,0,2,13108,16299,16,77,3191,22968.666666666668,1232,1
4,1,0,52409,2,0,7960,7085,63,38,-875,52409.0,2394,0
9,0,2,86883,0,5,10357,9640,90,37,-717,14480.5,3330,1
5,0,2,64451,0,0,14470,16095,36,49,1625,64451.0,1764,1
7,1,2,31576,2,0,13011,14641,25,19,1630,31576.0,475,0
9,0,0,94834,0,1,9745,18151,44,46,8406,47417.0,2024,2
2,0,2,67006,0,2,12293,10406,47,58,-1887,22335.333333333332,2726,0
2,0,2,56460,0,3,11676,13718,50,52,2042,14115.0,2600,2
9,0,0,124922,0,2,1554,1833,52,29,279,41640.666666666664,1508,1
3,2,1,84249,0,4,4048,6584,49,37,2536,16849.8,1813,1
6,0,1,155630,1,7,7971,13541,39,59,5570,19453.75,2301,1
9,0,2,86295,0,2,12140,14570,45,28,2430,28765.0,1260,1
8,1,2,46434,0,1,2931,3639,1,54,708,23217.0,54,0
8,1,2,41557,0,0,11197,11199,57,11,2,41557.0,627,0
0,0,2,88287,3,6,7562,8585,26,21,1023,12612.42857142857,546,1
9,0,0,130174,0,0,3126,4747,91,6,1621,130174.0,546,2
1,2,1,54472,4,5,5278,5019,52,16,-259,9078.666666666666,832,2
9,0,2,85524,0,2,3907,3833,71,38,-74,28508.0,2698,1
4,2,2,88026,0,3,736,954,14,47,218,22006.5,658,2
9,0,0,133689,4,1,6422,11730,87,42,5308,66844.5,3654,1
9,0,2,95152,0,6,1025,783,60,24,-242,13593.142857142857,1440,2
4,1,0,45437,2,0,2894,2607,59,53,-287,45437.0,3127,0
9,0,0,141119,4,6,10793,8322,80,12,-2471,20159.85714285714,960,1
3,2,1,62340,0,0,9652,13209,28,58,3557,62340.0,1624,1
1,2,1,39488,4,4,8140,11604,9,21,3464,7897.6,189,1
6,0,1,147835,1,7,14238,24849,32,33,10611,18479.375,1056,1
4,2,2,106020,0,4,2312,2067,52,57,-245,21204.0,2964,2
6,0,1,108186,1,6,8228,14500,49,32,6272,15455.142857142857,1568,1
1,2,1,57547,4,4,3821,2818,22,59,-1003,11509.4,1298,1
9,0,0,117189,4,7,10931,21054,34,49,10123,14648.625,1666,1
9,0,2,81175,0,4,12235,14291,56,47,2056,16235.0,2632,1
7,1,2,29328,2,1,12992,15892,36,39,2900,14664.0,1404,0
1,2,1,48634,4,4,6216,6597,36,20,381,9726.8,720,1
9,0,0,151386,4,8,543,898,83,56,355,16820.666666666668,4648,1
9,0,0,124166,4,4,607,882,97,6,275,24833.2,582,1
3,2,1,198483,1,8,7859,8645,43,43,786,22053.666666666668,1849,1
1,2,1,51849,4,5,5332,5721,34,7,389,8641.5,238,1
1,2,1,50546,4,5,8199,8354,26,84,155,8424.333333333334,2184,1
0,0,2,75515,3,4,11533,12923,54,42,1390,15103.0,2268,1
8,1,2,40022,0,3,11671,13809,37,22,2138,10005.5,814,0
5,0,2,68581,0,2,10544,9534,31,16,-1010,22860.333333333332,496,1
4,2,2,84879,0,1,3929,6132,15,14,2203,42439.5,210,1
7,1,2,36055,2,0,1584,1895,51,52,311,36055.0,2652,0
3,2,1,171729,1,6,12482,28854,53,81,16372,24532.714285714286,4293,1
7,1,2,33937,2,0,5939,6963,46,20,1024,33937.0,920,0
3,2,1,84890,0,2,12122,19859,21,71,7737,28296.666666666668,1491,1
9,0,0,124558,4,2,6454,11336,75,57,4882,41519.333333333336,4275,1
9,0,0,113008,4,7,8909,15621,85,77,6712,14126.0,6545,1
3,2,1,207394,1,6,5473,6116,62,36,643,29627.714285714286,2232,1
4,2,2,88201,0,6,4693,6771,41,55,2078,12600.142857142857,2255,2
9,0,0,145374,4,3,7533,5856,77,36,-1677,36343.5,2772,1
9,0,2,106758,0,4,11806,12965,78,57,1159,21351.6,4446,1
9,0,0,119213,4,3,3937,3623,77,45,-314,29803.25,3465,1
9,0,0,150974,4,3,7902,12102,50,60,4200,37743.5,3000,1
9,0,0,170389,4,7,4442,9655,85,73,5213,21298.625,6205,1
9,0,0,118161,4,8,3015,3400,54,5,385,13129.0,270,1
9,0,2,76364,0,5,546,860,63,57,314,12727.333333333334,3591,2
3,2,1,110214,0,7,4951,8630,41,48,3679,13776.75,1968,1
6,0,1,142943,1,7,13922,20224,43,47,6302,17867.875,2021,1
9,0,2,95147,0,3,7985,6677,100,47,-1308,23786.75,4700,1
4,2,2,82692,0,5,3853,5813,48,54,1960,13782.0,2592,2
9,0,0,95458,0,2,7622,12498,78,34,4876,31819.333333333332,2652,2
9,0,0,168793,4,5,14416,18350,68,44,3934,28132.166666666668,2992,1
9,0,0,134623,4,1,14663,19217,66,42,4554,67311.5,2772,1
9,0,0,72796,0,2,14773,24590,38,12,9817,24265.333333333332,456,1
4,1,0,34599,2,1,6994,5399,4,54,-1595,17299.5,216,0
9,0,0,117472,0,2,7414,7559,84,36,145,39157.333333333336,3024,1
3,2,1,186998,1,10,6816,7249,42,55,433,16999.81818181818,2310,1
5,0,2,60250,0,7,12409,18003,55,11,5594,7531.25,605,1
9,0,0,142452,4,3,4575,6136,60,34,1561,35613.0,2040,1
0,0,2,73596,3,5,523,437,14,67,-86,12266.0,938,1
7,1,2,34953,2,0,5062,5715,49,33,653,34953.0,1617,0
9,0,0,109455,0,4,809,945,63,46,136,21891.0,2898,1
9,0,0,104816,0,2,7641,8958,86,36,1317,34938.666666666664,3096,1
2,0,2,75520,0,2,10007,15750,42,36,5743,25173.333333333332,1512,2
9,0,0,137410,4,5,1001,776,66,5,-225,22901.666666666668,330,1
2,0,2,71373,0,4,5253,8145,33,24,2892,14274.6,792,2
1,2,1,52742,4,2,950,1388,20,56,438,17580.666666666668,1120,1
7,1,2,37187,2,1,12441,12672,37,58,231,18593.5,2146,0
5,0,2,69707,0,2,7171,10431,25,22,3260,23235.666666666668,550,2
9,0,0,141027,4,4,10004,21902,70,34,11898,28205.4,2380,1
0,0,2,80855,3,5,11858,13210,10,6,1352,13475.833333333334,60,1
1,2,1,58450,4,5,558,396,31,38,-162,9741.666666666666,1178,1
9,0,0,122587,4,4,5345,11411,86,18,6066,24517.4,1548,1
9,0,0,109136,0,2,6376,4466,90,35,-1910,36378.666666666664,3150,1
7,1,2,35946,2,1,13904,10694,8,71,-3210,17973.0,568,0
3,2,1,81404,0,7,10491,13183,15,70,2692,10175.5,1050,1
3,2,1,178705,1,8,9890,14563,36,69,4673,19856.11111111111,2484,1
9,0,0,108820,0,0,12473,15345,56,63,2872,108820.0,3528,1
9,0,0,105929,0,3,5905,4229,66,50,-1676,26482.25,3300,1
4,1,0,52760,2,2,5929,5891,12,69,-38,17586.666666666668,828,0
9,0,0,130303,4,5,11938,19036,75,36,7098,21717.166666666668,2700,1
4,1,0,41048,2,3,3164,2938,27,31,-226,10262.0,837,0
3,2,1,94089,0,3,13495,24272,36,26,10777,23522.25,936,1
6,0,1,157286,1,4,1286,973,41,37,-313,31457.2,1517,1
1,2,1,41049,4,7,14220,17231,62,36,3011,5131.125,2232,1
9,0,2,110996,0,3,7971,13350,64,24,5379,27749.0,1536,1
3,2,1,85961,0,3,5483,4060,71,15,-1423,21490.25,1065,1
7,1,2,28390,2,0,4940,3473,13,26,-1467,28390.0,338,0
4,1,0,49829,2,0,14440,14301,33,22,-139,49829.0,726,0
5,0,2,69799,0,3,7128,6984,25,34,-144,17449.75,850,1
7,1,2,39021,2,1,12724,12519,67,77,-205,19510.5,5159,0
3,2,1,172849,1,9,6465,15674,0,42,9209,17284.9,0,1
4,2,2,96297,0,5,2245,3478,0,35,1233,16049.5,0,2
9,0,0,105414,0,2,5900,7322,67,68,1422,35138.0,4556,1
0,0,2,82637,3,5,5818,9523,3,38,3705,13772.833333333334,114,1
1,2,1,51541,4,4,11736,10919,49,46,-817,10308.2,2254,1
0,0,2,84786,3,7,3474,5615,4,71,2141,10598.25,284,1
5,0,2,85388,0,5,12036,9563,47,34,-2473,14231.333333333334,1598,1
1,2,1,60336,4,6,9319,12932,48,59,3613,8619.42857142857,2832,1
8,1,2,40803,0,4,1161,1437,58,43,276,8160.6,2494,0
9,0,0,132341,0,6,7793,8569,74,47,776,18905.85714285714,3478,2
1,2,1,62389,4,3,10126,7411,37,16,-2715,15597.25,592,1
9,0,2,114226,0,5,825,711,74,45,-114,19037.666666666668,3330,1
6,0,1,180116,1,7,6377,9875,41,21,3498,22514.5,861,1
6,0,1,121388,1,6,13566,21690,60,55,8124,17341.14285714286,3300,1
9,0,0,125627,4,2,12078,23580,73,76,11502,41875.666666666664,5548,1
5,0,2,54990,0,3,2428,3402,34,67,974,13747.5,2278,1
8,1,2,40623,0,4,1604,2085,47,52,481,8124.6,2444,0
0,0,2,69559,3,5,2650,3949,50,47,1299,11593.166666666666,2350,2
3,2,1,203980,1,8,4107,6370,27,25,2263,22664.444444444445,675,1
4,1,0,43974,2,2,5881,6024,7,70,143,14658.0,490,0
3,2,1,83357,0,4,12474,16175,47,46,3701,16671.4,2162,1
3,2,1,152577,1,9,14906,34471,56,73,19565,15257.7,4088,1
9,0,0,137795,4,5,5840,8649,77,94,2809,22965.833333333332,7238,1
3,2,1,207732,1,9,7164,14585,27,48,7421,20773.2,1296,1
7,1,2,36764,2,0,7789,6507,41,29,-1282,36764.0,1189,0
3,2,1,190003,1,7,10449,13350,35,42,2901,23750.375,1470,1
9,0,0,84283,0,4,11651,10047,81,42,-1604,16856.6,3402,1
4,2,2,73460,0,5,7859,11506,63,80,3647,12243.333333333334,5040,1
4,2,2,71355,0,4,9482,15474,42,50,5992,14271.0,2100,1
9,0,0,134783,4,4,12110,12945,42,53,835,26956.6,2226,1
4,2,2,82380,0,2,5928,7672,57,42,1744,27460.0,2394,2
8,1,2,34447,0,0,2839,3960,32,36,1121,34447.0,1152,0
0,0,2,90371,3,4,4597,3737,54,41,-860,18074.2,2214,1
4,2,2,81258,0,4,14721,10358,0,76,-4363,16251.6,0,1
9,0,0,100156,0,2,6874,11204,87,41,4330,33385.333333333336,3567,1
1,2,1,50014,4,6,9838,13910,62,49,4072,7144.857142857143,3038,1
1,2,1,46293,4,4,9846,9882,41,27,36,9258.6,1107,1
6,0,1,140565,1,3,1138,1481,39,30,343,35141.25,1170,1
6,0,1,171919,1,8,6211,4657,15,74,-1554,19102.11111111111,1110,1
9,0,0,134122,4,6,2405,3674,74,51,1269,19160.285714285714,3774,1
9,0,2,95977,0,1,6708,10982,67,73,4274,47988.5,4891,1
3,2,1,168506,1,8,13227,27957,25,66,14730,18722.88888888889,1650,1
9,0,0,119549,4,0,627,611,51,73,-16,119549.0,3723,1
9,0,2,99292,0,3,4961,5759,55,65,798,24823.0,3575,1
8,1,2,38304,0,1,11653,10300,20,47,-1353,19152.0,940,0
9,0,0,137437,4,2,11503,15769,55,46,4266,45812.333333333336,2530,1
3,2,1,86937,0,4,9966,13258,24,66,3292,17387.4,1584,1
3,2,1,178888,1,7,10615,16870,61,44,6255,22361.0,2684,1
9,0,0,122091,4,3,11753,21747,38,33,9994,30522.75,1254,1
2,0,2,57696,0,0,6896,7813,55,46,917,57696.0,2530,0
4,1,0,35188,2,2,2414,2822,17,56,408,11729.333333333334,952,0
4,1,0,48842,2,0,14215,13984,32,41,-231,48842.0,1312,0
3,2,1,204298,1,7,12871,20663,40,36,7792,25537.25,1440,1
3,2,1,174230,1,9,14981,32589,59,53,17608,17423.0,3127,1
9,0,0,104424,4,4,8143,16623,69,83,8480,20884.8,5727,1
3,2,1,93415,0,6,5879,6831,58,45,952,13345.0,2610,1
6,0,1,178582,1,7,1296,2064,41,28,768,22322.75,1148,1
9,0,2,75810,0,2,9033,8599,68,24,-434,25270.0,1632,1
4,1,0,46882,2,0,9363,11469,70,67,2106,46882.0,4690,0
3,2,1,98264,0,1,6279,7985,43,69,1706,49132.0,2967,1
1,2,1,57093,4,3,6488,7181,55,28,693,14273.25,1540,1
0,0,2,67467,3,7,10572,13596,43,47,3024,8433.375,2021,1
8,1,2,39378,0,4,8897,8828,32,44,-69,7875.6,1408,0
1,2,1,69994,4,4,13164,18410,7,54,5246,13998.8,378,1
4,2,2,116893,0,3,4347,5355,57,18,1008,29223.25,1026,2
5,0,2,60804,0,1,6986,9589,32,52,2603,30402.0,1664,2
9,0,0,116981,4,5,12161,24115,12,22,11954,19496.833333333332,264,1
9,0,0,120466,4,2,11068,19884,72,61,8816,40155.333333333336,4392,1
5,0,2,69028,0,4,4386,3287,48,45,-1099,13805.6,2160,1
3,2,1,158841,1,8,5162,7278,54,62,2116,17649.0,3348,1
3,2,1,186384,1,9,10522,13292,16,44,2770,18638.4,704,1
4,2,2,94410,0,5,5033,4775,4,46,-258,15735.0,184,1
5,0,2,64499,0,3,11706,18448,0,8,6742,16124.75,0,2
0,0,2,86540,3,4,13606,16745,30,33,3139,17308.0,990,1
2,0,2,69934,0,4,2307,2910,39,61,603,13986.8,2379,0
5,0,2,72549,0,0,7102,8534,17,30,1432,72549.0,510,1
6,0,1,167569,1,7,14071,19502,28,62,5431,20946.125,1736,1
4,1,0,49128,2,1,7480,7501,42,40,21,24564.0,1680,0
8,1,2,46908,0,2,10989,8329,64,69,-2660,15636.0,4416,0
2,0,2,63693,0,3,11218,17525,58,30,6307,15923.25,1740,0
2,0,2,66153,0,3,13092,15166,31,36,2074,16538.25,1116,0
0,0,2,98634,3,3,6310,7342,12,68,1032,24658.5,816,2
9,0,0,121242,0,3,11794,16473,61,50,4679,30310.5,3050,1
9,0,0,155478,4,1,13612,14628,81,44,1016,77739.0,3564,1
9,0,2,90707,0,0,6085,4644,69,76,-1441,90707.0,5244,1
3,2,1,100448,0,6,8944,16012,35,64,7068,14349.714285714286,2240,1
6,0,1,114038,1,8,10514,19666,36,63,9152,12670.888888888889,2268,1
7,1,2,28705,2,1,10767,12210,13,33,1443,14352.5,429,0
4,1,0,39968,2,2,1387,1034,33,47,-353,13322.666666666666,1551,0
4,2,2,96995,0,2,10428,8003,52,53,-2425,32331.666666666668,2756,1
8,1,2,38119,0,2,6461,7124,60,33,663,12706.333333333334,1980,2
0,0,2,93135,3,5,5648,5814,54,25,166,15522.5,1350,2
1,2,1,60525,4,7,12891,13603,36,20,712,7565.625,720,1
6,0,1,150051,1,7,11508,10539,29,22,-969,18756.375,638,1
7,1,2,27809,2,0,7326,7264,32,58,-62,27809.0,1856,0
9,0,0,104042,0,2,6699,12076,74,52,5377,34680.666666666664,3848,1
1,2,1,47143,4,3,5569,5819,81,62,250,11785.75,5022,1
2,0,2,82827,0,3,11595,10127,20,62,-1468,20706.75,1240,0
5,0,2,49550,0,0,14279,15460,47,67,1181,49550.0,3149,1
9,0,0,72269,4,3,7755,9836,45,6,2081,18067.25,270,1
4,2,2,98193,0,3,11751,10519,0,62,-1232,24548.25,0,2
5,0,2,73653,0,4,6855,9615,41,15,2760,14730.6,615,1
6,0,1,143210,1,7,11740,21196,13,18,9456,17901.25,234,1
7,1,2,26897,2,2,11273,9123,52,34,-2150,8965.666666666666,1768,0
3,2,1,96538,0,2,10763,12695,25,5,1932,32179.333333333332,125,1
5,0,2,57730,0,1,8820,11910,46,71,3090,28865.0,3266,2
9,0,2,89030,0,3,6855,6502,59,50,-353,22257.5,2950,1
9,0,0,156879,4,5,2934,5488,43,57,2554,26146.5,2451,1
9,0,2,95106,0,3,12222,10684,65,21,-1538,23776.5,1365,1
7,1,2,26053,2,1,5128,6281,48,36,1153,13026.5,1728,0
9,0,2,108733,0,5,3598,4131,47,53,533,18122.166666666668,2491,1
3,2,1,180668,1,9,10131,11383,56,27,1252,18066.8,1512,1
7,1,2,32800,2,1,2628,2615,25,9,-13,16400.0,225,0
7,1,2,32108,2,3,11675,14394,43,42,2719,8027.0,1806,0
4,1,0,45291,2,2,3568,4148,63,42,580,15097.0,2646,0
9,0,0,120544,0,3,13033,24744,65,82,11711,30136.0,5330,2
6,0,1,159585,1,7,13957,22154,48,49,8197,19948.125,2352,1
7,1,2,25000,2,1,3704,2964,43,46,-740,12500.0,1978,0
5,0,2,57168,0,2,4397,4551,58,58,154,19056.0,3364,1
4,1,0,45127,2,2,11493,14300,18,31,2807,15042.333333333334,558,0
4,2,2,97930,0,5,2447,3849,5,60,1402,16321.666666666666,300,2
3,2,1,143085,1,9,7880,13202,36,56,5322,14308.5,2016,1
2,0,2,65872,0,6,10235,12196,58,39,1961,9410.285714285714,2262,0
9,0,2,103769,0,5,2788,4021,90,59,1233,17294.833333333332,5310,1
9,0,2,101463,0,2,4888,5159,68,42,271,33821.0,2856,1
5,0,2,59562,0,4,1726,1742,28,23,16,11912.4,644,1
8,1,2,49198,0,0,13479,18573,0,35,5094,49198.0,0,0
7,1,2,28316,2,0,1046,1068,61,25,22,28316.0,1525,0
9,0,2,100380,0,2,12138,18873,53,45,6735,33460.0,2385,1
7,1,2,34497,2,0,6531,5466,0,34,-1065,34497.0,0,0
4,1,0,44792,2,4,7897,9113,36,56,1216,8958.4,2016,0
6,0,1,146345,1,6,2937,3183,38,11,246,20906.428571428572,418,1
9,0,0,118948,4,3,7235,13501,50,52,6266,29737.0,2600,1
5,0,2,73264,0,3,4620,5400,42,92,780,18316.0,3864,2
9,0,2,72728,0,5,7350,12614,62,60,5264,12121.333333333334,3720,1
2,0,2,75498,0,2,13491,11047,30,45,-2444,25166.0,1350,0
3,2,1,192741,1,8,4990,4727,3,46,-263,21415.666666666668,138,1
4,2,2,100376,0,4,6916,8917,39,42,2001,20075.2,1638,1
4,2,2,82646,0,2,3123,2438,32,32,-685,27548.666666666668,1024,2
1,2,1,57298,4,6,9735,14079,15,34,4344,8185.428571428572,510,1
6,0,1,166680,1,7,11357,21089,32,53,9732,20835.0,1696,1
9,0,0,109067,0,1,10901,14869,77,50,3968,54533.5,3850,1
5,0,2,71245,0,2,11591,9427,80,72,-2164,23748.333333333332,5760,1
0,0,2,97046,3,6,7356,10334,4,52,2978,13863.714285714286,208,2
9,0,0,134989,4,2,7669,9383,100,45,1714,44996.333333333336,4500,1
9,0,0,108580,0,2,3020,2475,66,42,-545,36193.333333333336,2772,2
0,0,2,85391,3,2,2948,3569,48,53,621,28463.666666666668,2544,1
3,2,1,82800,0,5,4380,3765,65,64,-615,13800.0,4160,1
7,1,2,26059,2,0,6827,5644,60,84,-1183,26059.0,5040,0
2,0,2,64200,0,2,7368,8984,17,80,1616,21400.0,1360,0
4,1,0,42332,2,4,6278,7396,38,47,1118,8466.4,1786,0
3,2,1,78407,0,5,571,984,36,49,413,13067.833333333334,1764,1
7,1,2,27740,2,2,6557,5143,18,48,-1414,9246.666666666666,864,0
4,2,2,103053,0,4,6072,6215,52,54,143,20610.6,2808,1
7,1,2,30776,2,1,1336,1348,0,80,12,15388.0,0,0
8,1,2,47786,0,3,3977,3723,23,51,-254,11946.5,1173,0
8,1,2,35582,0,2,608,471,67,55,-137,11860.666666666666,3685,0
5,0,2,64020,0,1,8483,12571,19,45,4088,32010.0,855,1
3,2,1,186231,1,5,13640,17551,61,5,3911,31038.5,305,1
6,0,1,132275,1,6,13502,16445,30,21,2943,18896.428571428572,630,1
9,0,2,83967,0,4,11086,10047,76,43,-1039,16793.4,3268,1
5,0,2,78158,0,2,7216,5892,67,26,-1324,26052.666666666668,1742,2
3,2,1,198344,1,6,12348,11611,48,56,-737,28334.85714285714,2688,1
9,0,0,105399,4,2,4806,6520,82,56,1714,35133.0,4592,1
9,0,0,123621,4,5,978,773,94,54,-205,20603.5,5076,1
9,0,0,159701,4,4,11875,17082,97,34,5207,31940.2,3298,1
8,1,2,46367,0,3,9766,12744,54,57,2978,11591.75,3078,2
4,1,0,43535,2,3,11324,13588,23,34,2264,10883.75,782,0
8,1,2,45062,0,2,9721,11012,26,30,1291,15020.666666666666,780,0
9,0,0,104619,4,5,11733,13134,63,44,1401,17436.5,2772,1
9,0,0,142261,4,7,1516,3188,64,39,1672,17782.625,2496,1
5,0,2,69530,0,3,6636,9349,30,42,2713,17382.5,1260,1
3,2,1,97298,0,3,882,1296,32,57,414,24324.5,1824,1
9,0,0,114739,0,2,8002,13858,77,56,5856,38246.333333333336,4312,1
9,0,0,145611,4,3,7572,11374,66,44,3802,36402.75,2904,1
9,0,0,134139,4,5,12317,8994,75,39,-3323,22356.5,2925,1
7,1,2,28324,2,0,11611,11086,51,60,-525,28324.0,3060,0
9,0,0,120676,4,5,1133,871,70,14,-262,20112.666666666668,980,1
9,0,2,98963,0,4,10068,14573,90,59,4505,19792.6,5310,2
2,0,2,78678,0,2,5568,4442,31,67,-1126,26226.0,2077,0
9,0,0,136408,4,3,7989,15622,95,30,7633,34102.0,2850,1
3,2,1,183343,1,8,8292,14126,40,35,5834,20371.444444444445,1400,1
6,0,1,140208,1,7,2376,2266,31,53,-110,17526.0,1643,1
9,0,0,120868,4,7,12429,18268,56,38,5839,15108.5,2128,1
1,2,1,41949,4,5,11134,14078,61,28,2944,6991.5,1708,1
3,2,1,80721,0,6,4393,4579,72,9,186,11531.57142857143,648,1
3,2,1,222755,1,9,12537,11579,28,13,-958,22275.5,364,1
4,1,0,40220,2,2,10269,10916,36,27,647,13406.666666666666,972,0
3,2,1,138919,1,8,6691,10249,65,41,3558,15435.444444444445,2665,1
9,0,0,109471,4,3,2342,3824,66,52,1482,27367.75,3432,1
0,0,2,86171,3,3,6024,9866,44,11,3842,21542.75,484,2
9,0,0,131296,4,4,8370,14326,74,55,5956,26259.2,4070,1
9,0,0,131183,4,5,3339,6804,75,26,3465,21863.833333333332,1950,1
9,0,0,138288,4,5,14686,21208,37,39,6522,23048.0,1443,1
6,0,1,135071,1,5,9662,9760,24,56,98,22511.833333333332,1344,1
6,0,1,159305,1,6,2880,3926,49,25,1046,22757.85714285714,1225,1
9,0,2,103817,0,3,11188,15863,78,44,4675,25954.25,3432,1
5,0,2,54171,0,3,12765,16515,20,40,3750,13542.75,800,1
9,0,0,148154,4,5,7938,15288,56,21,7350,24692.333333333332,1176,1
7,1,2,34605,2,0,5187,3672,30,43,-1515,34605.0,1290,0
1,2,1,55398,4,4,5810,8653,48,38,2843,11079.6,1824,1
4,1,0,41198,2,1,9371,9909,44,33,538,20599.0,1452,0
6,0,1,112786,1,6,7789,11677,64,56,3888,16112.285714285714,3584,1
6,0,1,153287,1,7,9470,9327,37,31,-143,19160.875,1147,1
9,0,0,126336,4,2,7057,11355,48,24,4298,42112.0,1152,1
9,0,0,155196,4,5,3101,5371,74,60,2270,25866.0,4440,1
0,0,2,69215,3,4,11865,16244,20,37,4379,13843.0,740,1
9,0,0,100840,0,2,3242,2493,91,60,-749,33613.333333333336,5460,1
3,2,1,178611,1,7,9567,21066,17,8,11499,22326.375,136,1
6,0,1,141945,1,6,5269,3935,14,65,-1334,20277.85714285714,910,1
8,1,2,37405,0,2,12029,15714,53,37,3685,12468.333333333334,1961,0
7,1,2,31828,2,0,8745,10393,27,37,1648,31828.0,999,0
7,1,2,30616,2,2,2750,2341,15,43,-409,10205.333333333334,645,0
5,0,2,77884,0,3,7190,7972,11,48,782,19471.0,528,1
0,0,2,90282,3,6,9803,12801,38,47,2998,12897.42857142857,1786,1
0,0,2,84200,3,2,11847,18992,29,18,7145,28066.666666666668,522,1
3,2,1,76693,0,6,7489,14217,56,28,6728,10956.142857142857,1568,1
5,0,2,59610,0,4,3049,3449,31,58,400,11922.0,1798,1
6,0,1,142646,1,10,13878,17416,0,67,3538,12967.818181818182,0,1
9,0,0,123147,4,4,6427,8406,30,8,1979,24629.4,240,1
9,0,2,92374,0,2,7922,11821,69,24,3899,30791.333333333332,1656,1
5,0,2,65959,0,2,11884,16544,65,35,4660,21986.333333333332,2275,1
5,0,2,69415,0,4,8607,13512,32,83,4905,13883.0,2656,1
6,0,1,137637,1,8,9287,15998,22,30,6711,15293.0,660,1
9,0,0,154664,4,4,7733,9936,69,52,2203,30932.8,3588,1
4,2,2,87709,0,5,11917,8409,32,83,-3508,14618.166666666666,2656,1
2,0,2,69641,0,2,7325,7657,43,60,332,23213.666666666668,2580,0
5,0,2,66461,0,3,8169,12722,29,5,4553,16615.25,145,1
4,2,2,92038,0,3,14713,21509,41,63,6796,23009.5,2583,1
8,1,2,30416,0,0,1915,1743,40,50,-172,30416.0,2000,0
6,0,1,156950,1,7,10573,15329,33,51,4756,19618.75,1683,1
1,2,1,59943,4,5,10439,12710,0,53,2271,9990.5,0,1
6,0,1,134078,1,7,3009,3696,0,67,687,16759.75,0,1
2,0,2,63394,0,1,3040,3296,39,62,256,31697.0,2418,2
1,2,1,51796,4,4,1504,1541,36,26,37,10359.2,936,1
9,0,0,127105,4,3,8899,12962,50,36,4063,31776.25,1800,1
6,0,1,149426,1,6,7070,9166,35,78,2096,21346.571428571428,2730,1
4,1,0,42891,2,2,11049,13135,25,39,2086,14297.0,975,0
2,0,2,79305,0,3,2458,3022,22,33,564,19826.25,726,2
9,0,0,121363,4,4,521,908,70,46,387,24272.6,3220,1
9,0,2,110320,0,4,14683,13124,75,50,-1559,22064.0,3750,1
9,0,0,89956,0,3,11075,13814,46,56,2739,22489.0,2576,1
8,1,2,40350,0,0,1045,1448,0,46,403,40350.0,0,0
8,1,2,37369,0,0,12437,15130,57,79,2693,37369.0,4503,0
1,2,1,51346,4,6,8942,10412,47,44,1470,7335.142857142857,2068,1
4,2,2,85247,0,5,3797,3804,25,23,7,14207.833333333334,575,2
4,1,0,41181,2,0,14251,10255,59,24,-3996,41181.0,1416,0
8,1,2,40790,0,1,5507,7239,53,48,1732,20395.0,2544,0
0,0,2,72852,3,4,9957,8087,22,39,-1870,14570.4,858,1
3,2,1,88861,0,2,1550,1634,16,30,84,29620.333333333332,480,1
5,0,2,78054,0,4,10045,8943,42,23,-1102,15610.8,966,1
9,0,2,94584,0,1,2518,4144,44,40,1626,47292.0,1760,1
4,2,2,88328,0,4,12980,19979,43,70,6999,17665.6,3010,1
9,0,0,147176,4,3,9620,7871,62,67,-1749,36794.0,4154,1
9,0,2,95561,0,3,6612,5634,70,48,-978,23890.25,3360,1
9,0,0,89892,0,3,14237,15802,73,40,1565,22473.0,2920,1
4,2,2,98801,0,4,795,1116,69,57,321,19760.2,3933,1
3,2,1,161515,1,8,10394,17896,38,75,7502,17946.11111111111,2850,1
3,2,1,186974,1,9,9615,14778,41,34,5163,18697.4,1394,1
1,2,1,61474,4,1,823,798,10,5,-25,30737.0,50,2
5,0,2,63692,0,2,545,408,51,56,-137,21230.666666666668,2856,2
5,0,2,51997,0,1,519,676,30,65,157,25998.5,1950,1
4,2,2,75502,0,4,12360,9395,48,31,-2965,15100.4,1488,1
5,0,2,70899,0,1,14790,19816,39,46,5026,35449.5,1794,1
7,1,2,31403,2,0,3294,2575,28,49,-719,31403.0,1372,0
5,0,2,74395,0,3,8156,8784,18,23,628,18598.75,414,2
4,1,0,43981,2,2,1398,1208,32,50,-190,14660.333333333334,1600,0
0,0,2,88595,3,7,5173,6353,49,34,1180,11074.375,1666,1
2,0,2,73055,0,3,4204,6238,47,60,2034,18263.75,2820,0
8,1,2,53086,0,0,9477,12130,23,44,2653,53086.0,1012,0
7,1,2,25524,2,0,12493,12108,51,55,-385,25524.0,2805,0
3,2,1,193929,1,9,6714,15317,34,56,8603,19392.9,1904,1
4,1,0,43547,2,3,2984,3797,40,57,813,10886.75,2280,0
8,1,2,40565,0,1,1863,1492,5,61,-371,20282.5,305,2
7,1,2,27305,2,0,1603,1856,58,70,253,27305.0,4060,0
9,0,0,145565,4,3,14077,11143,65,47,-2934,36391.25,3055,1
6,0,1,156184,1,6,508,402,18,52,-106,22312.0,936,1
3,2,1,91353,0,3,8183,12504,23,36,4321,22838.25,828,1
0,0,2,91804,3,4,2238,2135,46,33,-103,18360.8,1518,2
1,2,1,52303,4,4,12573,10374,55,46,-2199,10460.6,2530,1
9,0,0,120530,4,5,12403,19487,69,31,7084,20088.333333333332,2139,1
9,0,0,109950,4,5,6598,11681,68,5,5083,18325.0,340,1
9,0,0,125437,4,5,6201,7020,74,40,819,20906.166666666668,2960,1
3,2,1,146870,1,7,8258,18019,66,42,9761,18358.75,2772,1
3,2,1,68327,0,2,12994,13433,57,30,439,22775.666666666668,1710,1
4,1,0,47928,2,1,11684,9737,49,57,-1947,23964.0,2793,0
9,0,0,141642,4,4,1036,1528,80,55,492,28328.4,4400,1
9,0,0,83284,4,2,11552,10862,82,66,-690,27761.333333333332,5412,1
3,2,1,193327,1,9,8211,18750,34,53,10539,19332.7,1802,1
6,0,1,124547,1,5,10729,16714,19,27,5985,20757.833333333332,513,1
5,0,2,66758,0,2,4907,3508,72,23,-1399,22252.666666666668,1656,2
3,2,1,91692,0,0,11851,14586,21,42,2735,91692.0,882,1
3,2,1,97565,0,5,4269,4773,32,26,504,16260.833333333334,832,1
8,1,2,29884,0,3,5764,7963,8,23,2199,7471.0,184,0
0,0,2,108567,3,5,12762,16270,49,34,3508,18094.5,1666,1
4,1,0,47974,2,1,5566,5194,5,21,-372,23987.0,105,0
0,0,2,74091,3,5,12953,13014,38,43,61,12348.5,1634,1
7,1,2,32249,2,2,2979,3471,11,20,492,10749.666666666666,220,0
3,2,1,91039,0,2,11611,13249,10,60,1638,30346.333333333332,600,1
4,2,2,101559,0,3,12656,18552,27,46,5896,25389.75,1242,1
3,2,1,70033,0,2,11124,18051,51,59,6927,23344.333333333332,3009,1
9,0,0,100481,4,2,5108,6143,59,21,1035,33493.666666666664,1239,1
8,1,2,40730,0,1,5156,4368,3,46,-788,20365.0,138,0
7,1,2,30010,2,0,13255,16315,58,44,3060,30010.0,2552,0
5,0,2,70447,0,2,5279,5605,36,19,326,23482.333333333332,684,1
4,2,2,80728,0,4,13392,14978,37,58,1586,16145.6,2146,2
9,0,0,96611,0,4,3574,5337,63,38,1763,19322.2,2394,1
5,0,2,66973,0,2,13295,12793,57,52,-502,22324.333333333332,2964,1
4,2,2,81179,0,8,4264,4009,13,38,-255,9019.888888888889,494,2
4,2,2,106165,0,4,7442,6697,31,5,-745,21233.0,155,1
4,1,0,42135,2,1,9895,12300,39,64,2405,21067.5,2496,0
5,0,2,53491,0,3,6714,9520,27,72,2806,13372.75,1944,1
9,0,0,82344,0,3,12682,20835,36,44,8153,20586.0,1584,1
4,2,2,96066,0,3,578,832,41,82,254,24016.5,3362,2
7,1,2,33097,2,1,6127,6200,60,50,73,16548.5,3000,2
4,2,2,93171,0,5,1948,1780,48,74,-168,15528.5,3552,1
2,0,2,59213,0,2,10309,10640,37,59,331,19737.666666666668,2183,0
4,2,2,93410,0,3,6450,9249,38,18,2799,23352.5,684,1
2,0,2,62929,0,2,10582,13801,30,30,3219,20976.333333333332,900,0
1,2,1,49316,4,5,8841,12069,47,29,3228,8219.333333333334,1363,1
2,0,2,66274,0,2,4970,3942,15,68,-1028,22091.333333333332,1020,2
3,2,1,164821,1,8,1071,2447,12,43,1376,18313.444444444445,516,1
9,0,0,146153,4,5,3964,5230,98,39,1266,24358.833333333332,3822,1
1,2,1,58160,4,6,7066,7847,73,29,781,8308.57142857143,2117,1
2,0,2,82614,0,3,12533,17171,35,20,4638,20653.5,700,0
3,2,1,71042,0,5,6324,4879,33,20,-1445,11840.333333333334,660,1
2,0,2,70882,0,2,4850,4015,32,52,-835,23627.333333333332,1664,0
9,0,0,96117,4,5,9755,14020,52,44,4265,16019.5,2288,1
3,2,1,190238,1,7,9639,19363,25,30,9724,23779.75,750,1
9,0,2,96643,0,0,3492,5563,65,66,2071,96643.0,4290,2
7,1,2,26071,2,0,13031,12969,37,61,-62,26071.0,2257,0
7,1,2,29593,2,2,2881,2987,23,47,106,9864.333333333334,1081,0
4,1,0,47019,2,1,10185,13155,65,56,2970,23509.5,3640,0
9,0,0,111826,0,3,2409,2730,93,67,321,27956.5,6231,1
4,1,0,46405,2,3,1429,1606,43,87,177,11601.25,3741,0
7,1,2,32773,2,0,13618,10202,27,27,-3416,32773.0,729,0
1,2,1,58351,4,5,4600,6852,19,23,2252,9725.166666666666,437,1
3,2,1,73899,0,4,7451,5826,45,43,-1625,14779.8,1935,1
3,2,1,180946,1,7,9575,22927,30,52,13352,22618.25,1560,1
3,2,1,177252,1,8,4143,7689,56,53,3546,19694.666666666668,2968,1
9,0,0,127589,0,1,4477,3313,92,64,-1164,63794.5,5888,1
0,0,2,86384,3,5,9951,10527,64,83,576,14397.333333333334,5312,1
9,0,0,117911,0,2,8693,11219,53,20,2526,39303.666666666664,1060,2
9,0,0,129114,4,3,13914,17867,61,46,3953,32278.5,2806,1
4,1,0,37072,2,3,11877,12029,27,38,152,9268.0,1026,0
3,2,1,94593,0,0,5005,9682,50,23,4677,94593.0,1150,1
9,0,0,120984,4,5,14878,16897,76,32,2019,20164.0,2432,1
6,0,1,157385,1,6,3059,3721,38,27,662,22483.571428571428,1026,1
3,2,1,84585,0,6,14564,21964,22,56,7400,12083.57142857143,1232,1
2,0,2,67043,0,4,3037,4637,15,48,1600,13408.6,720,0
3,2,1,168105,1,5,8615,17809,33,30,9194,28017.5,990,1
9,0,0,124343,4,5,5987,10204,41,45,4217,20723.833333333332,1845,1
2,0,2,60451,0,0,9456,11212,5,32,1756,60451.0,160,2
0,0,2,81287,3,5,9911,12180,15,28,2269,13547.833333333334,420,1
0,0,2,84256,3,6,14989,21624,34,51,6635,12036.57142857143,1734,1
6,0,1,159923,1,7,13470,10599,19,51,-2871,19990.375,969,1
0,0,2,96591,3,4,2170,2012,58,35,-158,19318.2,2030,1
9,0,0,165584,4,2,1552,2442,75,35,890,55194.666666666664,2625,1
5,0,2,68904,0,3,11691,8539,51,79,-3152,17226.0,4029,1
3,2,1,212269,1,8,12441,13006,75,58,565,23585.444444444445,4350,1
2,0,2,74460,0,2,7821,12334,20,49,4513,24820.0,980,0
8,1,2,41518,0,1,580,615,41,63,35,20759.0,2583,0
9,0,0,136449,4,5,10066,10075,63,9,9,22741.5,567,1
6,0,1,165647,1,8,7965,5639,18,47,-2326,18405.222222222223,846,1
5,0,2,65567,0,2,12313,10672,41,34,-1641,21855.666666666668,1394,1
6,0,1,160200,1,5,4629,5253,14,40,624,26700.0,560,1
4,2,2,101403,0,4,14911,14701,30,29,-210,20280.6,870,1
9,0,0,132122,0,2,4796,5011,64,67,215,44040.666666666664,4288,1
9,0,0,92571,0,3,8004,11889,62,48,3885,23142.75,2976,1
5,0,2,61428,0,3,6004,6517,52,86,513,15357.0,4472,1
9,0,0,97075,4,7,13749,21918,78,33,8169,12134.375,2574,1
7,1,2,25450,2,0,13617,14568,45,43,951,25450.0,1935,0
3,2,1,196195,1,9,14134,12875,32,46,-1259,19619.5,1472,1
8,1,2,48659,0,0,7807,5589,14,50,-2218,48659.0,700,0
3,2,1,179225,1,7,8748,13640,58,78,4892,22403.125,4524,1
3,2,1,85805,0,3,10636,20324,27,40,9688,21451.25,1080,1
3,2,1,188561,1,9,9376,16553,41,53,7177,18856.1,2173,1
5,0,2,58441,0,1,8210,8074,48,22,-136,29220.5,1056,1
2,0,2,74318,0,5,5067,6836,44,37,1769,12386.333333333334,1628,2
1,2,1,41050,4,6,4726,6123,48,53,1397,5864.285714285715,2544,1
4,2,2,83280,0,4,5331,3895,37,52,-1436,16656.0,1924,2
9,0,2,96947,0,3,5048,5047,91,28,-1,24236.75,2548,1
9,0,0,103192,0,4,10500,15198,81,61,4698,20638.4,4941,1
4,1,0,46936,2,3,10023,9433,15,56,-590,11734.0,840,0
8,1,2,38358,0,3,553,435,0,49,-118,9589.5,0,0
3,2,1,180594,1,6,7626,13721,52,53,6095,25799.14285714286,2756,1
4,1,0,49701,2,0,7933,9030,24,51,1097,49701.0,1224,0
3,2,1,107017,0,2,1548,1958,33,80,410,35672.333333333336,2640,1
9,0,2,102496,0,5,4615,7806,78,43,3191,17082.666666666668,3354,1
6,0,1,131508,1,6,4582,8332,71,24,3750,18786.85714285714,1704,1
3,2,1,189089,1,8,945,2007,0,19,1062,21009.88888888889,0,1
9,0,0,135492,4,6,14267,11574,80,78,-2693,19356.0,6240,1
0,0,2,95273,3,4,9150,8059,30,39,-1091,19054.6,1170,1
4,2,2,104026,0,3,5326,5045,74,86,-281,26006.5,6364,2
3,2,1,164371,1,8,4471,4103,0,10,-368,18263.444444444445,0,1
4,1,0,37998,2,0,13415,16973,45,38,3558,37998.0,1710,0
8,1,2,45849,0,2,2446,2965,4,55,519,15283.0,220,0
7,1,2,30110,2,0,7210,7273,74,5,63,30110.0,370,0
4,2,2,99952,0,3,7087,8191,22,47,1104,24988.0,1034,1
4,1,0,39199,2,3,2667,3356,2,48,689,9799.75,96,0
